entry_id,source_text(原文),translation_zh(译文)
dialogue|101|1|Dialogue Text,A sheaf of papers detailing a sacred scenario of the <i>commedia della Sole</i>.,"一叠纸页,详述着<i>太阳喜剧</i>的一出神圣剧目。"
dialogue|101|2|Dialogue Text,[Read],[阅读]
dialogue|101|3|Dialogue Text,"FNORD later we might add choices,FNORD 日后我们或许会添加选项,甚至在首次阅读时带来噩梦。
dialogue|101|4|Dialogue Text,[Reread],[重读]
dialogue|101|5|Dialogue Text,FNORD revisit the outline.,FNORD 回头再看大纲。
dialogue|10|100|Dialogue Text,You are mortal. And ignorant. Nothing you say can approach what a Lantern-long feels.,"你是凡人。而且无知。你说的一切,都无从触及灯之长生者的感受。"
dialogue|10|101|Dialogue Text,We have made our arrangement. I'll keep to my word.,我们已定下约定。我会信守承诺。
dialogue|10|102|Dialogue Text,A pity the [[Mansus]] is barred to us both. We could walk in the Orchard of Lights... but the War in the Sun has denied us that joy. We must take what we can from what's left.,"可惜,[[漫宿]]对我们俩,双双紧闭。我们本可在辉光果园中漫步……但太阳之战,夺走了这份欢愉。我们只能从余下的残迹中,取用所能取的一切。"
dialogue|10|103|Dialogue Text,A pity the [[Mansus]] is barred to us both. I would like to speak more with your heart. It is rare to share [[History]] with one of your kind. But we'll have to make do with what's left.,"可惜,[[漫宿]]对我们俩,双双紧闭。我很想与你的心,再多谈谈。与你这般的人共享[[历史]],实属罕事。但我们只能将就,以余下的残迹度日。"
dialogue|10|104|Dialogue Text,I have what I needed from the doctor - I found it in his dream.,我已从医生那里得到了所需之物——我在他的梦里找到了它。
dialogue|10|105|Dialogue Text,It is good when we open the vaults of the soul. It is good when a secret's revealed.,"当我们打开灵魂的宝库,是好的。当一个秘密被揭示,是好的。"
dialogue|10|106|Dialogue Text,What was Nina doing here?,尼娜在这里做什么?
dialogue|10|107|Dialogue Text,"The witch followed another, as you follow her - an old woman of Raveline blood. I concerned myself not with her beast-taint and curse. But your Nina sought something from her.","那女巫追随着另一个人,正如你追随着她——一位拉韦林血统的老妇人。她的兽污与诅咒,我不曾理会。但你的尼娜,想从她那里得到什么。"
dialogue|10|108|Dialogue Text,My heart thumps uncomfortably. Jealousy? Apprehension? Difficult to be sure.,"我的心,不安地擂动。嫉妒?忧惧?说不准。"
dialogue|10|109|Dialogue Text,"Earlier, you wanted me to look into the scrine. So you could know me, wasn't it? I offer you that.","方才,你想让我望向圣龛。好让你识得我,不是吗?如今,我成全你。"
dialogue|10|10|Dialogue Text,What do you mean? That it isn't the twentieth century everywhere?,你什么意思?难道不是处处都在二十世纪?
dialogue|10|110|Dialogue Text,"You are friendlier now that Sinombre can help? Well, let's call it a change of the heart.","西诺姆布尔能帮上忙了,你就热络起来?唔,就当这是一次心的转变吧。"
dialogue|10|111|Dialogue Text,"[Approach, and look into the scrine.]","[走上前,望向圣龛。]"
dialogue|10|112|Dialogue Text,"Now just let your thoughts wander, now open your eyes. It's so bright, is it not? It's so clear.","现在,只管让你的思绪漫游,现在睁开眼睛。多么明亮,不是吗?多么清澈。"
dialogue|10|114|Dialogue Text,"Who is hollow of spirit and brazen of heart? Who has come here through iron and salt? I know you and name you, Lieutenant S.H. And I'll help you with Aubière's dream.","谁灵魂空洞,谁心肠厚颜?谁穿过铁与盐,来到这里?我认得你,也唤出你的名字,中尉 S.H.。而我,会助你进入奥比埃的梦。"
dialogue|10|115|Dialogue Text,"Use Bosk to brew something that will let me walk in his dreams? That's a good idea, actually.","用丛林学炼制出某种东西,让我得以走进他的梦?这主意,其实不坏。"
dialogue|10|116|Dialogue Text,"Use Ithastry to brew something that will let me walk in his dreams? That's a good idea, actually.","用盗火术炼制出某种东西,让我得以走进他的梦?这主意,其实不坏。"
dialogue|10|117|Dialogue Text,[Leave the matter for now.],[此事暂且放下。]
dialogue|10|119|Dialogue Text,[Shrug] Perhaps.,[耸肩] 也许吧。
dialogue|10|11|Dialogue Text,What do you mean? That it isn't the twentieth century where you're standing?,"你什么意思?难道你站着的地方,不在二十世纪?"
dialogue|10|12|Dialogue Text,Stop it. Or I'll leave you here in the dark.,"住口。不然,我就把你留在这黑暗里。"
dialogue|10|1|Dialogue Text,"Who has come to Sinombre? Whose heart and whose name? Come closer, my dear. Let me see.","是谁来到了西诺姆布尔面前?谁的心,谁的名字?走近些,亲爱的。让我看看。"
dialogue|10|23|Dialogue Text,"You are wise to be wary, my guttering light. But Sinombre is not what she was. Come closer, come closer, look into the scrine... and Sinombre will give you her light.","你懂得提防,是明智的,我这将熄的光。但西诺姆布尔,已不是昔日的她。走近些,再走近些,望向圣龛……西诺姆布尔会把她的光给你。"
dialogue|10|24|Dialogue Text,"You've returned to Sinombre, Lieutenant S.H. And Sinombre is ready to speak.","你回到了西诺姆布尔面前,中尉 S.H.。而西诺姆布尔,已准备好开口。"
dialogue|10|25|Dialogue Text,"Come, cautious petitioner, Sinombre awaits. Let's hear what you bring me today.","来吧,谨慎的请愿者,西诺姆布尔在等着。让我听听,你今天带来了什么。"
dialogue|10|26|Dialogue Text,[The light is compellingly bright. It's difficult to look away. It would be much easier to step closer.],"[那光强烈得摄人心魄。很难移开目光。迈步靠近,要容易得多。]"
dialogue|10|27|Dialogue Text,[Murmur a protective charm.],[低声念出一道护身咒。]
dialogue|10|28|Dialogue Text,[Remain in place through force of will - even if it exhausts me.],[凭意志力留在原地——哪怕耗尽气力。]
dialogue|10|2|Dialogue Text,[Approach.],[走上前。]
dialogue|10|30|Dialogue Text,"[The light doesn't dim, but it seems more remote, and the voice a little flatter. The pressure to approach eases so abruptly that I sway backwards.]","[光没有变暗,却似乎更加遥远,声音也更平了些。那股催促靠近的压力骤然消解,我身形一晃,向后仰去。]"
dialogue|10|31|Dialogue Text,"[The charm falters on my lips, and I find I've taken a step closer.]","[咒语在唇边一顿,我发觉自己已经迈近了一步。]"
dialogue|10|34|Dialogue Text,"Well, have it your own way, you thin scrap of flesh. Stay there in your shadowy muck. We can speak at this distance, like travellers by night. But tell me then, first, what I am.","好吧,随你的便,你这片单薄的肉。就待在你那阴翳的烂泥里吧。隔着这个距离,我们照样可以交谈,就像夜行的旅人。那么,先告诉我,我是什么。"
dialogue|10|37|Dialogue Text,"...and you're trapped in a scrine, here in the Wake, because someone back in the Mansus has destroyed your scrineway. No fulgent would risk staying this long in a scrine of something as impermanent as ice.","……而你被困在醒界的一座圣龛里,因为漫宿之中,有人毁掉了你的龛道。没有哪个辉耀者,会冒险在一座以冰这种无常之物制成的圣龛里,逗留这么久。"
dialogue|10|38|Dialogue Text,...manifesting here in a scrine...of ice?,……在这座圣龛里显形……一座冰做的圣龛?
dialogue|10|39|Dialogue Text,"[A human-height block of something brilliantly luminous, almost hidden beneath a heavy velvet drape. Damp spots on the drape, drops of water on the floor, a hazy chill in the air of the room, all suggest that the 'something' is ice.]","[一块一人高的东西,焕发着璀璨的光芒,几乎整个藏在一块厚重的天鹅绒帷幕之下。帷幕上的湿痕、地板上的水珠、房间里弥漫的寒意,都表明那「东西」是冰。]"
dialogue|10|3|Dialogue Text,[Keep my distance.],[保持距离。]
dialogue|10|40|Dialogue Text,"I'm not going to talk to you like this, Sinombre. It's the twentieth century.","我不会这样跟你说话,西诺姆布尔。如今是二十世纪。"
dialogue|10|41|Dialogue Text,The aristocracy of the old Sun; a power of the Mansus gracing the Wake. [Incline your head.],旧日太阳的贵族;一位驾临醒界的漫宿权柄。[微微颔首。]
dialogue|10|42|Dialogue Text,"When you've learnt all that I have, my petitioner-thing, perspective will grant you new eyes.","等你学尽了我所学的一切,我的请愿之物,眼界自会赐你新的眼睛。"
dialogue|10|43|Dialogue Text,"Sinombre is listening. Tell her what you seek. If it touches her whims, she may help.","西诺姆布尔在聆听。告诉她,你求的是什么。若合她的心意,她或许会帮你。"
dialogue|10|44|Dialogue Text,All right; I'll indulge you.,好吧;我便依你。
dialogue|10|45|Dialogue Text,"It is harder, it's true, since the fall of the Sun. We are none of us all that we were.","确实,自太阳陨落以来,行事愈发艰难。我们之中,谁也不复昔日的自己。"
dialogue|10|46|Dialogue Text,"You are not quite a scholar, but not quite a boor. It will do, for this sliver of day.","你算不上学者,也算不上粗人。于这一隙白昼,已然足够。"
dialogue|10|48|Dialogue Text,[Sinombre's light pulses softly.],"[西诺姆布尔的光,柔和地脉动着。]"
dialogue|10|49|Dialogue Text,"The last witch of Lagash! A traitress, a fraud.","拉格什的末代女巫!一个叛徒,一个骗子。"
dialogue|10|4|Dialogue Text,[Back away.],[退后。]
dialogue|10|50|Dialogue Text,Ah... of course. The compulsion of brass.,啊……当然。黄铜的驱使。
dialogue|10|51|Dialogue Text,You are not the first fool to be snared.,你不是第一个被网住的傻瓜。
dialogue|10|52|Dialogue Text,[Wait impassively. Don't rise to the bait.],[无动于衷地等着。不上钩。]
dialogue|10|53|Dialogue Text,"Don't think you understand my motives, Sinombre.","别以为你看得透我的动机,西诺姆布尔。"
dialogue|10|54|Dialogue Text,"I have seen your poor spirit, remember, S.H. You are bent by the sign of the Gate.","我看过你那可怜的魂灵,记得吗,S.H.。你被「门」的印记压弯了。"
dialogue|10|55|Dialogue Text,"So the wisdom of silence's not lost to the world? That will serve you, perhaps, with the Witch.","这么说,沉默的智慧,还没有在世间失传?这或许能帮到你,在那女巫面前。"
dialogue|10|56|Dialogue Text,"I see deeper, petitioner, than any mere flesh. Have a care what you say in this place.","我看得比任何血肉之躯都深,请愿者。在这个地方说话,当心些。"
dialogue|10|57|Dialogue Text,"None of us are ever really free... but I shouldn't need to tell you that, should I, Sinombre?","我们谁都不会真正自由……不过这话,不必由我来说吧,西诺姆布尔?"
dialogue|10|58|Dialogue Text,"Well, Nina has left us, that much you must know. The Director dreams brightly of why. Would you walk in his dreams, then? To learn of her fate? If you offer me what I must have?","唔,尼娜离开了我们,这一点你必定知晓。至于缘由,院长梦得澄亮。那么,你可愿意走进他的梦里?去探知她的命运?只要你给我,我必需之物?"
dialogue|10|59|Dialogue Text,About the dreams of Dr Aubière.,关于奥比埃医生的梦。
dialogue|10|5|Dialogue Text,"Who is hollow of spirit and brazen of heart? Who has come here through iron and salt? I know you and name you, Lieutenant S.H. Now tell me in turn what I am.","谁灵魂空洞,谁心肠厚颜?谁穿过铁与盐,来到这里?我认得你,也唤出你的名字,中尉 S.H.。现在,轮到你来告诉我,我是什么。"
dialogue|10|60|Dialogue Text,[Sinombre's light pulses avidly.],"[西诺姆布尔的光,急切地脉动起来。]"
dialogue|10|61|Dialogue Text,"Use Nyctodromy to brew something that will let me walk in his dreams? That's a good idea, actually.","用夜游术炼制出某种东西,让我得以走进他的梦?这主意,其实不坏。"
dialogue|10|62|Dialogue Text,Hmf. After so many years I should really have learnt not to fritter my insights away.,"哼。这么多年了,我本当学会,不把自己的洞见随手挥霍。"
dialogue|10|63|Dialogue Text,"I can craft Labrikon with an Unworldly skill, enabling entry to Aubière's dream. Or I can still make an arrangement with Sinombre, if I prefer.","我可以用一项超凡技艺炼制拉布里孔,从而进入奥比埃的梦境。或者,倘若我更愿意,仍可与西诺姆布尔谈成一笔交易。"
dialogue|10|64|Dialogue Text,What price would you accept to take me into the doctor's dream?,"要什么代价,你才肯带我进入医生的梦境?"
dialogue|10|65|Dialogue Text,What safeguards would you offer to take me into the doctor's dream?,"带我进入医生的梦境,你能给出什么保障?"
dialogue|10|66|Dialogue Text,"...actually, never mind.","……罢了,当我没说。"
dialogue|10|67|Dialogue Text,All right. I'm ready to discuss an arrangement to enter the doctor's dreams.,"好吧。我准备好谈一笔交易,以进入医生的梦境。"
dialogue|10|68|Dialogue Text,"Oh, banish your fears, I won't feast on your thoughts. I'll offer the oath you prefer.","噢,收起你的恐惧吧,我不会以你的思绪为食。我会立下你中意的誓言。"
dialogue|10|69|Dialogue Text,[Consider safeguards when dealing with a Lantern-long like this.],"[与这样一位灯之长生者打交道,须得思量些保障。]"
dialogue|10|71|Dialogue Text,[Any number of binding oaths suggest themselves. There are ways to be safe.],"[种种约束性的誓言,纷至沓来。总有些法子,可以保自己周全。]"
dialogue|10|72|Dialogue Text,[She could offer safeguards. She could make promises. But could I really be sure?],[她可以给出保障。她可以许下承诺。可我真的能确信吗?]
dialogue|10|73|Dialogue Text,"I am generous; and always, I'm ready to trust. Only give me your word that you'll help. The next time I find myself needful and lost... I'll call on your services then.","我慷慨大方;而且,我向来愿意信任。只要给我一句话,说你愿意相助。下一次,我若困顿无依……我便来请你出力。"
dialogue|10|74|Dialogue Text,Or if you've found for me the customary gift - then that's easier of course for us both.,"又或者,你为我寻来了惯例的献礼——那我们双方,自然都更省事。"
dialogue|10|75|Dialogue Text,I acknowledge your insight... disparage your tact. We'll agree that it is as you say.,"我认下你的洞见……也看不上你的圆滑。我们姑且同意,事情就如你所说。"
dialogue|10|76|Dialogue Text,"Now just let your thoughts wander, just open your eyes. It's so bright, is it not? It's so clear.","现在,只管让你的思绪漫游,只管睁开你的眼睛。多么明亮,不是吗?多么清澈。"
dialogue|10|77|Dialogue Text,[A moment of peace. Perhaps more than a moment.],"[片刻的安宁。或许,不止片刻。]"
dialogue|10|78|Dialogue Text,I have to go.,我得走了。
dialogue|10|79|Dialogue Text,"But you will not forget me, petitioner mine. Sinombre will dwell in your thoughts.","但你不会忘记我的,我的请愿者。西诺姆布尔,将在你的思绪中栖居。"
dialogue|10|7|Dialogue Text,You're a fulgent. A Lantern-long. A bodiless immortal of the Company of Lights...,你是一名辉耀者。灯之长生者。辉光会社中无形的不朽者……
dialogue|10|80|Dialogue Text,Then you'll offer me what? For the dreams that I'll bring?,"那么,你愿意给我什么?换我带来的梦境?"
dialogue|10|81|Dialogue Text,The traditional payment. [Hold up a spintria.],传统的酬谢。[举起一枚斯宾特里亚。]
dialogue|10|82|Dialogue Text,Our agreement still stands?,"我们的约定,依然算数?"
dialogue|10|83|Dialogue Text,"I am ready to guide you, as we have agreed. Place my name on your lips when you sleep.","我已准备好为你引路,如我们所约。入睡之时,把我的名字置于唇间。"
dialogue|10|84|Dialogue Text,Are you a patient here? Or a prisoner?,你是这里的病人?还是囚徒?
dialogue|10|85|Dialogue Text,"I have doctorates from Leiden, Navarre, and Bonn. I'm a colleague of dear Aubière's.",我在莱顿、纳瓦拉和波恩都取得过博士学位。我是亲爱的奥比埃的同事。
dialogue|10|86|Dialogue Text,Sometimes.,有时候。
dialogue|10|87|Dialogue Text,"You have my promise that I'll help you, the next time that you'll need it.","我向你承诺:下次你需要帮助之时,我会相助。"
dialogue|10|88|Dialogue Text,Wait. I'm not ready after all.,等等。我终究还没有准备好。
dialogue|10|89|Dialogue Text,You are teasing me now. I had thought we were friends. But it seems I am nothing to you.,"你这是在戏弄我了。我原以为,我们已是朋友。可看来,我对你什么都不是。"
dialogue|10|8|Dialogue Text,"You're a Mansus-spirit. And not a well one, or you wouldn't choose to be here in the Sanitarium.","你是漫宿之灵。而且是个不健全的,否则你不会选择待在这疗养院里。"
dialogue|10|90|Dialogue Text,"Uninspiring, but Sinombre takes what she must. Place it under my drape and step back.","平平无奇,但西诺姆布尔,取其所必需。把它放在我的幕布之下,然后退开。"
dialogue|10|91|Dialogue Text,"Ah, my sweet petitioner! How welcome you are; for that promise is all that I need.","啊,我甜蜜的请愿者!真是欢迎之至;因为你那句话,正是我所需的一切。"
dialogue|10|92|Dialogue Text,"Ah, the sweetest of Spencers! How welcome you are; for that promise is all that I need.","啊,最甜蜜的斯宾塞!真是欢迎之至;因为你那句话,正是我所需的一切。"
dialogue|10|93|Dialogue Text,"When you sleep, say my name as you wait for the dark. Once, twice, and a third time, no more.","入睡之时,在等待黑暗之际,念我的名字。一遍,两遍,至第三遍,不可再多。"
dialogue|10|94|Dialogue Text,"[When I lift the drape, the light from beneath is enthrallingly bright. But I place the coin and step back before my mind can drift.]","[我掀开幕布,底下溢出的光令人心神俱醉。但在心神游走之前,我放下钱币,退后一步。]"
dialogue|10|95|Dialogue Text,"I swear that I'll guide you; nor draw from your strength; nor enter where I am not bid. On the [[Watchman]] I swear it, the Door in the Eye, on his robe and his [[Names]] and his light.","我发誓,为你引路;不汲取你的力量;不踏入未受邀请之地。以[[守夜人]]起誓,以瞳中之门、以他的衣袍、他的[[名号]]与他的光起誓。"
dialogue|10|96|Dialogue Text,"I look forward to meeting again on the other side of sleep, shining one.","期待与你在睡眠的彼岸重逢,光辉者。"
dialogue|10|97|Dialogue Text,It must be tedious for you being trapped in this scrine. I hope it's a welcome diversion.,"被困在这座圣龛里,想必十分乏味。但愿,这是个受欢迎的消遣。"
dialogue|10|98|Dialogue Text,Don't keep me waiting.,别让我久等。
dialogue|10|9|Dialogue Text,"Perhaps where you're standing, you hybrid of mirk.","或许,在你站着的地方是这样,你这幽暗的杂种。"
dialogue|11|10|Dialogue Text,[Show French passport] Sylvain Huissier.,[出示法国护照] 西尔万·韦西耶。
dialogue|11|11|Dialogue Text,[The big man dangles the passport from one corner between finger and thumb. He inspects it without interest.],"[大汉用拇指和食指捏着护照一角,让它悬着。他毫无兴致地检视它。]"
dialogue|11|12|Dialogue Text,This is not the Republic. Your papers are worthless.,这里不是共和国。你的证件一文不值。
dialogue|11|13|Dialogue Text,This is becoming tiresome. I'm not a man you want to cross. Take me to the Director.,这可越来越让人生厌了。我可不是你想招惹的人。带我去见院长。
dialogue|11|14|Dialogue Text,"Please, monsieur. I'm sorry to be a nuisance, but I really only need a moment of his time. And I don't want to waste any more of yours. [Offer my warmest smile.]","求您了,先生。抱歉打扰您,但我真的只需要他片刻时间。我也不想再浪费您的时间。[献上我最热诚的微笑。]"
dialogue|11|15|Dialogue Text,[The big man folds his arms. He neither moves nor changes expression.],"[大汉抱起双臂。他不动,表情也不变。]"
dialogue|11|16|Dialogue Text,But now she is gone.,但她如今不在了。
dialogue|11|18|Dialogue Text,You strike me as a man who understands the value of his time. Let me put a number to that value. [20 francisques],我看您是懂得自己时间价值的人。让我给这价值标一个数。[20 法兰西斧币]
dialogue|11|19|Dialogue Text,The Director might know. I do not. This is not a library. It is not a bureau of information.,"院长或许知道。我不知道。这里不是图书馆,也不是情报处。"
dialogue|11|20|Dialogue Text,"[The big man softens, just a little. It is after all a golden kind of afternoon.]","[大汉缓和了一些,只有一点点。毕竟这是个金光灿灿的下午。]"
dialogue|11|21|Dialogue Text,Then I'd like to speak to the Director.,那我还是要和院长谈谈。
dialogue|11|22|Dialogue Text,"[I hold the big man's gaze steadily. He gnaws at the inside of his cheek, suddenly uneasy.]","[我稳稳地迎上大汉的目光。他咬起脸颊内侧,忽然有些不安。]"
dialogue|11|23|Dialogue Text,"I will know who you are, and what you're doing here.","我会弄清楚你是谁,以及你在这里做什么。"
dialogue|11|24|Dialogue Text,"[The big man folds the money away with an air of complacent virtue. He is pleased, clearly, that the value of his time has been recognised.]","[大汉带着一副自得的美德气派,把钱收了起来。显然他很满意,自己时间的价值终于得到了承认。]"
dialogue|11|25|Dialogue Text,[The big man scoffs.] 'I am not to be bought.' [He glances around to reassure himself that his virtue has been registered.],"[大汉嗤笑一声。]『我可不是能被收买的。』[他环顾四周,好确认自己的美德已被看在眼里。]"
dialogue|11|26|Dialogue Text,[The night knows there is some small risk in sharing my name. But there may be no other way forward here.],"[夜深知,说出自己的名字有些许风险。但眼下或许没有别的路可走。]"
dialogue|11|27|Dialogue Text,"The Director is in his office. Over there, by the stairs.","院长在他的办公室里。那边,楼梯旁。"
dialogue|11|30|Dialogue Text,Finally.,终于。
dialogue|11|31|Dialogue Text,[Mathis steps back to let me pass.],"[马蒂斯退后一步,让我过去。]"
dialogue|11|32|Dialogue Text,"You have a name that opens doors, Monsieur 'obson.","您有一个能开门道的名字,奥布森先生。"
dialogue|11|33|Dialogue Text,The big man reaches out for the passport.,大汉伸手来拿护照。
dialogue|11|34|Dialogue Text,[Let him take it.],[让他拿去。]
dialogue|11|35|Dialogue Text,[Hold it just out of reach.],[举在他够不着的地方。]
dialogue|11|36|Dialogue Text,"[He scrutinises the passport, eyes crinkling, lips moving slightly. He hands it back to me.]","[他细看护照,眼角皱起,嘴唇微微翕动。他把护照递还给我。]"
dialogue|11|37|Dialogue Text,"[He scowls, but makes no attempt to snatch it. Instead he scrutinises it, eyes crinkling, lips moving slightly.]","[他皱起眉,却并不来夺。他只是细看护照,眼角皱起,嘴唇微微翕动。]"
dialogue|11|38|Dialogue Text,"Regrettably I have none, but I think the Director will want to see me nevertheless.","很遗憾,我没有。但我相信院长仍然会想见我。"
dialogue|11|39|Dialogue Text,Listen to the music warbling from the radio.,听收音机里婉转流出的乐声。
dialogue|11|3|Dialogue Text,I need to speak with the Director.,我要见院长。
dialogue|11|40|Dialogue Text,"A poignant, graceful jazz piece - guitar, violin, double bass? -with a driving rhythm that somehow seems stately - almost like a waltz.","一首凄美优雅的爵士——吉他、小提琴、低音提琴?——节奏强劲,却不知为何透着庄严——几乎像一首华尔兹。"
dialogue|11|41|Dialogue Text,Is that... Reinhardt? Grappelli? I don't know it.,那是……莱因哈特?格拉佩利?我没听过这首。
dialogue|11|44|Dialogue Text,"You know Reinhardt, but you don't know 'Nuages'?","你知道莱因哈特,却不知道《云》?"
dialogue|11|46|Dialogue Text,What was it you wanted?,您想要什么来着?
dialogue|11|47|Dialogue Text,Take time to examine the radio.,花点时间细看这台收音机。
dialogue|11|48|Dialogue Text,"Lambent brass, and black bakelite shiny as a beetle's carapace. A handsome bit of kit. And remarkably portable - less than two feet across. It's branded with a crown, and the words ZENITH TRANS-OCEANIC.","黄铜泛着柔光,黑色电木亮得像甲虫的鞘翅。一件漂亮的机子。而且出奇地便携——宽不到两英尺。上面印着一顶王冠,以及 ZENITH TRANS-OCEANIC 的字样。"
dialogue|11|49|Dialogue Text,"Lambent brass, and black bakelite shiny as a beetle's carapace. A handsome bit of kit. And remarkably portable - less than two feet across.","黄铜泛着柔光,黑色电木亮得像甲虫的鞘翅。一件漂亮的机子。而且出奇地便携——宽不到两英尺。"
dialogue|11|4|Dialogue Text,I'm expected.,有人等着见我。
dialogue|11|51|Dialogue Text,I knew one of the clubs he used to play. Chez Bricktop. I've been away a long time... but you don't forget Reinhardt. This must be new?,"他以前常演的俱乐部,我知道一家——布里克托普之家。我离开太久了……但莱因哈特是忘不掉的。这首一定是新作?"
dialogue|11|52|Dialogue Text,That's what I said. Is it new?,我正想问呢。是新作吗?
dialogue|11|53|Dialogue Text,No. You don't forget Reinhardt.,不。莱因哈特是忘不掉的。
dialogue|11|54|Dialogue Text,"When the [[Enemy]] was in Paris, Reinhardt wrote this. They had little affection for swing, the Enemy. So Reinhardt was careful. So this isn't precisely swing...","[[敌人]]在巴黎时,莱因哈特写了这首。敌人对摇摆乐没什么好感。所以莱因哈特很小心。所以这首并不算是严格的摇摆乐……"
dialogue|11|55|Dialogue Text,The blond man is watching me impatiently.,金发男人正不耐烦地看着我。
dialogue|11|56|Dialogue Text,That's [[Incorporate]] manufacture. An American import. There can't be many of those in France - either the [[State]] or the [[Republic]].,那是[[集团]]的产品。美国进口货。在法国——无论是[[邦国]]还是[[共和国]]——这种东西都不会有多少。
dialogue|11|58|Dialogue Text,A large blond gentleman in orderly's whites blocks the hallway listening to a portable radio. He raises his eyes to regard me without enthusiasm. ,"一位高大的金发先生穿着护理员的白衣,堵在走廊里,听着便携收音机。他抬起眼,不带热忱地打量我。"
dialogue|11|5|Dialogue Text,Lagasse. Of course.,拉加斯。当然。
dialogue|11|61|Dialogue Text,Some sort of jazz? Pretty.,某种爵士?不错。
dialogue|11|65|Dialogue Text,DEBUG: EARLY EXIT,DEBUG: EARLY EXIT
dialogue|11|66|Dialogue Text,"[Mathis blinks slowly in response to my curtness. With insolent deliberation, he steps back to let me pass.]","[马蒂斯对我生硬的回应缓缓眨了眨眼。他带着傲慢的从容,退后一步让我过去。]"
dialogue|11|67|Dialogue Text,[Turn to the radio. Silence it with a pale phrase.],[转向收音机。用一个苍白的短句让它归于寂静。]
dialogue|11|69|Dialogue Text,"[The radio crackles, and fades abruptly to silence. The hall seems chillier. Mathis' eyes widen, and he takes a step back.]","[收音机噼啪作响,骤然淡去,归于寂静。走廊似乎更冷了。马蒂斯睁大眼睛,退了一步。]"
dialogue|11|6|Dialogue Text,Then you must surely have an appointment.,那您想必有预约。
dialogue|11|70|Dialogue Text,"[The radio crackles and begins to fade... but almost immediately recovers. Mathis frowns, puzzled.]","[收音机噼啪作响,开始变弱……但几乎立刻又恢复过来。马蒂斯皱着眉,一脸困惑。]"
dialogue|11|71|Dialogue Text," She makes an impression, Mlle Lagasse.","她给人留下深刻印象,拉加斯小姐。"
dialogue|11|74|Dialogue Text,"The Director awaits, m'sieu.","院长在等您,先生。"
dialogue|11|75|Dialogue Text,"[Bricktop's.... like a lit window across a wide river, that memory.]","[布里克托普之家……那记忆,像宽阔河对岸一扇亮着灯的窗。]"
dialogue|11|76|Dialogue Text,[Onwards.],[继续前行。]
dialogue|11|7|Dialogue Text,I need no appointment. My business is of the highest importance.,我不需要预约。我要办的事至关重要。
dialogue|11|8|Dialogue Text,Tell me your name.,报上你的名字。
dialogue|11|9|Dialogue Text,[Show British passport] My name is Spencer Hobson.,[出示英国护照] 我叫斯宾塞·霍布森。
dialogue|12|100|Dialogue Text,"Good luck, then! You'll find it a lot stranger than the Légion. And the Légion was pretty strange, hey? [He chortles.]","那就祝你好运!你会发现这里比军团怪得多。而军团已经够怪的了,嗯?[他咯咯笑着。]"
dialogue|12|101|Dialogue Text,"On the other side of this curtain... well, you know about that already. I'll stay here.","这道帘子的另一边……嗯,你已经知道了。我就待在这儿。"
dialogue|12|102|Dialogue Text,"On the other side of this curtain... well residents are allowed to talk to each other, so go in there if you're feeling brave.","这道帘子的另一边……嗯,住客之间是允许交谈的,所以你要是胆子够大,就进去吧。"
dialogue|12|103|Dialogue Text,What do you mean?,你什么意思?
dialogue|12|104|Dialogue Text,Sorry. Can't talk about... it. Gives it power. But you'll be fine. It won't hurt another resident.,抱歉。不能说……它。说了会给它力量。不过你会没事的。它不会伤害别的住客。
dialogue|12|105|Dialogue Text,"See you about, <i>chef!</i>","回头见,<i>头儿</i>!"
dialogue|12|106|Dialogue Text,Ask! It gets lonely up here.,问吧!这上头怪冷清的。
dialogue|12|107|Dialogue Text,"Poor old fool. I don't know if he wants to be cured or not. Don't think he can be, course. I've never seen someone stop going [[Cross]].","可怜的老傻瓜。我不知道他到底想不想被治愈。当然,我想他也治不好。我从没见过有人能中止走向介壳种的。"
dialogue|12|108|Dialogue Text,The whole business is making him... surly. No sense of humour.,这整档子事让他变得……乖戾。一点幽默感也没有了。
dialogue|12|109|Dialogue Text,Do you know Rodia?,你认识罗迪娅吗?
dialogue|12|110|Dialogue Text,What do you think of Dr Aubière?,你觉得奥比埃医生怎么样?
dialogue|12|111|Dialogue Text,"He's, ehh... I've known worse. Pay's good, and it's stinking hard to find work since the War, you know? Especially somewhere like this. The sun still shines. The rain doesn't burn. No difficult dead.","他嘛,呃……我见过更差的。薪水不错,而且战后这日子,想找份活儿难得很,你知道吧?尤其是这种地方。阳光照样照耀。雨水不会灼人。也没有难缠的死人。"
dialogue|12|112|Dialogue Text,You mean your employer? And mine? Nothing I'd care to air. [Vincent winks.],你是说你的雇主?也是我的?没什么我想声张的。[文森特挤挤眼。]
dialogue|12|113|Dialogue Text,How do you get on with Mathis?,你跟马蒂斯处得怎么样?
dialogue|12|114|Dialogue Text,Your friend behind the curtain...,帘子后面你的那位朋友……
dialogue|12|115|Dialogue Text,"Not <i>my</i> friend. Listen, <i>chef</i>, I'd rather not talk about it.","不是<i>我的</i>朋友。听着,<i>头儿</i>,我宁愿不谈那事。"
dialogue|12|116|Dialogue Text,"[Vincent leans forward and whispers:] It got into my dreams, last time.","[文森特探过身来,低声说:]上次,它钻进了我的梦里。"
dialogue|12|117|Dialogue Text,Plenty else to talk about.,"别的事多得很,够聊的。"
dialogue|12|118|Dialogue Text,"Know her, love her! Heart of a lioness, voice of a lark.","认识她,也敬爱她!母狮般的心,百灵鸟般的嗓子。"
dialogue|12|119|Dialogue Text,"She misses her country, and her husband. But I don't know how much is left of those - either of them - and she likes it here. 'Out of the cold,' she says. And the doctor is helping her with the pain.","她想念她的祖国,还有她的丈夫。但我不知道那两者还剩下多少——无论是哪个——而她喜欢这里。「远离寒冷,」她这么说。医生也在帮她缓解疼痛。"
dialogue|12|11|Dialogue Text,...so it takes me a few moments to recognise him. He's quicker off the mark.,……于是我花了好一会儿才认出他。他却更快认出了我。
dialogue|12|120|Dialogue Text,I don't think she expects ever to leave the Sanitarium alive. Stinking shame.,我看她没指望自己能活着离开疗养院。真他妈的可惜。
dialogue|12|121|Dialogue Text,How about Bessy?,那贝茜呢?
dialogue|12|122|Dialogue Text,"Lovely girl, Bessy. I'm not her type, though.",贝茜是个好姑娘。可惜不是我的类型。
dialogue|12|123|Dialogue Text,"I told you: it got into my dreams once already. It's hard to get it out once it's in there, you know?","我跟你说过:它已经钻进过我的梦里一次了。一旦进了去,就很难把它赶出来,你懂吧?"
dialogue|12|124|Dialogue Text,"Not the friendliest, you know? But he's all right once you get to know him.","不算最友善,你知道吧?不过熟了之后他还行。"
dialogue|12|125|Dialogue Text,"He ran with the <i>zazous</i>, you know? In Paris, during the [[Enemy]] occupation.","他跟那群<i>扎祖青年</i>混过,你知道吧?在巴黎,敌人占领时期。"
dialogue|12|126|Dialogue Text,"Ask him about rue Pigalle some time. If he likes you, he might share some stories.","改天问问他皮加勒街的事。要是他喜欢你,也许会讲上几段故事。"
dialogue|12|127|Dialogue Text,"Maybe she likes 'em <i>intellectual</i>, or maybe she's one of <i>those</i>. Maybe both!","也许她喜欢<i>斯文型</i>的,又或者她是<i>那种人</i>。也许两者都是!"
dialogue|12|128|Dialogue Text,"We have a good laugh, though. Lovely girl...",不过我们处得很开心。多好的姑娘……
dialogue|12|129|Dialogue Text,You like it here?,你喜欢这儿吗?
dialogue|12|130|Dialogue Text,You know. You take what you can get. Better than sleeping on the ground. Or in a barn. Or in a ditch waiting for the spidermist to get me. Or even the barracks back in Ghardaïa. ,你知道的。有什么就凑合什么。总比睡在地上强。比睡在谷仓里强。也比躺在沟里等蜘蛛雾来收拾我强。甚至比加达亚军营里的日子强。
dialogue|12|131|Dialogue Text,"Wish they'd put me back downstairs, though. I don't know how much more of this I can take.","不过,我倒希望他们把我调回楼下。我不知道自己还能撑多久。"
dialogue|12|132|Dialogue Text,So it could be a lot worse. But I never know what's going on behind his eyes. You know what I mean.,"所以说,本来还能糟得多。可我从不知道他那双眼睛后面藏着什么。你明白我的意思。"
dialogue|12|133|Dialogue Text,The world's a big place...,这世界大得很……
dialogue|12|134|Dialogue Text,I can imagine...,可以想见……
dialogue|12|135|Dialogue Text,"It's true. Strathcoyne won't shut up about the [[Incorporate]] states. He's just waiting for his papers to come through. And I know Europe... well, Europe's on the way out. But when it goes, I'll be here to see it go.","千真万确。斯特拉斯科因整天念叨集团诸邦,没完没了。他正等着他的证件批下来。而我知道欧洲……嗯,欧洲气数将尽。可等它完了,我会亲眼看着它完。"
dialogue|12|136|Dialogue Text,"Brr! That's what you turn to thinking, when you spend all day in the dark.","咝!整天待在黑暗里,你就会开始想这些。"
dialogue|12|137|Dialogue Text,Her name is [[Nina Lagasse]]... and I'm certain you'd remember her.,她的名字叫尼娜·拉加斯……而且我敢肯定你一定记得她。
dialogue|12|138|Dialogue Text,Do I. Do I ever. ,记得。岂止是记得。
dialogue|12|139|Dialogue Text,[Vincent shivers - though with what emotion is not immediately obvious.],"[文森特打了个寒颤——至于那是出于何种情绪,一时还看不分明。]"
dialogue|12|13|Dialogue Text,"Lieutenant - Lieutenant [[Huissier]]! It's you, damn your eyes! [Vincent is grinning.]","中尉——韦西耶中尉!是你,真见鬼![文森特咧嘴笑着。]"
dialogue|12|142|Dialogue Text,Actually - I'll talk to you later.,其实——我回头再跟你聊。
dialogue|12|14|Dialogue Text,"Vincent - Vincent Chraibi! In my Légion du Seuil days, we were posted together to watch the Bounds in Algeria. I remember that Vincent was a bit of a scoundrel. But a lot of us were scoundrels, in the Légion. And the two of us always got on.","文森特——文森特·沙莱比!我还在门关军团时,我们曾一同被派驻阿尔及利亚看守边界。我记得文森特有点无赖习气。但在军团里,无赖者大有人在。而且我们俩一直处得来。"
dialogue|12|15|Dialogue Text,"Come to think of it, I saved his leg.","说起来,我还救过他的腿。"
dialogue|12|16|Dialogue Text,Vincent. How's the leg?,文森特。腿怎么样了?
dialogue|12|17|Dialogue Text,"It's, ah... Hobson now. Spencer Hobson.","是,呃……如今是霍布森了。斯宾塞·霍布森。"
dialogue|12|18|Dialogue Text,"Call me Sylvain, Vincent. You're out of the Légion too.","叫我西尔万吧,文森特。你也离开军团了。"
dialogue|12|19|Dialogue Text,"Sylvain. All right, <i>chef</i>. [Vincent chortles.]","西尔万。好的,<i>头儿</i>。[文森特咯咯笑着。]"
dialogue|12|20|Dialogue Text,"Only bad in bad weather. So I stay on this side of the park, hey?","只有遇上坏天气才疼。所以我待在这公园的这一边,嗯?"
dialogue|12|21|Dialogue Text,"Huh. All right. I remember you talked in your sleep, in English.","嚯。行吧。我记得你说梦话,说的是英语。"
dialogue|12|22|Dialogue Text,Weren't you dead? What are you doing here?,你不是死了吗?你在这儿做什么?
dialogue|12|24|Dialogue Text,I'm looking for someone.,我在找一个人。
dialogue|12|25|Dialogue Text,Can I trust you?,我能信你吗?
dialogue|12|26|Dialogue Text,Sylvain. Going somewhere?,西尔万。要出远门?
dialogue|12|27|Dialogue Text,Spencer. Going somewhere?,斯宾塞。要出远门?
dialogue|12|29|Dialogue Text,Out.,出去。
dialogue|12|30|Dialogue Text,Away. Is that likely to cause difficulties for you?,离开。这会给你带来麻烦吗?
dialogue|12|31|Dialogue Text,Don't get in my way.,别挡我的路。
dialogue|12|32|Dialogue Text,Wouldn't dream of it. I was going to offer my help. Want company?,想都不会想。我正想助你一臂之力。要个伴吗?
dialogue|12|33|Dialogue Text,"Heavens, no. Want company?","老天,可别。要个伴吗?"
dialogue|12|34|Dialogue Text,Picking flowers.,采花。
dialogue|12|35|Dialogue Text,Want company? I'll lend a hand with the flowers.,要个伴吗?我来帮你采花。
dialogue|12|36|Dialogue Text,Want company?,要个伴吗?
dialogue|12|39|Dialogue Text,All right. [Gain Vincent's positive Skill modifiers.],好。[获得文森特的正面技艺修正。]
dialogue|12|40|Dialogue Text,"Don't you want to know more about where I'm going, first?",你难道不想先多了解我要去哪儿吗?
dialogue|12|41|Dialogue Text,I'm not sure about this.,我拿不准这事。
dialogue|12|42|Dialogue Text,All right!,好嘞!
dialogue|12|43|Dialogue Text,"[Vincent has joined you as a companion, and will assist with Skill challenges where he can.]","[文森特已成为你的同伴,会在力所能及处协助你应对技艺挑战。]"
dialogue|12|44|Dialogue Text,Easily bored. You remember me. And there are people here I don't like so much.,容易无聊。你还记得我。而且这里有些我不太喜欢的人。
dialogue|12|45|Dialogue Text,Did Aubière put you up to this? Are you spying on me?,是奥比埃指使你的吗?你在监视我?
dialogue|12|46|Dialogue Text,"It'll be dangerous, where I'm going.",我要去的地方会很危险。
dialogue|12|47|Dialogue Text,[Vincent guffaws.] My lieutenant - we were in the Légion!,[文森特放声大笑。]我的中尉——我们可是在军团里待过的人!
dialogue|12|48|Dialogue Text,Are we going back to Algeria?,我们要回阿尔及利亚吗?
dialogue|12|50|Dialogue Text,Good. I don't want to go back to Algeria.,那就好。我可不想回阿尔及利亚。
dialogue|12|51|Dialogue Text,"Oh, my friend, I only wish monsieur le docteur would pay me enough to spy on you.","哦,我的朋友,我倒希望那位医生先生付得起让我监视你的钱呢。"
dialogue|12|52|Dialogue Text,"Travelling light, is it?","轻装上路,是吧?"
dialogue|12|54|Dialogue Text,All right. But call me Spencer. That's my name now. Spencer Hobson. [Gain Vincent's positive Skill modifiers.],好。但叫我斯宾塞。这是我现在的名字。斯宾塞·霍布森。[获得文森特的正面技艺修正。]
dialogue|12|57|Dialogue Text,Sylvain!,西尔万!
dialogue|12|58|Dialogue Text,Spencer!,斯宾塞!
dialogue|12|59|Dialogue Text,Vincent. Can I ask you some questions?,文森特。我能问你几个问题吗?
dialogue|12|66|Dialogue Text,Tell me about Strathcoyne.,跟我说说斯特拉斯科因。
dialogue|12|67|Dialogue Text,"Mathis and I started calling that arm of his 'Annabelle'. I don't know if he overheard us. I stay out of his way now, when I can.",我和马蒂斯开始把他那只胳膊叫作「安娜贝尔」。不知道他有没有偷听到。现在能躲我就躲着他走。
dialogue|12|68|Dialogue Text,Did I tell you? Mathis and I started calling that arm of his 'Annabelle'. I don't think he likes that.,我跟你说过吗?我和马蒂斯把他那只胳膊叫作「安娜贝尔」。我觉得他不喜欢这样。
dialogue|12|69|Dialogue Text,"A wiry, handsome man. His eyes are hidden behind smoked-glass goggles, rather like something an arc-welder might wear.","一个精瘦英俊的男人。双眼藏在烟熏玻璃护目镜后面,像极了电焊工戴的那种东西。"
dialogue|12|70|Dialogue Text,My heart pounds in dismay.,我的心因惊惶而怦怦直跳。
dialogue|12|71|Dialogue Text,The night is entertained...where it can find its place in the shadowless sanitarium. It speculates how it would be if I were alone again.,"夜色自得其乐……在无影的疗养院里,它也能寻到自己的位置。它揣想着,若我再度孤身一人,会是何种光景。"
dialogue|12|72|Dialogue Text,Reconsider -,再想想——
dialogue|12|75|Dialogue Text,"Course you can. Once a Legionnaire, always a Legionnaire. <i>'Honneur et Humanité'</i>, remember?","当然可以。一日为军团兵,终身为军团兵。<i>「荣誉与人性」</i>,还记得吗?"
dialogue|12|76|Dialogue Text,Oho! A woman? Bet it's a woman.,哦嚯!是个女人?我打赌是个女人。
dialogue|12|77|Dialogue Text,Yes. But it's not what you think.,没错。但不是你想的那样。
dialogue|12|78|Dialogue Text,"Not dead, but not far off dead.","没死,但离死也不远了。"
dialogue|12|79|Dialogue Text,"It's been rough, hasn't it? You see much action?",这些年不好过吧?见过不少大场面?
dialogue|12|80|Dialogue Text,No. Thankfully.,没有。谢天谢地。
dialogue|12|81|Dialogue Text,No. But not through choice.,没有。但并非出于选择。
dialogue|12|82|Dialogue Text,"Who is she, then? What is she to you?",那她是谁?她跟你有什么关系?
dialogue|12|84|Dialogue Text,Who is she to me? I've never met her. But her name is [[Nina Lagasse]].,她跟我有什么关系?我从未见过她。但她名叫尼娜·拉加斯。
dialogue|12|85|Dialogue Text,Yes. There's something I need from her.,是的。我有样东西要从她那儿得到。
dialogue|12|86|Dialogue Text,"Yeah, she was here. Not long ago. Don't know where she went. I'll keep my ears open, though, <i>chef</i>. What I know, you'll know.","是啊,她来过这儿。没多久以前。不知道她去了哪儿。不过我会竖起耳朵听着的,<i>头儿</i>。我知道的,你都会知道。"
dialogue|12|87|Dialogue Text,"Thanks, Vincent. ","谢了,文森特。"
dialogue|12|88|Dialogue Text,"The moment you hear <i>anything</i>, yes?","你一听到<i>任何</i>风声,就来告诉我,好吗?"
dialogue|12|89|Dialogue Text,I'm glad to find you here.,我很高兴在这儿遇见你。
dialogue|12|90|Dialogue Text,"It's nothing, <i>chef</i>.","这不算什么,<i>头儿</i>。"
dialogue|12|91|Dialogue Text,"You too, <i>chef</i>.","你也是,<i>头儿</i>。"
dialogue|12|92|Dialogue Text,Course. [Vincent looks faintly hurt.],当然。[文森特神情略显受伤。]
dialogue|12|94|Dialogue Text,Listen. Are you a visitor? Resident? Staff?,听着。你是访客?住客?还是工作人员?
dialogue|12|95|Dialogue Text,Resident.,住客。
dialogue|12|96|Dialogue Text,Resident... for now.,住客……暂时是。
dialogue|12|97|Dialogue Text,[Lie] Staff.,[撒谎]工作人员。
dialogue|12|98|Dialogue Text,I think I'm a visitor. Aubière thinks I'm a resident.,我觉得我是访客。奥比埃觉得我是住客。
dialogue|12|99|Dialogue Text,"Welcome, then! ",那就欢迎你了!
dialogue|13|100|Dialogue Text,Do you regret coming here?,你后悔来这儿吗?
dialogue|13|101|Dialogue Text,"I could be in a camp. Or lost to flowers. Or foundered in a pit of bones. [She gestures with her cigarette.] And so I think, this place is not so bad. Here's my advice. Be the good doctor's guest; and be my company in the sun.","我本可能待在营地里。或迷失于繁花。或沉没于骸骨之坑。[她拿香烟比了个手势。] 所以我想,这地方还不算太糟。这是我的忠告:当好医生的座上宾,也做我日光下的伴侣。"
dialogue|13|102|Dialogue Text,"The Plague of Leaves - but first the civil war. [[Icarians]] made a stronghold of our Epirus. I sang for them; so when the King's men took the city, it went hard for me.","叶疫——但在那之前,是内战。[[伊加利亚人]]把我们的伊庇鲁斯变成了据点。我曾为他们歌唱;所以当国王的人马攻陷城邦时,我便遭了殃。"
dialogue|13|103|Dialogue Text," [She stubs her cigarette out, viciously, lights another.]","[她狠狠掐灭香烟,又点上一支。]"
dialogue|13|104|Dialogue Text,"But Rodia's name has weight. I made my mark with battle-songs, you know? Against the [[Enemy]]. And I stayed free, when royalists were arresting [[Icarians]].","但罗迪娅的名字,是有分量的。我是靠战歌闯出的名头,你知道吗?对抗[[敌人]]的战歌。当保皇党人逮捕[[伊加利亚人]]时,我依然自由。"
dialogue|13|105|Dialogue Text,You're an Icarian?,你是伊加利亚人?
dialogue|13|106|Dialogue Text,"A patriot first, then everything besides. Against the [[Enemy]], we had no help - except, that is, the Stars and [[Ministries]]. Our idiot King had fled, but now he thinks the throne is his to claim again, with British help -","先是爱国者,然后才是其他一切。对抗[[敌人]]之时,我们得不到任何援助——除了,也就是说,群星与[[联盟]]。我们那个蠢国王早就逃了;可如今,他以为有英国人撑腰,王位又可以由他认领了——"
dialogue|13|107|Dialogue Text,"Oh, pilgrim, look at what you've done to me. I'm talking politics - although I promised that I never would again. Another promise broken.","噢,巡礼者,看看你把我变成了什么样。我在谈政治——尽管我发过誓,再也不谈了。又一个誓言,被打破了。"
dialogue|13|108|Dialogue Text,Enough about Greece for now.,"希腊的事,先说到这里吧。"
dialogue|13|109|Dialogue Text,Stay.,留下吧。
dialogue|13|10|Dialogue Text,[Bow my head and withdraw.],"[低下头,退开。]"
dialogue|13|112|Dialogue Text,'Your Candleflame'? 'Let Me Be Forgotten?',「你的烛焰」?「让我被遗忘」?
dialogue|13|113|Dialogue Text,Her eyes flicker to my dressing-gown; she looks faintly amused.,"她的目光瞟向我的睡袍;她看起来,有几分忍俊不禁。"
dialogue|13|114|Dialogue Text,"Be careful, [[pilgrim]]! When a gentleman comes calling dressed like that - a lady might misunderstand his aims.","当心些,[[巡礼者]]!一位绅士,穿着那样登门拜访——女士可是会误解他的来意的。"
dialogue|13|115|Dialogue Text,Rodia grins.,罗迪娅咧嘴一笑。
dialogue|13|11|Dialogue Text,A new twist for our little exile knot! My name is Rodia; welcome to this house.,我们这流亡小圈子里来了新变化!我叫罗迪娅;欢迎来到这所房子。
dialogue|13|14|Dialogue Text,Rodia's smile becomes more sardonic. She raises her skirt a little.,罗迪娅的笑容更带讥诮。她稍稍撩起裙子。
dialogue|13|15|Dialogue Text,Does it hurt?,疼吗?
dialogue|13|16|Dialogue Text,"[Her calves are furred with mosses and spotted with lichens. Beneath that, her skin is glossy, but with dashed lines and bumps, like the bark of an olive tree. Her feet are bare: below her ankles, the effect is even more marked, and her flesh has begun to curl like roots.]","[她的小腿覆着苔藓的绒毛,缀着地衣的斑点。底下,她的皮肤泛着光泽,却布满断线般的纹路和隆起,像橄榄树的树皮。她赤着脚:脚踝以下,那种变化更加明显,她的血肉已开始像根须一样卷曲。]"
dialogue|13|17|Dialogue Text,Move even closer; bend down to examine her skin in detail.,"再靠近些;俯下身,细细端详她的皮肤。"
dialogue|13|19|Dialogue Text,The wood of the chair has begun to bow and twist yearningly towards the flesh of her legs... the magazine is also crinkled with green where her hand touches it.,"椅子的木头已开始弯折扭转,渴望地朝她双腿的血肉倾去……她手触到的那本杂志也泛起绿意,起了皱褶。"
dialogue|13|20|Dialogue Text,The wood of the chair has begun to bow and twist yearningly towards the flesh of her legs.,"椅子的木头已开始弯折扭转,渴望地朝她双腿的血肉倾去。"
dialogue|13|22|Dialogue Text,"[Rodia sighs, very softly.]",[罗迪娅轻轻地叹了口气。]
dialogue|13|23|Dialogue Text,"The other hand, however, the one holding her cigarette, is almost clear of greenery.","然而,另一只手——夹着香烟的那只——几乎不见草木滋生。"
dialogue|13|24|Dialogue Text,"My little vice protects me, so it seems. Tobacco's poisons - so our doctor says - purge animalcules from my tainted skin... and we all know the deep wood fears the fire.","我这点小恶习,似乎护住了我。烟草的毒素——我们那位医生说的——能从我受染的皮肤上清除微生物……而众所周知,深林畏火。"
dialogue|13|25|Dialogue Text,The looking first; perhaps the listening next? One question is enough.,"先是打量;接下来,兴许是聆听?一个问题,足矣。"
dialogue|13|26|Dialogue Text,How did it happen?,这是怎么发生的?
dialogue|13|27|Dialogue Text,Do you flower?,你会开花吗?
dialogue|13|28|Dialogue Text,"My pilgrim. When a lady's seen the dawn, she's earned the right not to be questioned in on the dew. D'you follow me?","我的巡礼者。一位女士既已见过黎明,便有资格不被盘问晨露之事。你明白我的意思吗?"
dialogue|13|29|Dialogue Text,"The Plague of Leaves: it came to Epirus. It took the streets, the churches, then our flesh. We fled in sorrow, or we joined the green. But some of us did not leave when we might. ","叶疫:它降临伊庇鲁斯。它夺走街道、教堂,然后是我们的血肉。我们或含悲逃离,或融入那片绿意。但我们之中有些人,本该离开时却没有走。"
dialogue|13|2|Dialogue Text,"Come in, my [[pilgrim]]; let's hear all your news.","进来吧,我的[[巡礼者]];让我们听听你所有的见闻。"
dialogue|13|30|Dialogue Text,"The Plague of Leaves? Perhaps. But none has yet. In Epirus, its spores are precious in our flesh. But here, they do not make their homes in us.","叶疫?也许吧。但至今还没有人染上。在伊庇鲁斯,它的孢子在我们血肉中弥足珍贵。但在这里,它们不会在我们体内安家。"
dialogue|13|31|Dialogue Text,"The Plague of Leaves? A little. When I rise. No wood is quite so pliable as flesh. And so I rarely venture from this room. My view is charming, but I tire of it. And so I greet all visitors as friends. Even the ones like Fraser and his pet.","叶疫?有一点。在我起身的时候。没有哪种木头,像血肉这般柔韧。所以我很少离开这间屋子。窗景迷人,可我也看腻了。因此,我把所有访客都当作朋友。连弗雷泽和他那只「宠物」也不例外。"
dialogue|13|34|Dialogue Text,You don't like Strathcoyne?,你不喜欢斯特拉斯科因?
dialogue|13|35|Dialogue Text,Why don't you tell me some diverting thing?,"你何不跟我讲讲,什么解闷的事?"
dialogue|13|36|Dialogue Text,"[A look of clear disappointment flashes across Rodia's face, before she composes herself.]","[罗迪娅脸上掠过一抹明显的失望,随即,她收拾起神色。]"
dialogue|13|37|Dialogue Text,Madame Rodia. A pleasure to make your acquaintance. My name is Spencer Hobson.,罗迪娅夫人。很高兴认识您。我是斯宾塞·霍布森。
dialogue|13|38|Dialogue Text,Rodia. I'm Spencer.,罗迪娅。我是斯宾塞。
dialogue|13|39|Dialogue Text,Not all of Europe's gentlemen are dead.,"看来,欧洲的绅士还没有死绝。"
dialogue|13|40|Dialogue Text,Ha!,哈!
dialogue|13|41|Dialogue Text,Spencer's an English name. You're far from home.,斯宾塞是个英国名字。你离家很远。
dialogue|13|42|Dialogue Text,Farther than you think.,比你想象的更远。
dialogue|13|43|Dialogue Text,As are you.,你也是。
dialogue|13|44|Dialogue Text,Nod non-commitally.,[不置可否地点点头。]
dialogue|13|45|Dialogue Text,'Rodia...',「罗迪娅……」
dialogue|13|47|Dialogue Text,Rodia... Rodia Vlachou?,罗迪娅……罗迪娅·弗拉胡?
dialogue|13|48|Dialogue Text,A Greek name. I half-remember the word... rose? Pomegranate? Possibly?,一个希腊名字。我依稀记得那个词……玫瑰?石榴?也许吧?
dialogue|13|50|Dialogue Text,"A woman in green. In this part of the world, they would say she is 'between two ages.' Her eyes are steady; perhaps a little cynical; not obviously unkind.","一位身着绿衣的女人。在这一带,人们会说她「介于两个年纪之间」。她的目光沉静;或许有几分世故;但并不明显刻薄。"
dialogue|13|51|Dialogue Text,You're Greek?,你是希腊人?
dialogue|13|52|Dialogue Text,"Yes, those were mine, it's true. But very old now - fifteen years, I think. You will not judge me by my early songs?","是的,那些确实是我的。但已是很久以前了——我想,有十五年了。你不会以我早年的歌来评判我吧?"
dialogue|13|53|Dialogue Text,'Rose'? 'Pomegranate'?,「玫瑰」?「石榴」?
dialogue|13|54|Dialogue Text,[Rodia shrugs; draws on her cigarette until the end brightens.],"[罗迪娅耸耸肩;吸了一口烟,直到烟头亮起。]"
dialogue|13|55|Dialogue Text,I've been away from Europe almost all that time. I didn't know you'd recorded anything else.,"那段时间,我几乎一直不在欧洲。我不知道你还录过别的歌。"
dialogue|13|56|Dialogue Text,They were lovely. I'd like to hear more.,它们很美。我想多听一些。
dialogue|13|57|Dialogue Text,How did you come to Antibes?,你是怎么来到昂蒂布的?
dialogue|13|58|Dialogue Text,"Do excuse me, Rodia. I have to go.","请原谅,罗迪娅。我得走了。"
dialogue|13|61|Dialogue Text,"Reluctantly. My Mimis, and myself - in Epirus we made our home, and there his bones remain. Poor Epirus has fallen to a double scourge. The doctor offered help with my condition, when I fled the city's fall.","说来勉强。我的米米斯与我——我们在伊庇鲁斯安了家,他的骸骨至今留在那里。可怜的伊庇鲁斯,遭了双重灾祸。我逃离城陷之时,医生主动提出,愿意帮我诊治我的病症。"
dialogue|13|62|Dialogue Text,"I'm sorry, I didn't mean to be impertinent. It was a botanical enquiry.","抱歉,我无意冒犯。那只是一次植物学上的探询。"
dialogue|13|63|Dialogue Text,"I'm sorry, I didn't mean to be crude. I wondered if there were benefits to your condition - rejuvenations.","抱歉,我无意粗鲁。我只是在想,你的病症是否也有好处——比如返老还童。"
dialogue|13|64|Dialogue Text,"I'm sorry - sometimes, when a gentleman is dazzled by beauty, he fumbles his manners.","抱歉——有时候,绅士被美色晃了眼,便会乱了礼数。"
dialogue|13|65|Dialogue Text,"I don't have time to fence with you, Rodia. Tell me or not.","我没工夫与你周旋,罗迪娅。你说也罢,不说也罢。"
dialogue|13|66|Dialogue Text,"Then no. The Plague of Leaves was known to gift its sufferers so, in Epirus. It has been called the Plague of Flowers too. But Rodia left not quite too late, and so she has no flowers.","那么,没有。在伊庇鲁斯,据说叶疫正是这样恩赐染病之人的。它也曾被称作花疫。但罗迪娅离开得不算太迟,所以,她身上没有花。"
dialogue|13|67|Dialogue Text,Then no. We whom the Plague of Leaves has touched are ripe - but not in any human sense. In Epirus one saw the bodies sprouting in the streets. But none bore children.,"那么,没有。我们这些被叶疫触碰过的人,已然成熟——但绝不是人类意义上的成熟。在伊庇鲁斯,人们曾看见街上的躯体萌出新芽。但没有人怀上子嗣。"
dialogue|13|68|Dialogue Text,"You're looking for my favour? Well, it's yours. And to your question - I was not among the unfortunate fruiting few, in Epirus. The Plague of Leaves still spared me that.","你在求我的垂青?好吧,它归你了。至于你的问题——在伊庇鲁斯,我不在那些不幸结果的少数人之中。叶疫好歹,没让我遭那一桩。"
dialogue|13|69|Dialogue Text,"Then no. In Epirus one saw that sometimes. But Rodia, no.","那么,没有。在伊庇鲁斯,有时也能见到那样的事。但罗迪娅,没有。"
dialogue|13|70|Dialogue Text,I also have an ailment.,我也有一个病症。
dialogue|13|71|Dialogue Text,Always. But now a subject of the doctor's realm.,"一向如此。不过如今,你是医生辖下的子民了。"
dialogue|13|72|Dialogue Text,"Entice me, pilgrim. What's your special curse?","引我好奇吧,巡礼者。你背负着什么特别的诅咒?"
dialogue|13|73|Dialogue Text,I was hollowed out by [[Worms]]. Although now I'm recovering.,"我曾被[[蠕虫]]掏空。不过如今,正在恢复。"
dialogue|13|74|Dialogue Text,My heart is not quite the one I was born with.,"我的心,已不是生来的那颗。"
dialogue|13|75|Dialogue Text,I spent a decade outside the world. I'm not who I used to be. I don't know exactly who I am now. Not yet.,"我在世界之外度过了十年。我已不是昔日的我。我也不清楚,自己如今究竟是谁。还没有。"
dialogue|13|76|Dialogue Text,"[Rodia frowns, stubs out her cigarette, lights another.] I don't know what that means. Although it doesn't sound like any state I'd choose.","[罗迪娅皱起眉头,掐灭香烟,又点上一支。] 我不知道那是什么意思。虽说,那听上去不像是我会选择的任何状态。"
dialogue|13|77|Dialogue Text,"[Flattery] I came here for a trivial reason. Now I've met you, I have a much better one.","[恭维] 我来这里,本是为了一件微不足道的小事。如今遇见了你,我便有了好得多的理由。"
dialogue|13|78|Dialogue Text,"[Rodia tilts her head.] This widow's heart, my pilgrim, is all stone. But still the gallantries are sweet.","[罗迪娅侧了侧头。] 这颗寡妇的心,我的巡礼者,是石头做的。不过,恭维话依然中听。"
dialogue|13|79|Dialogue Text,"[Spontaneity] I came here for a trivial reason. Now I've met you, I have a much better one.","[率直] 我来这里,本是为了一件微不足道的小事。如今遇见了你,我便有了好得多的理由。"
dialogue|13|80|Dialogue Text,"""My heart is not my own."" I've heard that phrase. But, pilgrim, you mean something different, yes? I thank you.","「我的心已不是我自己的。」我听过这句话。但,巡礼者,你说的不是那个意思,对吧?我谢谢你。"
dialogue|13|81|Dialogue Text,If you had spent the last ten in the world - I can't say if you'd understand much more. We all of us have changed.,"就算你在世间度过这十年——我也说不上,你会多明白几分。我们全都变了。"
dialogue|13|82|Dialogue Text,I find him churlish. And his arm revolts me. There; it's said.,"我觉得他粗鲁。他的胳膊,令我作呕。好了,说出来了。"
dialogue|13|83|Dialogue Text,You've met that toothsome Mathis. He's the one that calls it 'Annabelle' - the arm. But don't tell Fraser - for I swear the man is humourless as beef.,"你见过那位讨喜的马蒂斯了。就是他,管那条胳膊叫「安娜贝尔」。但别告诉弗雷泽——我敢发誓,那人无趣得像块牛肉。"
dialogue|13|84|Dialogue Text,I wonder if you mean your heart has imposed upon you? Sometimes I think that Strathcoyne's arm must be an imposition. But I find you more appealing than that man.,"我在想,你的意思是不是说,你的心强加于你?有时我觉得,斯特拉斯科因的胳膊,想必也是一种强加。不过,你比那个人讨人喜欢得多。"
dialogue|13|85|Dialogue Text,[Rodia shudders.],[罗迪娅打了个寒颤。]
dialogue|13|86|Dialogue Text,(I thought I'd locked the door. That's odd. But never mind.),"(我以为我锁了门。真奇怪。不过,算了。)"
dialogue|13|87|Dialogue Text,[Incline my head and stay.],"[微微点头,留下来。]"
dialogue|13|88|Dialogue Text,I'm looking for a woman who was here in the Sanitarium. [[Nina Lagasse]].,"我在找一个女人,她曾在这家疗养院里住过。[[尼娜·拉加斯]]。"
dialogue|13|89|Dialogue Text,"A man who seeks a woman always wears a certain air. It's one I know, too well.","一个寻找女人的男人,总带着某种神色。那种神色,我认得,太熟了。"
dialogue|13|8|Dialogue Text,"What is wrong with you, exactly? Can I catch it from you?",你到底怎么了?会传染吗?
dialogue|13|90|Dialogue Text,"Yes, I knew Nina. What was she to you?","是的,我认识尼娜。她与你,是什么关系?"
dialogue|13|93|Dialogue Text,[Truth] I still haven't really thought about it.,"[真话] 我其实,还没好好想过这件事。"
dialogue|13|95|Dialogue Text,"Your heart, you say? But not the heart you carried at your birth?",你说你的心?但不是你出生时带着的那颗?
dialogue|13|96|Dialogue Text,The heart's a well of truths. I sang that once. Better in Greek.,"心是真理之井。我唱过这一句。用希腊语唱,更妙。"
dialogue|13|97|Dialogue Text,"I wish you every chance. But Nina's gone. I liked her, but I never trusted her. So smooth; so bright; so sharp. I don't know what she sought, here in Antibes. She said once that the sun sets here; but yet I do not think she liked to watch it set.","我祝你一切顺利。但尼娜已经走了。我喜欢她,却从不信任她。那么圆滑;那么明艳;那么锋利。我不知道她在昂蒂布寻求什么。她曾说过,太阳在这里落下;可我觉得,她并不喜欢看它落下。"
dialogue|13|98|Dialogue Text,"A mystery, then. I've always liked them.","那么,是个谜。我一向喜欢谜。"
dialogue|13|99|Dialogue Text,A double scourge?,双重灾祸?
dialogue|13|9|Dialogue Text,[Move closer; look at the skin of her legs.],[靠近些;看她双腿的皮肤。]
dialogue|140|100|Dialogue Text,"I know what I said. Don't confuse me. She's just as bad, anyway.",我知道我说了什么。别来搅乱我。反正她也一样坏。
dialogue|140|101|Dialogue Text,So? Have you dealt with Philomèle?,怎么样？菲洛梅尔的事办妥了吗？
dialogue|140|102|Dialogue Text,[Consider the nature of curses.],[思量一下诅咒的本质。]
dialogue|140|103|Dialogue Text,[You could use a Wither item to this end. It could bring this Philomèle nightmares and bad fortune - sicken and immiserate her. It wouldn't kill her unless she's very weak. But it wouldn't be very nice.],[你可以用一件凋零之物来达成此事。它能给这个菲洛梅尔带来噩梦与厄运——令她染病、陷入困顿。除非她虚弱至极，否则不会要她的命。但这终究算不上光彩。]
dialogue|140|104|Dialogue Text,"[That said, you're not in the Suppression Bureau any more. You need to find Nina. You could use the money.]",[话说回来，你已不在防剿局了。你得找到尼娜。这笔钱你用得着。]
dialogue|140|105|Dialogue Text,"[And it <i>might</i> be possible to convince Zèlia that you've cursed her enemy, even if you haven't.]",[而且，即便你并没有真的诅咒她的敌人，也<i>或许</i>有可能让泽莉亚相信你已经下了咒。]
dialogue|140|106|Dialogue Text,"Later! First, the <i>trabai</i>.",回头再说！先办<i>差事</i>！
dialogue|140|107|Dialogue Text,"She is unpardonable! A traitor, a slut, a defiler of husbands. Moral filth.",她不可饶恕！一个叛徒，一个荡妇，一个玷污人夫的东西。道德上的污秽。
dialogue|140|108|Dialogue Text,But that is not your concern.,但这不关你的事。
dialogue|140|109|Dialogue Text,Keep it secret. I am a woman of importance. No-one reputable will believe you.,保密。我是一位有身份的女人。没有哪个体面人会相信你。
dialogue|140|10|Dialogue Text,I'll consider the <i>trabai</i>.,我会考虑这桩<i>差事</i>。
dialogue|140|110|Dialogue Text,No. This business is beneath me.,不。这种事有失我的身份。
dialogue|140|111|Dialogue Text,I give you now one-half the sum we agreed. The rest on your return. Go quickly. ,我现在付你约定数目的一半。余下的等你回来再付。快去吧。
dialogue|140|112|Dialogue Text,Make her suffer.,让她受苦。
dialogue|140|113|Dialogue Text,[Go.],[走。]
dialogue|140|115|Dialogue Text,Well... perhaps it is so. ,好吧……也许确实如此。
dialogue|140|116|Dialogue Text,Do you take me for an imbecile? Your lies insult us both. Go!,你把我当傻子吗？你的谎言侮辱了我们两个。滚！
dialogue|140|117|Dialogue Text,This is what I require of you.,这就是我要你做的事。
dialogue|140|118|Dialogue Text,"I have been thinking about the matter, Madame Zèlia...",泽莉亚夫人，我一直在考虑这件事……
dialogue|140|119|Dialogue Text,Have you dealt with that sow Cornéline?,那头母猪科尔内利娜的事，办妥了吗？
dialogue|140|120|Dialogue Text,Yes? Yes!,真的？太好了！
dialogue|140|121|Dialogue Text,"She closes her eyes for a moment, in pain or exultation.",她闭上了一会儿眼睛，不知是痛苦还是狂喜。
dialogue|140|122|Dialogue Text,[Her eyes glitter; her hands open and close.],[她眼中闪闪发光；双手张开又合拢。]
dialogue|140|123|Dialogue Text,Here. The rest of your payment.,给你。余下的报酬。
dialogue|140|124|Dialogue Text,Here. Your payment.,给你。你的报酬。
dialogue|140|126|Dialogue Text,One more thing. I'm looking for a woman named [[Nina Lagasse]]...,还有一件事。我在找一个叫[[尼娜·拉加斯]]的女人……
dialogue|140|127|Dialogue Text,"She was seen to enter the Sanitarium Aujourd'hui. An American woman built it, before the wars. New money. Worthless. Such things went on behind the gates! And now it is worse. Burn it to the ground for all I care.",有人看见她进了今日疗养院。战前，一个美国女人建了它。暴发户，一文不值。那大门后面什么龌龊事没有！如今更是不堪。就算把它烧成平地我也不在乎。
dialogue|140|128|Dialogue Text,Where can I find the Sanitarium?,我在哪儿能找到这家疗养院？
dialogue|140|129|Dialogue Text,"Go back and climb the steps. Follow the road out of town, past the park, into the Cap.",往回走，爬上那些台阶。顺着出城的路走，经过公园，进入昂蒂布角。
dialogue|140|12|Dialogue Text,You must. I will suffer this woman no longer.,你必须办。我再也忍受不了那个女人。
dialogue|140|130|Dialogue Text,[Leave without a word.],[一言不发地离开。]
dialogue|140|131|Dialogue Text,My husband is gone. Find him for me.,我的丈夫不见了。替我找到他。
dialogue|140|132|Dialogue Text,Please.,求你了。
dialogue|140|133|Dialogue Text,Which other city?,那又是哪座城？
dialogue|140|135|Dialogue Text,I laid the curse on Philomèle. Not on Griotte.,我把诅咒施在了菲洛梅尔身上。不是格里奥特。
dialogue|140|136|Dialogue Text,"North. East. How would I know? I am no detective. If I knew, I would not ask your help.",北边。东边。我怎么会知道？我又不是侦探。我若知道，就不会请你帮忙了。
dialogue|140|138|Dialogue Text,"Yes, yes, I know, of course. I'm not a fool. They're all the same anyway, these sluts.",是是，我当然知道。我不是傻瓜。反正这些贱人都一个样。
dialogue|140|139|Dialogue Text,I have no pictures. And it was years ago now. Years. He will be different. Only mention my name. Zèlia. He'll remember me.,我没有照片。而且那是多年前的事了。许多年前。他会变样。你只需提起我的名字。泽莉亚。他会记得我的。
dialogue|140|140|Dialogue Text,But how will I know him?,可我该怎么认出他？
dialogue|140|141|Dialogue Text,Is he tall? Short? How old?,他个子高吗？矮？多大年纪？
dialogue|140|142|Dialogue Text,"Very tall, very distinguished. A real gentleman. Of course you will know him at once.",很高，很体面。一位真正的绅士。你自然一眼就能认出他。
dialogue|140|143|Dialogue Text,Yes. He's in Kerisham.,是的。他在凯尔伊苏姆。
dialogue|140|144|Dialogue Text,Yes. He's in Cracow.,是的。他在克拉科夫。
dialogue|140|147|Dialogue Text,How much would you ask?,你想要多少？
dialogue|140|149|Dialogue Text,What is his name?,他叫什么名字？
dialogue|140|14|Dialogue Text,No. This is none of my business.,不。这不关我的事。
dialogue|140|150|Dialogue Text,"It doesn't matter, his name. Names muddle me. Will you find him?",他的名字，无关紧要。名字让我犯糊涂。你会找到他吗？
dialogue|140|151|Dialogue Text,A thousand francisques.,一千枚法兰西斧币。
dialogue|140|152|Dialogue Text,Ten thousand francisques.,一万枚法兰西斧币。
dialogue|140|153|Dialogue Text,One hundred thousand francisques.,十万枚法兰西斧币。
dialogue|140|154|Dialogue Text,No charge. And no promises. But I will do what I can.,分文不取。也不作保证。但我尽力而为。
dialogue|140|155|Dialogue Text,Agreed. Hurry.,一言为定。快去吧。
dialogue|140|156|Dialogue Text,"I miss him, <i>signaire</i>. I loved him so. Even now I will forgive him.",我想他，<i>符师</i>。我那样爱他。即便是现在，我也愿原谅他。
dialogue|140|157|Dialogue Text,Please hurry.,请快些。
dialogue|140|158|Menu Text,Let me think...,让我想想……
dialogue|140|159|Dialogue Text,[Promise] I will find him.,[承诺] 我会找到他。
dialogue|140|160|Dialogue Text,[Careful] I will look for him.,[谨慎] 我会去找他。
dialogue|140|162|Dialogue Text,Not yet. I'll return when I do.,还没有。找到他我就回来。
dialogue|140|163|Dialogue Text,I... said already that was not something I would do for you.,我……已经说过，那件事我不会替你做的。
dialogue|140|166|Dialogue Text,"I am so grateful, monsieur. I will always remember you in my prayers.",我感激不尽，先生。我会永远在祈祷中记着你。
dialogue|140|167|Dialogue Text,[Incline my head and withdraw.],[微微颔首，抽身退去。]
dialogue|140|168|Dialogue Text,I... said already that was not something I would do for you. You became very angry. You don't remember?,我……已经说过，那件事我不会替你做的。你当时非常生气。你不记得了？
dialogue|140|169|Dialogue Text,You are a decent man. I place my trust in your decency.,你是个正派人。我把信任托付给你的正直。
dialogue|140|16|Dialogue Text,"[Smile, enigmatically.]",[莫测高深地微笑。]
dialogue|140|170|Dialogue Text,[Leave],[离开]
dialogue|140|172|Dialogue Text,She stares at me.,她凝视着我。
dialogue|140|173|Dialogue Text,"For just a moment, she wavers.",有那么一瞬，她动摇了。
dialogue|140|174|Dialogue Text,"He'll remember me now. He was weak; he was stupid. But I'll forgive him, when he comes back to me.",他现在会记得我了。他曾软弱，他曾愚蠢。但等他回到我身边，我会原谅他。
dialogue|140|175|Dialogue Text,But you punished her. She'll grow ugly.,可你惩罚了她。她会变丑的。
dialogue|140|176|Dialogue Text,"There's a kind of smoothness in her eyes, like water flowing behind a pane of glass. For a moment it is as if she's forgotten who I am.",她眼底透着一种平滑，像水在玻璃板后流动。有那么一刻，仿佛她已经忘了我是什么人。
dialogue|140|177|Dialogue Text,"Yes, no, yes... it never works. It is never any good at all. Should know better by now. You are right, monsieur, of course you are right...",是，不，是……从来都不管用。从来都毫无用处。早该明白的。您说得对，先生，您当然说得对……
dialogue|140|178|Dialogue Text,"And then she's lost in her thoughts, lips moving slightly.",然后她便沉入自己的思绪，嘴唇微微翕动。
dialogue|140|180|Dialogue Text,Wait. Please! I need your help. Something else.,等等。求你了！我需要你的帮助。是别的事。
dialogue|140|181|Dialogue Text,I'm looking for someone too. A woman. [[Nina Lagasse]].,我也在找一个人。一个女人。[[尼娜·拉加斯]]。
dialogue|140|182|Dialogue Text,"Of course, yes, I know. She's in that stupid Sanitarium. Past the park, out of town, in the Cap.",当然，是，我知道。她在那家蠢透了的疗养院里。过了公园，出城，在昂蒂布角。
dialogue|140|183|Dialogue Text,Now will you help me?,现在你肯帮我了吗？
dialogue|140|184|Dialogue Text,Here...,给你……
dialogue|140|186|Dialogue Text,HAPPY ENDING!,大团圆结局！
dialogue|140|188|Dialogue Text,You're sitting very close to those... holes.,你坐得离那些……洞太近了。
dialogue|140|189|Dialogue Text,Holes?,洞？
dialogue|140|18|Dialogue Text,Yes? Then listen.,是吗?那就听好。
dialogue|140|190|Dialogue Text,Abysses.,深渊。
dialogue|140|191|Dialogue Text,Wounds.,伤口。
dialogue|140|192|Dialogue Text,I am not. And there are no holes. And the matter is in any case irrelevant.,我才没有。而且也没有洞。此事无论如何都无关紧要。
dialogue|140|193|Dialogue Text,And after consideration... I refuse it still.,再三考虑之后……我仍然拒绝。
dialogue|140|194|Dialogue Text,It's difficult to overstate the contempt with which Zèlia pronounces the word 'actress'.,泽莉亚吐出“女演员”这个词时的那种轻蔑，怎么形容都不为过。
dialogue|140|195|Dialogue Text,I have the skills to create a Withering item - if I want.,我有能力制作一件凋零之物——只要我愿意。
dialogue|140|196|Dialogue Text,"I don't currently have the skills to create a Withering item. I could increase one of [[Hushery]], [[Nyctodromy]] or [[Skolekosophy]] to 5; I could try to trick Zèlia; or I could abandon the whole sorry business.",我目前还没有能力制作凋零之物。我可以把[[静默术]]、[[夜游术]]或[[蠕虫学]]之一提升到 5；我可以试着骗过泽莉亚；也可以干脆丢开这桩倒霉的差事。
dialogue|140|197|Dialogue Text,Tell me.,告诉我。
dialogue|140|198|Dialogue Text,I remember you!,我记得你！
dialogue|140|21|Dialogue Text,"His business, like others who came to Brancrug, was healing and warding. And he didn't take payment in cash - only services. The ones who took cash payment, the <i>mascs</i>, were exactly the ones he was brought in to defend against.","他的营生,和别的来布兰库格的人一样,是治病和驱邪。他不收现钱——只收服务。而那些收现钱的,那些<i>巫师</i>,正是他被请来防备的。"
dialogue|140|22|Dialogue Text,"Thirty years ago in Brancrug, I met a man who called himself a <i>signaire</i>. Not a true adept - but he knew some tricks. Enough to break the laws of the world and the Church, doing little works among the people.","三十年前,在布兰库格,我遇见一个自称<i>符师</i>的人。算不上真正的修士——但他会些门道。足以违犯尘世与教会的律法,在百姓中间做些小小的法术。"
dialogue|140|23|Dialogue Text,You are not the one I summoned. The <i>signaire</i>. Go away from here.,你不是我召来的那位。<i>符师</i>。离开这里。
dialogue|140|24|Dialogue Text,Why then are you even here?,那你到底为什么在这里?
dialogue|140|25|Dialogue Text,"There is a café on the square, near the fountain and the flag. Every day she goes there. Philomèle! Blight her! Punish her!","广场上有一家咖啡馆,挨着喷泉和旗杆。她每天都要去。菲洛梅尔!降祸于她!惩罚她!"
dialogue|140|26|Dialogue Text,"No. Turn back, Zèlia. This will twist your soul.","不。回头吧,泽莉亚。这会让你的灵魂扭曲。"
dialogue|140|27|Dialogue Text,Don't lecture me. You small-minded man. Don't lecture me. You know nothing of a woman's pain.,别对我说教。你这个小心眼的男人。别对我说教。你根本不懂一个女人的痛。
dialogue|140|28|Dialogue Text,You are not the one I called.,你不是我召唤的人。
dialogue|140|29|Dialogue Text,[Buried the heart...],[埋下了那颗心……]
dialogue|140|2|Dialogue Text,You are the <i>signaire?</i> I am Zèlia. Do not ask my family's name.,你就是<i>符师?</i>我是泽莉亚。不要问我娘家的姓氏。
dialogue|140|30|Dialogue Text,"A friend of mine - a southern woman - used to dance at the Ecdysis Club in London. When her heart was broken, she set out to revenge herself. She told me that she had buried a songbird's heart at the dark of a moon, to call for the red help she wanted.","我的一位朋友——南方女子——曾在伦敦的蜕皮俱乐部跳舞。心碎之后,她决意报复。她告诉我,她在月暗之夜埋下一只歌鸟的心,以召来她想要的红色援手。"
dialogue|140|31|Dialogue Text,She had owned that songbird almost a year. I recall that she had to crush its throat and cut its heart out with a pocket-knife. To prove her conviction - or perhaps only because the one she called was one who liked that kind of thing.,"那只歌鸟,她养了将近一年。我记得,她得先捏碎它的喉咙,再用小刀剜出它的心脏。为了证明自己的信念——又或许只是因为,她召来的那位,偏偏喜欢这种东西。"
dialogue|140|33|Dialogue Text,"What kind of work is this, madame? Is it, after all, a <i>signaire</i> that you want?","这是什么活计,夫人?说到底,你要的是一位<i>符师</i>吧?"
dialogue|140|34|Dialogue Text,Call yourself what you will. Are you ready for the work?,随你自称什么。你准备好干活了吗?
dialogue|140|37|Dialogue Text,Why?,为什么?
dialogue|140|38|Dialogue Text,That is not your concern.,这不关你的事。
dialogue|140|42|Dialogue Text,No. This too cruel.,不。这太残忍了。
dialogue|140|43|Dialogue Text,Then go. Go! And tell no-one. I am a woman of good reputation and your slanders will not touch me.,"那就走。走!不许告诉任何人。我是名声清白的女人,你的诽谤伤不到我。"
dialogue|140|44|Dialogue Text,I'll consider it.,我会考虑的。
dialogue|140|45|Dialogue Text,You'll consider it? Consider it quickly. I have told you what I want. And how I will reward you.,"你会考虑?那就快点考虑。我已经告诉你我要什么了,也告诉你我会怎么酬谢你。"
dialogue|140|47|Dialogue Text,You refused the <i>trabai</i>. Why are you buzzing again in my ear?,你拒绝了那桩<i>差事</i>。为什么又在我耳边嗡嗡作响?
dialogue|140|48|Dialogue Text,Am I not? You buried the heart. I am here. I wished only to assure myself you were not frivolous. The earth shivers. The sky will be blood. ,我不是吗?你埋了那颗心。我来了。我只是想确认你不是个轻浮的人。大地颤抖。天空将染成血色。
dialogue|140|49|Dialogue Text,Perhaps not. But may I speak with you?,也许不是。但我能与你说几句话吗?
dialogue|140|4|Dialogue Text,[Signaire...],[符师……]
dialogue|140|50|Dialogue Text,I have wasted enough words with you. Go.,我跟你白费的话已经够多了。走。
dialogue|140|51|Dialogue Text,I have not. I'll return when I have.,"我可没白费够。等白费够了,我再回来。"
dialogue|140|52|Dialogue Text,I've done as you asked. Listen; soon you will hear the news of her illness.,我照你说的办了。听着:很快你就会听到她生病的消息。
dialogue|140|53|Dialogue Text,[Deception] I've done as you asked. Her dreams tonight will be the first of many miseries.,"[欺骗] 我照你说的办了。她今晚的梦,将是日后许多苦难的开端。"
dialogue|140|55|Dialogue Text,Yes. Yes. I only wish I could see her when the pain begins.,"好。好。我只盼疼痛开始的时候,我能亲眼看着她。"
dialogue|140|56|Dialogue Text,I don't believe you. Bring me proof. I will not be gulled by a mountebank.,我不信你。拿证据来。我不会被个江湖骗子蒙骗。
dialogue|140|58|Dialogue Text,I'm looking for a woman named [[Nina Lagasse]]...,我在找一个名叫[[尼娜·拉加斯]]的女人……
dialogue|140|59|Dialogue Text,"Lagasse? Oh <i>yes</i>, I know about this <i>Lagasse</i>. When we've finished our business, we will speak of her.","拉加斯?哦<i>当然</i>,我知道这个<i>拉加斯</i>。等我们的事办完,再谈她。"
dialogue|140|61|Dialogue Text,Seek her in hell for all I care. Go.,"随你去地狱找她,与我无关。走。"
dialogue|140|62|Dialogue Text,I need to find a woman called [[Nina Lagasse]].,我要找一个名叫[[尼娜·拉加斯]]的女人。
dialogue|140|63|Dialogue Text,You said. Stop wasting my time. The <i>trabai</i> first.,你说过了。别再浪费我的时间。<i>差事</i>要紧。
dialogue|140|64|Dialogue Text,I know the name. We can discuss that when our business is done.,"我听过这个名字。等正事办完,再谈这个。"
dialogue|140|65|Dialogue Text,One more thing. We were to discuss [[Nina Lagasse]] when our business was done.,"还有一件事。我们说好,正事办完要谈[[尼娜·拉加斯]]。"
dialogue|140|66|Dialogue Text,"Goodbye, Madame Zèlia.","再见,泽莉亚夫人。"
dialogue|140|67|Dialogue Text,"Oh yes. She is so full of herself, that Lagasse. And an actress!","哦,没错。那个拉加斯,可真是自以为了不起。还是个女演员!"
dialogue|140|68|Dialogue Text,Wait! I have one more task for you.,等等!我还有一件事要交给你办。
dialogue|140|69|Dialogue Text,Where did he go?,他去哪儿了?
dialogue|140|6|Dialogue Text,I am ready to carry out your <i>trabai</i>.,我已准备好办你的<i>差事</i>。
dialogue|140|70|Dialogue Text,How much will you pay me?,你肯出多少钱?
dialogue|140|71|Dialogue Text,Well?,怎么样?
dialogue|140|72|Dialogue Text,That <i>pétasse</i> Griotte stole him. Took him to another city. ,那个<i>骚货</i>格里奥特把他偷走了。带去了另一座城。
dialogue|140|73|Dialogue Text,What does he look like?,他长什么样?
dialogue|140|74|Dialogue Text,You are a <i>signaire</i>. You should know how these things are done. Tell him my name.,"你是个<i>符师</i>。这种事的门道,你该明白。告诉他我的名字。"
dialogue|140|80|Dialogue Text,"With regret, madame, I decline your offer.","很遗憾,夫人,我回绝您的差遣。"
dialogue|140|81|Dialogue Text,Then I curse you! I curse your name and your shadow! Leave me alone! Never return!,"那我就诅咒你!我诅咒你的名字,诅咒你的影子!别再来烦我!永远别回来!"
dialogue|140|82|Dialogue Text,"Oh, please, monsieur, please, if you change your mind, return to me. I beg you. I miss him so.","哦,求求您,先生,求求您,要是您改了主意,就回来找我。我求您了。我太想他了。"
dialogue|140|84|Dialogue Text,Did you find my husband?,你找到我丈夫了吗?
dialogue|140|86|Dialogue Text,Yes. He's in Berlin.,找到了。他在柏林。
dialogue|140|87|Dialogue Text,Give that to me!,把那东西给我!
dialogue|140|8|Dialogue Text,Good. Good.,好。好。
dialogue|140|90|Dialogue Text,It will be done.,会办成的。
dialogue|140|91|Dialogue Text,Yes. Yes! It is a pact now. Our pact.,好。好!如今这便是约定了。我们的约定。
dialogue|140|92|Dialogue Text,I buried the heart. I have been waiting. Four hundred francisques for your <i>trabai</i>.,"我埋了那颗心。我一直在等。你的<i>差事</i>,值四百枚法兰西斧币。"
dialogue|140|93|Dialogue Text,[Say nothing about that.],[对那件事只字不提。]
dialogue|140|94|Dialogue Text,She tosses her head. Her eyes are like flecks of beach-glass.,她一甩头。她的眼睛像是海滩玻璃的碎屑。
dialogue|140|95|Dialogue Text,Go away. I will not speak with you.,走开。我不跟你说话。
dialogue|140|96|Dialogue Text,The heart of a pet? Did you take its life with your own hands?,一只宠物的心?是你亲手取了它的性命?
dialogue|140|98|Dialogue Text,I did not enjoy it. We will speak of it no more.,我并不喜欢那样。此事我们不再提起。
dialogue|140|99|Dialogue Text,You wanted me to punish Philomèle. But you said 'Cornéline' just now.,你要我惩罚的是菲洛梅尔。可你方才说的是“科尔内利娜”。
dialogue|140|9|Dialogue Text,She squints suspiciously.,她怀疑地眯起眼。
dialogue|141|100|Dialogue Text,[Indicate her cigarette] Could you spare one of those?,[指指她的香烟]「能匀我一支吗?」
dialogue|141|101|Dialogue Text,[She examines a half-empty cigarette packet.],[她端详着那包半空的香烟。]
dialogue|141|102|Dialogue Text,Almost my last. I'm sorry.,「差不多是我的最后一支了。抱歉。」
dialogue|141|103|Dialogue Text,One should not smoke in here. It is bad for the books.,「这里不该抽烟。对书不好。」
dialogue|141|104|Dialogue Text,[She angles the open pack towards me. Gitanes.],[她把打开的烟盒朝我斜过来。吉坦。]
dialogue|141|105|Dialogue Text,[Murmur a prayer.],[低声祈祷。]
dialogue|141|106|Dialogue Text,This is a bookshop. Reach for a quotation.,这里是书店。那就伸手摘一句引文吧。
dialogue|141|107|Dialogue Text,Light perpetual shine upon them...,"「愿永恒之光,永远照耀他们……」"
dialogue|141|108|Dialogue Text,"The bookseller rolls her eyes, very slightly.",[女书商极其轻微地翻了个白眼。]
dialogue|141|10|Dialogue Text,Is this your bookshop?,「这是您的书店吗?」
dialogue|141|111|Dialogue Text,My memory is cobwebbed. But a war memorial inscription comes to mind.,"我的记忆里蛛网丛生。但一句战争纪念碑上的铭文,浮上了心头。"
dialogue|141|112|Dialogue Text,'Blessed are those who died in earth incarnate.',"「“那些死于大地化身之中的人,有福了。”」"
dialogue|141|113|Dialogue Text,[Remain silent.],[保持沉默。]
dialogue|141|114|Dialogue Text,"'In loving one now dead, we arrive pure at the glaciers of memory. We are fortified for life...'","「“爱一个如今已死的人,我们便能纯净地抵达回忆的冰川。我们由此为一生筑起壁垒……”」"
dialogue|141|115|Dialogue Text,"The bookseller starts, then moves to cover the start by stubbing out her cigarette.","女书商吃了一惊,随即借着掐灭香烟,把这一惊掩饰了过去。"
dialogue|141|116|Dialogue Text,"Poets! The State, perhaps, is wise to lock them up.","「诗人!邦国把他们关起来,或许倒真是明智。」"
dialogue|141|117|Dialogue Text,"She lights another cigarette, eyes glittering until she wipes them with the back of her hand.","她又点起一支烟,眼睛亮闪闪的,直到她用手背把它们抹掉。"
dialogue|141|118|Dialogue Text,Oh.,「哦。」
dialogue|141|119|Dialogue Text,"Well, if there's something you want, I am here.","「那么,如果您想要点什么,我就在这里。」"
dialogue|141|120|Dialogue Text,[Smile.],[微笑。]
dialogue|141|122|Dialogue Text,...today's papers?,「……今天的报纸?」
dialogue|141|124|Dialogue Text,...anything by Spencer Hobson?,「……有没有斯宾塞·霍布森写的书?」
dialogue|141|125|Dialogue Text,"<i>The Sheaf</i>, from today. An <i>excellent</i> State paper.","「<i>禾捆报</i>,今天的。一份<i>极好的</i>邦国报纸。」"
dialogue|141|126|Dialogue Text,[Buy a copy.],[买一份。]
dialogue|141|127|Dialogue Text,[I have my funds tucked away somewhere safe...],"[我的钱,藏在某个安全的地方……]"
dialogue|141|128|Dialogue Text,[Perhaps not.],[也许不必。]
dialogue|141|129|Dialogue Text,"I don't think... wait, no, I remember the name. Here...","「我不太记得……等等,不,我记得这个名字。在这儿……」"
dialogue|141|130|Dialogue Text,'The Pilgrim Rose.' ,「“朝圣玫瑰”。」
dialogue|141|131|Dialogue Text,<i>The Blood in the Belfry</i>.,「<i>钟楼里的血</i>。」
dialogue|141|132|Dialogue Text,...nothing. Never mind.,「……没什么。当我没说。」
dialogue|141|133|Dialogue Text,<i>Voilà.</i>,<i>就是这个。</i>
dialogue|141|134|Dialogue Text,(Oh no.),(哦不。)
dialogue|141|135|Dialogue Text,I must warn you: this is a bad book. A very bad book.,我必须提醒您:这是一本坏书。一本非常坏的书。
dialogue|141|136|Dialogue Text,(I wrote five of these things. Pseudonymously. They sold much better than my real work.),"(这样的东西,我写过五本。用的是笔名。它们比我署真名的作品卖得好多了。)"
dialogue|141|137|Dialogue Text,(In fact they merited French and German translations. I had forgotten that the French and German publishers published them under the Hobson name.),"(其实它们还出过法语和德语译本。我忘了——法德两国的出版商,是挂在霍布森名下出版的。)"
dialogue|141|138|Dialogue Text,"A <i>very</i> bad book? Never mind, then.",一本<i>非常</i>坏的书?那就算了。
dialogue|141|139|Dialogue Text,"It's a <i>little</i> overwritten, I grant you, but the plotting is quite ingenious...","我承认,是写得<i>有点</i>过,但情节相当巧妙……"
dialogue|141|141|Dialogue Text,"Oh, you've read it? My condolences.","哦,您读过?节哀。"
dialogue|141|142|Dialogue Text,How much?,多少钱?
dialogue|141|144|Dialogue Text,[Firmly close my mouth.],[紧紧闭上嘴。]
dialogue|141|145|Dialogue Text,Five francisques? Let us say four. I am an honest woman.,五枚法兰西斧币?那就四枚吧。我是个诚实的女人。
dialogue|141|146|Dialogue Text,[Buy 'THE BLOOD IN THE BELFRY'.],[买《钟楼之血》。]
dialogue|141|147|Dialogue Text,I appreciate your generosity. And your courage.,多谢您的慷慨。也多谢您的勇气。
dialogue|141|148|Dialogue Text,...that Hobson book? 'The Blood in the Belfry'?,……那本霍布森的书?《钟楼之血》?
dialogue|141|149|Dialogue Text,Mm... not just now.,唔……现在先不了。
dialogue|141|150|Dialogue Text,(The only play of mine ever published. Illopoly pulled some strings.),(我唯一出版过的剧本。伊洛波利使了些手段。)
dialogue|141|151|Dialogue Text,"It is too mystical for me. And the translation is I think quite poor. But the dreams linger, with this one.","对我来说,它太过玄奥。至于译文,我觉得相当糟糕。但这一本,读后梦会久久萦绕。"
dialogue|141|152|Dialogue Text,(They would. I made unwisely unambiguous references to the invisible world. The [[Bureau]] shut down the production on opening night. I was lucky to stay out of prison.),"(确实会。我轻率地、毫不隐晦地写了隐世。首演之夜,[[防剿局]]查封了演出。我侥幸没进监狱。)"
dialogue|141|153|Dialogue Text,I thought they'd pulped every copy...,我以为他们把每一本都打成纸浆了……
dialogue|141|155|Dialogue Text,Pardon?,什么?
dialogue|141|156|Dialogue Text,I mean...,我是说……
dialogue|141|157|Dialogue Text,"I suspect it's too mystical for me, also. Let's talk about something else.","我猜,对我来说它也太过玄奥。我们聊点别的吧。"
dialogue|141|158|Dialogue Text,"Fifty francisques. It is difficult to find, this one.","五十枚法兰西斧币。这一本,可不好找。"
dialogue|141|159|Dialogue Text,[Buy 'The Pilgrim Rose'.],[买《朝圣玫瑰》。]
dialogue|141|15|Dialogue Text,Let's discuss... quieter business.,「我们来谈谈……更安静的生意。」
dialogue|141|160|Dialogue Text,...that Hobson play? 'The Pilgrim Rose'?,……那部霍布森的剧?《朝圣玫瑰》?
dialogue|141|161|Dialogue Text,[Take a cigarette from the packet.] Light?,[从烟盒里取出一支烟。]有火吗?
dialogue|141|162|Dialogue Text,"Best not, then.",那还是算了。
dialogue|141|163|Dialogue Text,Excuse me.,失陪了。
dialogue|141|164|Dialogue Text,<i>Hélas</i>. My last match is spent.,"<i>唉</i>。我最后一根火柴,已经用完了。"
dialogue|141|167|Dialogue Text,[The bookseller rests her chin on her fist and watches me. Blue smoke curls up from the cigarette in her mouth.],"[女书商把下巴支在拳头上,端详着我。她叼在嘴里的香烟,升起袅袅蓝烟。]"
dialogue|141|168|Dialogue Text,[Place the other cigarette in my own mouth. Lean in and light it from hers.],"[我把另一支烟叼进自己嘴里,俯身凑过去,就着她的烟点燃。]"
dialogue|141|16|Dialogue Text,Linou from the café suggested I talk to you. She told me you have a quieter business even than book-selling.,"「咖啡馆的利努建议我来找您。她说,您有一桩比卖书更安静的生意。」"
dialogue|141|171|Dialogue Text,[Place the cigarette on the counter.] Thank you anyway.,"[把烟放到柜台上。]总之,谢谢您。"
dialogue|141|172|Dialogue Text,[A wink of blue flame as the dark tobacco ignites.],"[深色烟草点燃,蓝焰一闪。]"
dialogue|141|173|Dialogue Text,[Cough.],[咳嗽。]
dialogue|141|174|Dialogue Text,It's been <i>years</i>.,已经<i>很多年</i>了。
dialogue|141|175|Dialogue Text,...something else?,……还需要别的吗?
dialogue|141|176|Dialogue Text,Until the next time.,下次再见。
dialogue|141|177|Dialogue Text,[Cough some more.],[又咳了几声。]
dialogue|141|178|Dialogue Text,I regret: we sell only books here.,很遗憾:我们这里只卖书。
dialogue|141|179|Dialogue Text,"[Lie] She's an old friend. I heard she'd come here, to Antibes.","[撒谎]她是我的一位老朋友。我听说她来了这里,昂蒂布。"
dialogue|141|17|Dialogue Text,Leopold tells me that his name will 'open doors' here. To your 'quieter business'.,"「利奥波德告诉我,他的名字在这儿能“打开门”。通向您的“更安静的生意”。」"
dialogue|141|180|Dialogue Text,"[Truth] It's important. I heard she'd come here, to Antibes.","[实话]这事很重要。我听说她来了这里,昂蒂布。"
dialogue|141|181|Dialogue Text,This Nina - what does she look like?,这位尼娜——她长什么样?
dialogue|141|182|Dialogue Text,Only the rain.,只见过雨。
dialogue|141|183|Dialogue Text,White as chalk.,白得像粉笔。
dialogue|141|184|Dialogue Text,"That's not important. But if you'd seen her, you'd remember her.","这不重要。但您若见过她,一定会记得。"
dialogue|141|185|Dialogue Text,You can't tell me what your old friend looks like?,您连自己老朋友的长相都说不出?
dialogue|141|187|Dialogue Text,No. I've seen no-one like that.,没有。我没见过这样的人。
dialogue|141|188|Dialogue Text,A very old friend. It's been a long time.,一位很老很老的朋友。已经很久很久了。
dialogue|141|189|Dialogue Text,Well.,唔。
dialogue|141|18|Dialogue Text,What did you have in mind?,「您想要什么?」
dialogue|141|190|Dialogue Text,War changes us all.,战争改变我们所有人。
dialogue|141|191|Dialogue Text,"I'm sorry, that was not exactly true. But it's important that I find her. ","抱歉,刚才那句话不完全属实。但找到她,对我很重要。"
dialogue|141|192|Dialogue Text,Pale as pearl.,白如珍珠。
dialogue|141|19|Dialogue Text,"Linou said that, did she?","「利努是这么说的,是吗?」"
dialogue|141|1|Dialogue Text,[The bookseller raises her gaze from the newspaper.],[女书商从报纸上抬起目光。]
dialogue|141|20|Dialogue Text,Leopold does not trust easily.,「利奥波德不是轻易信人的人。」
dialogue|141|21|Dialogue Text,"Yes, you said.","「是的,您说过了。」"
dialogue|141|22|Dialogue Text,Information.,「情报。」
dialogue|141|23|Dialogue Text,[View black market goods.],[查看黑市货物。]
dialogue|141|24|Dialogue Text,It is now.,「如今是了。」
dialogue|141|25|Dialogue Text,Now?,「如今?」
dialogue|141|26|Dialogue Text,Since the war.,「战争之后。」
dialogue|141|27|Dialogue Text,Same everywhere.,「到处都一样。」
dialogue|141|28|Dialogue Text,I'm sorry.,「我很抱歉。」
dialogue|141|29|Dialogue Text,"Me, also.",「我也是。」
dialogue|141|2|Dialogue Text,Good afternoon. You are looking for something?,「下午好。您在找什么吗?」
dialogue|141|38|Dialogue Text,"Well, then. I didn't tell you everything before.","「那好吧。先前,我没有把一切都告诉您。」"
dialogue|141|39|Dialogue Text,So.,「所以。」
dialogue|141|40|Dialogue Text,"Just a week ago, she was standing where you are now, asking her own questions.","「就在一周之前,她还站在您现在站的地方,问着她自己的问题。」"
dialogue|141|46|Dialogue Text,Any news?,「有什么消息吗?」
dialogue|141|47|Dialogue Text,All right. Linou's name is good here.,「行。利努的名字在这儿管用。」
dialogue|141|48|Dialogue Text,So be it.,「那就这样吧。」
dialogue|141|49|Dialogue Text,"Philomèle sends her compliments, and suggests I talk to you about your 'quieter business'.","「菲洛梅尔向您致意,并建议我来同您谈谈您的“更安静的生意”。」"
dialogue|141|4|Dialogue Text,Hello again.,「又见面了。」
dialogue|141|50|Dialogue Text,Jean-Bernard asked me to remember him to you. He thought I might be interested in your 'quieter business'.,"「让-贝尔纳让我代他向您问好。他觉得,我或许会对您的“更安静的生意”感兴趣。」"
dialogue|141|51|Dialogue Text,"A relic of a gentler world, our Philomèle. Give her my best.","「我们的菲洛梅尔,是那个更温柔世界留下的遗物。代我向她问好。」"
dialogue|141|52|Dialogue Text,"Poor fellow. Think of something sweet, and say it to him, for me.","「可怜的人。想一句甜蜜的话,替我说给他听吧。」"
dialogue|141|54|Dialogue Text,We spoke earlier about a woman named [[Nina Lagasse]].,「我们之前谈过一个叫[[尼娜·拉加斯]]的女人。」
dialogue|141|56|Dialogue Text,"She wasn't as friendly, though.","「不过,她可没那么友好。」"
dialogue|141|57|Dialogue Text,"She was politer, though.","「不过,她要有礼貌得多。」"
dialogue|141|59|Dialogue Text,What questions?,「什么问题?」
dialogue|141|60|Dialogue Text,Do you know where she went?,「您知道她去了哪儿吗?」
dialogue|141|61|Dialogue Text,She was looking for a book.,「她在找一本书。」
dialogue|141|62|Dialogue Text,[Arch an eyebrow.],[挑起一道眉毛。]
dialogue|141|63|Dialogue Text,Well? What book?,「哦?什么书?」
dialogue|141|64|Dialogue Text,If it's not impolite to ask which book...,「如果这样问不算失礼的话——是哪本书……」
dialogue|141|65|Dialogue Text,"Ribéreau-Gayon. 'Treatise on Oenology'. Very, very technical book on wine. I had exactly one copy.",「里贝罗-加永。《酿酒学论著》。一本非常、非常专业的葡萄酒书。我恰好只有一本。」
dialogue|141|66|Dialogue Text,"I should follow her to the Sanitarium, then. Thank you.",「那我该跟到疗养院去了。谢谢您。」
dialogue|141|67|Dialogue Text,"[Leave, with a peremptory nod.]","[不容置疑地点了点头,离开。]"
dialogue|141|68|Dialogue Text,"Fortunately, in my line of work, it pays to show an interest in the comings and goings of strangers.","「幸好,干我这行,留意陌生人的来去总不吃亏。」"
dialogue|141|69|Dialogue Text,[Andrée smiles winningly.],[安德烈迷人地笑了笑。]
dialogue|141|70|Dialogue Text,[Lean forward] Tell me where Nina is. Or I'll go straight from here to the <i>Milice</i> to let them know about your 'quieter business'.,"[倾身]「告诉我尼娜在哪里。否则,我直接从这里去<i>法国民兵</i>那里,让他们知道你那桩“更安静的生意”。」"
dialogue|141|71|Dialogue Text,That seems reasonable. [Pay her.],「这要求很合理。[付钱给她。]」
dialogue|141|72|Dialogue Text,[Match her smile.] Can we say: a favour for a favour?,"[回她一个微笑。]「我们能不能说:一桩人情,换一桩人情?」"
dialogue|141|73|Dialogue Text,Let's discuss something else first...,「我们先谈点别的……」
dialogue|141|74|Dialogue Text,We were discussing [[Nina Lagasse]].,「我们刚才谈的是[[尼娜·拉加斯]]。」
dialogue|141|76|Dialogue Text,"The Sanitarium Aujourd'hui. In the Cap d'Antibes, just past the park.","「今日疗养院。在昂蒂布海岬,过了公园就是。」"
dialogue|141|77|Dialogue Text,I'm sorry. The <i>librarie</i> is closed.,「对不起。<i>书店</i>已经关门了。」
dialogue|141|78|Dialogue Text,"If Monsieur wishes to threaten me again with the Milice, Monsieur can return when we are open again for business. In the decades to come.","「先生若还想拿法国民兵威胁我,就等我们重新开门营业时再来吧。等上几十年。」"
dialogue|141|79|Dialogue Text,[She returns to her newspaper.],[她又看起了报纸。]
dialogue|141|7|Dialogue Text,Just looking.,「随便看看。」
dialogue|141|81|Dialogue Text,"You are a stranger here, monsieur. You should be more careful with your threats.","「您是这里的生面孔,先生。威胁的话,还是小心些为好。」"
dialogue|141|82|Dialogue Text,"[[Nina Lagasse]] was seen entering the Sanitarium Aujourd'hui. In the Cap d'Antibes, just past the park.","「有人看见[[尼娜·拉加斯]]走进了今日疗养院。在昂蒂布海岬,过了公园就是。」"
dialogue|141|83|Dialogue Text,...you should be careful. The residents of the Sanitarium are not like the rest of us. And this Lagasse - she is nothing at all like the rest of us.,"「……您要小心。疗养院里的住客,和我们其余的人不一样。而这个拉加斯——她与我们其余的人,全然不同。」"
dialogue|141|84|Dialogue Text,"Mademoiselle, I am invariably careful.","「小姐,我一向小心。」"
dialogue|141|85|Dialogue Text,That's all I know.,「我知道的就这些。」
dialogue|141|86|Dialogue Text,[Shrug; wink.],[耸肩;眨眼。]
dialogue|141|87|Dialogue Text,Actually - something else.,「其实——还有别的事。」
dialogue|141|88|Dialogue Text,Yes: I do also deal in a quieter business than books.,「是的:我确实还做着一桩比卖书更安静的生意。」
dialogue|141|90|Dialogue Text,I suppose we can. But we keep strict accounts at the Librairie des Heures. Be sure not to forget your debt to little Andrée.,"「我想可以。不过,我们时光书店的账目分毫不差。可别忘了,您还欠小安德烈一份人情。」"
dialogue|141|91|Dialogue Text,"I have learnt, over many years, to disregard the promises of fine gentlemen. No.","「多年以来,我学会了一件事:体面先生们的承诺,听听就算了。不。」"
dialogue|141|92|Dialogue Text,[Mock indignation] 'Many years?' Mademoiselle! I reject the absurdity!,[假装愤慨]「“多年”?小姐!我不接受这种荒谬!」
dialogue|141|93|Dialogue Text,As you prefer.,「随您便。」
dialogue|141|94|Dialogue Text,"Fortunately for you... I suspect you are no gentleman at all, but a scoundrel. One knows where one is, with scoundrels.","「算您走运……我怀疑您根本不是什么绅士,而是个无赖。跟无赖打交道,人反而心里有数。」"
dialogue|141|95|Dialogue Text,Not bad; not bad. But not enough.,「不错;不错。但还不够。」
dialogue|141|96|Dialogue Text,"[She looks me up, then down, then up, with careful interest.]","[她把我从头打量到脚,又从脚打量到头,带着认真细究的兴趣。]"
dialogue|141|97|Dialogue Text,For someone. A woman. [[Nina Lagasse]].,「找一个人。一个女人。[[尼娜·拉加斯]]。」
dialogue|141|98|Dialogue Text,Do you have...,「您这儿有没有……」
dialogue|141|9|Dialogue Text,I'm looking for a woman named [[Nina Lagasse]].,"「我在找一个女人,名叫[[尼娜·拉加斯]]。」"
dialogue|142|100|Dialogue Text,"No no! You have two names, I think, at least, combined in one. That is what the saint likes about you, I imagine. Let us not tease them apart.","不不!您有两个名字,我想,至少,合而为一。我想,圣人喜欢的正是这一点。我们且不要把它们拆开。"
dialogue|142|101|Dialogue Text,Jaume's eyes crinkle in his habitual melancholy nearly-smile.,"若梅的眼角皱起,是他惯常那种忧郁的、近乎微笑的神情。"
dialogue|142|103|Dialogue Text,"Oh, yes! Yes!","哦,是的!是的!"
dialogue|142|104|Dialogue Text,"A melancholy, friendly, crinkle of the eyes.",眼角皱起一道忧郁而友善的纹。
dialogue|142|105|Dialogue Text,[Arguably Heretical] Your 'saint' is the [[Sister-and-Witch]].,"[可称异端] 您的「圣人」,就是[[双生巫女]]。"
dialogue|142|106|Dialogue Text,The eyes of the saint in the window are open.,"彩窗上,圣人的眼睛睁开了。"
dialogue|142|107|Dialogue Text,You called me 'hollow of spirit and brazen of heart.' What did you mean?,"您说我是「魂灵空虚,心坚如铜」。那是什么意思?"
dialogue|142|108|Dialogue Text,[If I've gathered enough information from the window... I might recall an odd folktale.],[若我已从彩窗上收集到足够的信息……我或许会想起一则奇异的民间传说。]
dialogue|142|109|Dialogue Text,"Yes! But she hath not only one nature. When we gift the Sun with blood, he takes only a little, but he takes from us all.","是的!但她并非只有一种本性。当我们以血供奉太阳,他取的并不多,却取遍了我们所有人。"
dialogue|142|111|Dialogue Text,"Oh in an <i>iconographic</i> sense, yes, St Reparata is always depicted with open eyes. She watched everything they did to her, the poor thing. But when the saint's eyes were open, we'll see it in the glass.","哦,从<i>圣像学</i>的意义上说,是的,圣雷帕拉塔总被描绘成睁着眼睛。他们对她的所作所为,她全都看在眼里,可怜的人。但当圣人的眼睛真正睁开时,我们会在彩窗上看见。"
dialogue|142|112|Dialogue Text,She wishes only to see.,她只求看见。
dialogue|142|113|Dialogue Text,"Yes. An absence, then you found a presence, no? Not to fill your emptiness entirely. But a union. The saint will bless it.","是的。先有缺失,而后您寻得了一份在场,不是吗?并非要填满您的空虚。而是一种结合。圣人会为它祝福。"
dialogue|142|114|Dialogue Text,"That's... broadly accurate, yes.","这……大致准确,是的。"
dialogue|142|115|Dialogue Text,"Don't speak idly of things you don't understand, Jaume.","不要轻率谈论您不懂的事,若梅。"
dialogue|142|117|Dialogue Text,Oh! I am sorry! I will guard my tongue hereafter.,"哦!对不起!从今往后,我会管好自己的舌头。"
dialogue|142|118|Dialogue Text,Enough of the eyes of the saint for now.,"圣人的眼睛,暂且说到这里。"
dialogue|142|119|Dialogue Text,"They tell a story in Brancrug, where once I was priest, about twins who came across the sea, from the West. ","布兰库格——我曾在那边做过神父——流传着一个故事,说的是渡海而来的孪生姐妹,来自西方。"
dialogue|142|120|Dialogue Text,"[Aloud] They'd looked too long at the sun. One could see nothing through her left eye, one was blind in her right. So St Columba cast sea-water on a fire, and when the steam of it had cleared, so had their sight.","[出声] 她们凝视太阳太久。一个左眼什么也看不见,一个右眼失了明。于是圣科伦巴把海水泼在火上,待水汽散尽,她们的视力也恢复了。"
dialogue|142|121|Dialogue Text,"[Aloud] They'd looked too long at the sun. One could see nothing through her left eye, one was blind in her right. St Columba healed them... but I can't remember how exactly. I'm sorry.","[出声] 她们凝视太阳太久。一个左眼什么也看不见,一个右眼失了明。圣科伦巴治好了她们……但我记不清他是怎么治的了。抱歉。"
dialogue|142|122|Dialogue Text,[Nod and move on.],"[点头,继续。]"
dialogue|142|123|Dialogue Text,I see. And so does the saint. This is very good.,我明白了。圣人也明白了。这很好。
dialogue|142|124|Dialogue Text,Should I say 'thank you'? Yes. Thank you.,我是不是该说「谢谢」?是的。谢谢。
dialogue|142|125|Dialogue Text,About [[Nina Lagasse]]...,关于[[尼娜·拉加斯]]……
dialogue|142|126|Dialogue Text,It's nothing. I'm glad I could help.,"没什么。能帮上忙,我很高兴。"
dialogue|142|127|Dialogue Text,Yes. And so you owe me a favour.,"是的。所以,您欠我一个人情。"
dialogue|142|128|Dialogue Text,The world divides; the saint unites. I am to tell you that [[Nina Lagasse]] entered the Sanitarium Aujourd'hui.,"世界分裂,圣人弥合。我受圣意转告您:[[尼娜·拉加斯]]进了今日疗养院。"
dialogue|142|129|Dialogue Text,It's up in the Cap - past the park - outside the town.,在昂蒂布海岬上面——过了公园——在镇子外头。
dialogue|142|130|Dialogue Text,If you find her... I think that would please the saint. I hope that it will please you also.,"若您找到她……我想,那会让圣人欢喜。我也希望,那会让您欢喜。"
dialogue|142|131|Dialogue Text,It might.,也许吧。
dialogue|142|132|Dialogue Text,We'll see.,走着瞧。
dialogue|142|133|Dialogue Text,It might not matter.,也许无关紧要。
dialogue|142|134|Dialogue Text,I wish I had something more to offer you in return. But I can give you only my blessing.,我真希望还有别的东西能回报您。可我只有祝福可以给您。
dialogue|142|135|Dialogue Text,I bless you by that which is pearl; by that which is not touched; by the Two which are One.,我以珍珠之名祝福您;以不可触及之物之名;以合一的两位之名。
dialogue|142|136|Dialogue Text,Thank you. I'll leave you to the saint.,谢谢。您就留在圣人身边吧。
dialogue|142|137|Dialogue Text,Better than nothing. I should be going.,聊胜于无。我该走了。
dialogue|142|139|Dialogue Text,"I noticed some, ah, gaps in Antibes. Do you know what they are?","我注意到,昂蒂布有一些,呃,裂隙。您知道那是什么吗?"
dialogue|142|140|Dialogue Text,The holes in the world?,世界上的窟窿?
dialogue|142|141|Dialogue Text,"Yes. 'The centre cannot hold,' is how the Irishman put it. Things come apart, you know? Things fold together.","是的。「中心撑不住了,」那位爱尔兰人是这么说的。万物分崩离析,您明白吗?万物又彼此折叠。"
dialogue|142|142|Dialogue Text,Jaume gestures.,若梅做了个手势。
dialogue|142|143|Dialogue Text,"And so, I pray before the saint.","所以,我便在圣人面前祈祷。"
dialogue|142|144|Dialogue Text,How's the saint?,圣人近来如何?
dialogue|142|145|Dialogue Text,Pearl. In absolute; in essence; pearl.,珍珠。就其绝对而言;就其本质而言;珍珠。
dialogue|142|146|Dialogue Text,"Goodbye, Jaume.","再见,若梅。"
dialogue|142|147|Dialogue Text,"Goodbye, Father Jaume.","再见,若梅神父。"
dialogue|142|148|Dialogue Text,"[Follow Jaume towards the beach, until the rain lifts like a curtain.]","[跟着若梅走向海滩,直到雨幕如帘卷起。]"
dialogue|142|149|Dialogue Text,"This way... the climb is a little steep, I'm afraid.",这边走……恐怕坡有点陡。
dialogue|142|150|Dialogue Text,[Complete the quote],[补全那句引文]
dialogue|142|151|Dialogue Text,"Back up the path, and back under the sun through the rain-curtain, gold to grey...","顺着小路往回走,穿过雨幕重新回到阳光下,从金黄回到灰暗……"
dialogue|142|152|Dialogue Text,"[Just watch, silently.]",[只是默默地看着。]
dialogue|142|155|Dialogue Text,"Lift up your heart, my friend. The saint is patient, and so am I.","打起精神来,我的朋友。圣人有耐心,我也有。"
dialogue|142|156|Dialogue Text,The words of the saint dwell in your ears. Now your memories will dwell in our eyes. Come with me now.,"圣人的话语,栖居于您的耳中。如今,您的回忆,将栖居于我们眼中。随我来吧。"
dialogue|142|157|Dialogue Text,Where?,去哪儿?
dialogue|142|159|Dialogue Text,Yes! To the sea!,对!去海边!
dialogue|142|160|Dialogue Text,"""For behold, the Sun offers the waters of the sea as from a ewer...""","「因为看哪,太阳献出海水,如自执壶中倾出……」"
dialogue|142|161|Dialogue Text,"""...he lays up the deep in his house of lights.""","「……他把深渊,收存在自己的光之屋中。」"
dialogue|142|162|Dialogue Text,Jaume kneels down to scoop a little sea-water into an empty biscuit-tin decorated with gambolling lambs in chipped enamel.,"若梅跪下来,舀了一点海水,装进一只空饼干罐——罐身的珐琅釉彩斑驳剥落,画着嬉戏的羔羊。"
dialogue|142|163|Dialogue Text,"Just so, my friend. Exactly so!","正是如此,我的朋友。正是如此!"
dialogue|142|164|Dialogue Text,[Look out across the sea. Recall what was done to me beneath it.],"[望向海面。回想大海之下,曾有人对我做过的事。]"
dialogue|142|165|Dialogue Text,[Look out across the sea. It's a beautiful day. Nothing like the drab town streets.],"[望向海面。天气晴好,与镇上灰扑扑的街道全然不同。]"
dialogue|142|166|Dialogue Text,"There are parts of the Mediterranean now where the sea is mud or blood. Here, still, it's the Bay of Angels. Blue as the remembered skies of childhood.","如今,地中海有些地方,海水已成了泥浆或血。而这里,依然是天使湾。蓝得像童年记忆里的天空。"
dialogue|142|167|Dialogue Text,"Twinges of remembered pain. There was a cage, or a rack, or a thorned reef, in the city beneath the waves, and they drew the Worms from me like blood.","记忆中的痛楚,一阵阵抽动。在波浪下的那座城里,有个笼子,或一架刑架,或一片荆棘礁,他们像放血一样,把蠕虫从我体内引出。"
dialogue|142|168|Dialogue Text,There. We have what we need.,"好了。我们需要的,都有了。"
dialogue|142|169|Dialogue Text,"Now, we shall see. And perhaps, also, the saint. The honour is yours, my friend.","现在,我们即将看见了。也许,圣人也要看见了。这份荣幸,属于您,我的朋友。"
dialogue|142|170|Dialogue Text,[Cast the sea-water on the brazier before the window.],[把海水泼在彩窗前的火盆上。]
dialogue|142|171|Dialogue Text,[Shake head; let Jaume do it.],[摇摇头;让若梅来做。]
dialogue|142|172|Dialogue Text,A cloud of steam; and then nothing obvious has changed.,"一团蒸汽升起;然后,并没有什么明显的变化。"
dialogue|142|173|Dialogue Text,Fire and water; salt and sun. It is done.,火与水;盐与日。成了。
dialogue|142|174|Dialogue Text,"The bishop might not agree with everything I have said to you. But the bishop does not come often to Antibes, and the saint is here always.","主教未必赞同我对您说的每一句话。但主教不常来昂蒂布,而圣人,始终在这里。"
dialogue|142|175|Dialogue Text,[Renounce Plan] Jaume: this is not something I can help you with.,"[放弃计划] 若梅:这件事,我帮不了您。"
dialogue|142|176|Dialogue Text,I understand what you are saying. You are wrong; but I understand. Go beneath the eye of Heaven.,"我明白您的话。您错了;但我明白。去吧,愿您在苍天之眼下前行。"
dialogue|142|177|Dialogue Text,"I've reconsidered. I can, and I will, help you open the saint's eyes.","我重新想过了。我能,而且愿意,帮您睁开圣人的眼睛。"
dialogue|142|178|Dialogue Text,"'The light of the body is the eye: if therefore thine eye be undivided, thy whole body shall be full of light'.","「眼睛就是身体的灯:所以,你的眼睛若合一,全身就充满光。」"
dialogue|142|179|Dialogue Text,I only <i>hoped</i> that you would reconsider; but the saint knew that you would.,"我不过是<i>盼望</i>您回心转意;但圣人知道,您会。"
dialogue|142|1|Dialogue Text,Light perpetual shine upon you.,"愿永恒之光,常照于您。"
dialogue|142|25|Dialogue Text,Leave.,告辞。
dialogue|142|29|Dialogue Text,"You mean, you have two names? No, of course you do, that's all right, you see? That's why the saint brought <i>you</i>.","您是说,您有两个名字?不,您当然有,这没什么,您明白吗?正因如此,圣人才把<i>您</i>带来。"
dialogue|142|2|Dialogue Text,"Did you wish to...but, wait. Let me see. Is it you?","您是想……不过,且慢。让我瞧瞧。是您吗?"
dialogue|142|3|Dialogue Text,"'Hollow of spirit and brazen of heart,' she said. And that you would open her eyes.","「魂灵空虚,心坚如铜,」她这样说过。还说,您会睁开她的眼睛。"
dialogue|142|4|Dialogue Text,[Nod confidently.],[自信地点点头。]
dialogue|142|5|Dialogue Text,"I'm sorry, Jaume. I'm not who you think I am.","抱歉,若梅。我不是您想的那个人。"
dialogue|142|62|Dialogue Text,My son.,我的孩子。
dialogue|142|63|Dialogue Text,You said I would 'open her eyes'. The window? The saint? Or...,"您说过,我会「睁开她的眼睛」。是那扇彩窗?是圣人?还是……"
dialogue|142|65|Dialogue Text,I had a question...,我有个问题……
dialogue|142|68|Dialogue Text,I will do my very best to answer it!,我一定尽力回答!
dialogue|142|73|Dialogue Text,"[Playful] Well, generally, it's me, yes.","[戏谑] 嗯,一般来说,那就是我,没错。"
dialogue|142|74|Dialogue Text,[Shrug silently.],[无声地耸耸肩。]
dialogue|142|75|Dialogue Text,What does that mean?,那是什么意思?
dialogue|142|76|Dialogue Text,"The priest blinks slowly, as if struggling to focus.","神父缓缓眨着眼,仿佛正费力地聚拢目光。"
dialogue|142|77|Dialogue Text,[Opportunistic] It is.,[伺机] 正是。
dialogue|142|78|Dialogue Text,Saint Reparata said I would have a visitor. Is it you?,"圣雷帕拉塔说过,会有一位访客到来。是您吗?"
dialogue|142|79|Dialogue Text,Then you'll open her eyes?,"那么,您会睁开她的眼睛?"
dialogue|142|7|Dialogue Text,"The saint will bring you together, you and this Nina, once her eyes are open. I'm certain of it.","等她睁开眼睛,圣人定会让你们重逢——您和这位尼娜。我确信无疑。"
dialogue|142|80|Dialogue Text,Certainly.,当然。
dialogue|142|81|Dialogue Text,'Her...?',「她……?」
dialogue|142|82|Dialogue Text,Saint Reparata's eyes.,圣雷帕拉塔的眼睛。
dialogue|142|83|Dialogue Text,The priest turns to gesture at the stained glass window behind the altar.,"神父转过身,朝祭坛后的彩绘玻璃窗比了个手势。"
dialogue|142|84|Dialogue Text,I don't... I don't really know what you want.,我不……我真的不明白您想要什么。
dialogue|142|85|Dialogue Text,"Her name, you see, is Reparata; but not her only name. Mine is Jaume, and that is all the name I own.","您看,她的名字叫雷帕拉塔;但那不是她唯一的名字。我的名字叫若梅,这便是我仅有的名字。"
dialogue|142|86|Dialogue Text,"But I don't want anything. It's the saint. She can't see; and at last here you are, to help her.","可我什么也不要。要的是圣人。她看不见;而您终于来了,来帮助她。"
dialogue|142|87|Dialogue Text,Jaume doesn't smile - but his eyes crinkle as if he might.,"若梅没有笑——但眼角的皱褶,仿佛随时会牵出一个笑来。"
dialogue|142|88|Dialogue Text,[Step forward to examine the window.],[上前端详那扇彩窗。]
dialogue|142|89|Dialogue Text,I'll need something in return. I'm looking for someone: a woman named [[Nina Lagasse]].,我需要回报。我在找一个人:一位名叫[[尼娜·拉加斯]]的女子。
dialogue|142|90|Dialogue Text,Father Jaume. Are you quite well?,若梅神父。您身体还好吗?
dialogue|142|91|Dialogue Text,"Well? No, no, not for some time now. Thank you for asking.","还好吗?不,不,已经有些日子不好了。谢谢您关心。"
dialogue|142|92|Dialogue Text,"Jaume shifts from foot to foot, like a raincloud buffeted by wind.","若梅两只脚轮番地掂着,像一朵被风扑打的雨云。"
dialogue|142|93|Dialogue Text,"[True As Far As It Goes] Jaume, I was ordained at Plymouth Cathedral. Thirty years ago now. ","[大体属实] 若梅,我在普利茅斯大教堂受了按立。那已是三十年前的事了。"
dialogue|142|94|Dialogue Text,"Oh! I should have known! Forgive me, my friend.","哦!我本该想到的!原谅我,我的朋友。"
dialogue|142|95|Dialogue Text,My friend.,我的朋友。
dialogue|142|96|Dialogue Text,The eyes of the saint are opened.,"圣人的眼睛,睁开了。"
dialogue|142|97|Dialogue Text,'My friend.' We were never really introduced.,「我的朋友。」我们其实从未正式结识。
dialogue|142|98|Dialogue Text,"Don't be silly, Jaume.","别说傻话,若梅。"
dialogue|142|99|Dialogue Text,"Honestly, I couldn't say whether or not I'm still, bureaucratically, a priest. I moved on before the process was complete. For all I know, the Vatican lost the paperwork. But either way, the mark remains.","说真的,我无法断言,在官僚意义上自己是否还算神父。程序走完之前,我便已离开了。说不定,梵蒂冈把文书弄丢了。但无论如何,印记仍在。"
dialogue|143|100|Dialogue Text,'Spencer Hobson.',『斯宾塞·霍布森。』
dialogue|143|101|Dialogue Text,'Sylvain Huissier'. But hush! I'm under cover.,『西尔万·韦西耶』。可别声张！我在执行秘密任务。
dialogue|143|102|Dialogue Text,[American accent] Call me... 'Midnight Joe'.,[美国口音] 叫我……『午夜乔』。
dialogue|143|103|Dialogue Text,English. I knew it immediately. A true English gentleman.,英国人。我一眼就看出来了。真正的英国绅士。
dialogue|143|104|Dialogue Text,"Watch out for Jean-Bernard, then. He's a terrible gossip.",那可得当心让-贝尔纳。他是出了名的大嘴巴。
dialogue|143|105|Dialogue Text,"You need to work on your accent, Midnight Joe.",你的口音还得好好练练，午夜乔。
dialogue|143|107|Dialogue Text,This again...,又是这套……
dialogue|143|108|Dialogue Text,"I apologise, [q=alias.formal], for these savages. If they had better manners, they'd introduce themselves.",我为这些粗人向您道歉，[q=alias.formal]。他们若懂礼数，就该自我介绍。
dialogue|143|109|Dialogue Text,Aristide is the noisy one.,阿里斯蒂德是那个闹腾的。
dialogue|143|10|Dialogue Text,Hsst! 'Silence is silver.',嘘！『沉默是银。』
dialogue|143|110|Dialogue Text,I dare not contradict <i>madame la marquise</i>.,我可不敢反驳<i>侯爵夫人阁下</i>。
dialogue|143|111|Dialogue Text,Leopold is our painter. And our nihilist.,利奥波德是我们的画家。也是我们的虚无主义者。
dialogue|143|112|Dialogue Text,"This song again. Ignore the duchess. I'm a realist. At worst, an existentialist.",又来了。别理会这位公爵夫人。我是现实主义者。至多算个存在主义者。
dialogue|143|113|Dialogue Text,Jean-Bernard is our poet.,让-贝尔纳是我们的诗人。
dialogue|143|114|Dialogue Text,"I am a poor excuse for a poet, at best, [q=alias.title.fr].",我不过是个不入流的诗人，充其量如此，[q=alias.title.fr]。
dialogue|143|115|Dialogue Text,But an adequate mechanic.,但还算个称职的机修工。
dialogue|143|116|Dialogue Text,And I am Philomèle.,而我，是菲洛梅尔。
dialogue|143|117|Dialogue Text,"A duchess, I hear. Or a marchioness?",我听说，是位公爵夫人。还是侯爵夫人？
dialogue|143|119|Dialogue Text,"You're these boys' governess, I take it?",我猜，你是这帮小伙子的家庭教师？
dialogue|143|11|Dialogue Text,"Who is, my friend? Who is? But, listen, [q=alias.last], I prefer this one: 'A glass in the nose, and the tongue loosens.'",谁？我的朋友，谁呀？不过，听着，[q=alias.last]，我更喜欢这句：『鼻子一杯，舌头就松了。』
dialogue|143|120|Dialogue Text,Delighted.,幸会。
dialogue|143|123|Dialogue Text,"Aristide, halfway through a draw on his pipe, cough-splutters with delight.",阿里斯蒂德正吸着烟斗，乐得连咳带呛，把烟都喷了出来。
dialogue|143|124|Dialogue Text,"An awkward pause, until Aristide takes pity on me.",一阵尴尬的沉默，直到阿里斯蒂德可怜起我来。
dialogue|143|125|Dialogue Text,"That's it, lads, never mind <i>la marquise</i>, she's the governess now!",行了，伙计们，别管什么<i>侯爵夫人</i>了，她现在是家庭教师了！
dialogue|143|126|Dialogue Text,I do what I can to raise the tone. But one cannot empty the sea with a spoon.,我尽力把格调拔高些。可一勺是舀不干大海的。
dialogue|143|127|Dialogue Text,And she calls <i>me</i> a nihilist.,她倒管<i>我</i>叫虚无主义者。
dialogue|143|128|Dialogue Text,I'd say it's more like pissing in a violin. But that's because I lack manners.,要我说，更像往小提琴里撒尿。不过那是因为我缺乏教养。
dialogue|143|129|Dialogue Text,"If we're finally now finished with the badinage, there's something I need to discuss with you.",玩笑若是终于开够了，我有件事要和你谈谈。
dialogue|143|12|Dialogue Text,Times are tight. I really can't spare the cash.,时局艰难。我真的匀不出钱来。
dialogue|143|130|Dialogue Text,"Pray continue, my prince.",请讲吧，我的王子。
dialogue|143|131|Dialogue Text,"They catch on quick, the authorities!",当局学得真快！
dialogue|143|132|Dialogue Text,Our Leopold likes his aphorisms. Like any good nihilist.,我们的利奥波德爱讲他的格言。跟所有称职的虚无主义者一样。
dialogue|143|133|Dialogue Text,"I'm not a nihilist! You're not nearly as funny as you think you are, Aristide.",我不是虚无主义者！你远没自己想的那么有趣，阿里斯蒂德。
dialogue|143|134|Dialogue Text,[Rack my brains for a clever aphorism.],[绞尽脑汁，想找一句俏皮格言。]
dialogue|143|136|Dialogue Text,You want me to fetch drinks for you and your friends.,你想让我给你和你的朋友端酒。
dialogue|143|138|Dialogue Text,"[Gesture carelessly] ""Bronze is the mirror of the face; wine, the mirror of the mind.""",[随意一挥手] 『青铜是面孔的镜子，美酒是心神的镜子。』
dialogue|143|139|Dialogue Text,"[Nod approvingly] ""This horrible tearing thirst demands that you fill yourselves with wine.""",[赞许地点头] 『这可怕的灼渴，正催你们以酒灌满自己。』
dialogue|143|13|Dialogue Text,All right. Linou knows what you drink?,好吧。利努知道你们喝什么？
dialogue|143|140|Dialogue Text,What??,什么？？
dialogue|143|141|Dialogue Text,"Just... go get us something to drink, eh?",就……去给我们弄点喝的，嗯？
dialogue|143|142|Dialogue Text,I always liked that one.,我一直喜欢那句。
dialogue|143|143|Dialogue Text,To put it bluntly: yes.,直说了吧：是的。
dialogue|143|144|Dialogue Text,I have better things to do than get drunks drunker.,我还有更要紧的事，犯不着把醉汉灌得更醉。
dialogue|143|145|Dialogue Text,You asked me to get drinks for everyone here...,是你让我给在座各位端酒的……
dialogue|143|146|Dialogue Text,"""A guest should not come empty-handed.""",『客人不该空手登门。』
dialogue|143|147|Dialogue Text,"Of course. Please, join us.",当然。请入座。
dialogue|143|148|Dialogue Text,[Consider buying drinks for the four of them.],[考虑为这四位买一轮酒。]
dialogue|143|149|Dialogue Text,You'll speak more freely if I top you up with wine?,我把你的酒添满，你说话会更痛快吧？
dialogue|143|151|Dialogue Text,[It never hurts to make friends.],[交朋友总没坏处。]
dialogue|143|152|Dialogue Text,[This is a waste of time.],[这是在浪费时间。]
dialogue|143|154|Dialogue Text,Linou knows <i>everything</i>.,利努<i>什么</i>都知道。
dialogue|143|156|Dialogue Text,(The man has sea-urchins in his pockets.),（这家伙口袋里装着海胆。）
dialogue|143|157|Dialogue Text,Oho!,哦嚯！
dialogue|143|159|Dialogue Text,Bah.,哼。
dialogue|143|160|Dialogue Text,"Something tells me our thirsts will remain unquenched a little longer. A presentiment, perhaps. Or something in your eyes. Perhaps it is the absence of drinks.",我隐约觉得，我们的口渴还得再熬上一阵。也许是种预感。也许是您眼里的什么。也许只是酒迟迟不来。
dialogue|143|161|Dialogue Text,"'Absence of evidence is not evidence.' There is still room for optimism, Aristide.",『证据的缺席不是证据。』总还有乐观的余地，阿里斯蒂德。
dialogue|143|162|Dialogue Text,Ah! <i>le Révérend Père</i> William Wright. On the Hittites.,啊！<i>可敬的神父</i>威廉·赖特。论赫梯人的那本。
dialogue|143|163|Dialogue Text,"No - It's Cygnifer, on the Serpent. The heresy.",不对——是《西尼费尔》，论蛇的那本。那部异端。
dialogue|143|164|Dialogue Text,Pff. You know I don't read that gibberish.,嗤。你知道我不读那种天书。
dialogue|143|165|Dialogue Text,"Of course. Perhaps your fortune will change, and you'll remember us.",当然。也许你的时运会变，那时你会想起我们。
dialogue|143|166|Dialogue Text,Eyes in the eyes!,眼对眼！
dialogue|143|167|Dialogue Text,A general clinking of glasses.,一片碰杯声。
dialogue|143|168|Dialogue Text,[Look each of the others in the eye.],[与其余每个人目光相对。]
dialogue|143|169|Dialogue Text,[Keep my eyes on the floor. I don't want anyone to remember my face better than they have to.],[目光落在地板上。我不愿任何人把我的脸记得比必要的更清楚。]
dialogue|143|170|Dialogue Text,"Aristide, merry; Leopold, wary; Jean-Bernard, wistful; Philomèle, wry.",阿里斯蒂德，快活；利奥波德，警惕；让-贝尔纳，怅惘；菲洛梅尔，讥诮。
dialogue|143|171|Dialogue Text,[Lift the glass of red wine that Linou added to the tray for me.],[举起利努为我添到托盘上的那杯红酒。]
dialogue|143|172|Dialogue Text,[Lift the glass of white wine that Linou added to the tray for me.],[举起利努为我添到托盘上的那杯白葡萄酒。]
dialogue|143|173|Dialogue Text,[Lift the glass of pastis that Linou added to the tray for me.],[举起利努为我添到托盘上的那杯茴香酒。]
dialogue|143|174|Dialogue Text,[Lift the camomile tea that Linou added to the tray for me.],[举起利努为我添到托盘上的那杯甘菊茶。]
dialogue|143|175|Dialogue Text,[Lift the Coca-Cola that Linou added to the tray for me.],[举起利努为我添到托盘上的那杯可口可乐。]
dialogue|143|176|Dialogue Text,[Lift the possibly-coffee that Linou added to the tray for me.],[举起利努为我添到托盘上的那杯疑似咖啡。]
dialogue|143|177|Dialogue Text,[Lift the glass of water that Linou added to the tray for me.],[举起利努为我添到托盘上的那杯水。]
dialogue|143|178|Dialogue Text,[I added something to Philomèle's drink. Watch and wait to see any effect.],[我在菲洛梅尔的酒里加了点什么。且看效果。]
dialogue|143|179|Dialogue Text,[I added something to their drinks - and something more to Philomèle's. Watch and wait to see the effect.],[我在他们的酒里加了点什么——给菲洛梅尔的还额外加了料。且看效果。]
dialogue|143|180|Dialogue Text,No more wine for [q=alias.familiar]!,别再给[q=alias.familiar]倒酒了！
dialogue|143|181|Dialogue Text,"If one of them likes you enough, perhaps they'll open up. Except Aristide. If Aristide knew anything, he'd already have blurted it out.",若他们中有人足够喜欢你，或许会敞开心扉。阿里斯蒂德除外。他若知道什么，早就脱口而出了。
dialogue|143|183|Dialogue Text,"Not the world entire. But what has occurred. Perhaps you have noticed, [q=alias.familiar], that the world is different since the war.",不是整个世界。而是发生过的事。也许你已察觉，[q=alias.familiar]，大战之后，世界大不相同。
dialogue|143|184|Dialogue Text,"Yes. It has holes in it, for instance.",是的。比如，它上面有洞。
dialogue|143|185|Dialogue Text,Yes. The sun is not what it was...,是的。太阳已不是从前的太阳……
dialogue|143|186|Dialogue Text,"Yes. What walked only in the night, walks in the daylight.",是的。只在夜里游荡的东西，如今在白昼行走。
dialogue|143|187|Dialogue Text,Leopold rolls his eyes.,利奥波德翻了个白眼。
dialogue|143|188|Dialogue Text,Philomèle raises her glass fractionally. Jean-Bernard nods.,菲洛梅尔稍稍举杯。让-贝尔纳点了点头。
dialogue|143|189|Dialogue Text,Leopold chuckles drily.,利奥波德干巴巴地笑了。
dialogue|143|190|Dialogue Text,Precisely. To name only a single consequence. But a consequence of what? That is what we discuss.,正是。这里只举出一个后果。可它是什么的后果？这正是我们所谈论的。
dialogue|143|191|Dialogue Text,"To me, it is clear. The weapons unleashed by the Enemy - and against the Enemy, by the Allies - were too terrible. They cracked Europe like the shell of an egg [he stamps a foot for emphasis]. Now, the cracks spread! The egg leaks until the shell is empty. But to my friends, somehow it is not so clear.",在我看来，这很清楚。敌人释放的武器——以及同盟用来对付敌人的武器——都太过可怕。它们像蛋壳一样击裂了欧洲[他跺了跺脚以示强调]。如今裂缝还在蔓延！蛋液一直流，直到蛋壳空竭。可对我的朋友们来说，不知为何，就没这么清楚了。
dialogue|143|192|Dialogue Text,Jean-Bernard?,让-贝尔纳？
dialogue|143|193|Dialogue Text,...Philomèle is right. The blood on the Sun is the blood of the secret gods.,……菲洛梅尔说得对。太阳上的血，是隐秘诸神的血。
dialogue|143|194|Dialogue Text,Leopold?,利奥波德？
dialogue|143|195|Dialogue Text,Leopold is right. It's not a question anyone can ever answer.,利奥波德说得对。这不是任何人能够回答的问题。
dialogue|143|196|Dialogue Text,Philomèle?,菲洛梅尔？
dialogue|143|197|Dialogue Text,What do you think?,你觉得呢？
dialogue|143|198|Dialogue Text,I think...,我想……
dialogue|143|199|Dialogue Text,"The Church teaches that the Sun has many natures. And the esoterics teach that the world has other natures, necessary to sustain its existence. The 'War in the Sun' is not only a figure of speech. These natures warred. Many died. And now Europe dies with them.",教会教导说，太阳有许多本性。密教学者则教导说，世界还有另一些本性，为维系其存在所必需。『太阳之战』并非仅仅一个比喻。这些本性交战了。许多本性死去。如今，欧洲正随它们一同死去。
dialogue|143|200|Dialogue Text,"Philomèle, you should know, is a journalist. She writes articles in magazines for readers less intelligent than she. Horoscopes - tripe of that nature. Over the years, it has infected her with mysticism.",要知道，菲洛梅尔是个记者。她为智力不及她的读者们撰写杂志文章。占星专栏——诸如此类的货色。这些年来，这活儿让她染上了神秘主义。
dialogue|143|201|Dialogue Text,"Impossible ever to say. Our understanding lies buried beneath ignorance, beneath the gravestone knowledge, raised by science and art.",永远无从言说。我们的理解深埋在无知之下，深埋在科学和艺术竖起的墓碑般的知识之下。
dialogue|143|202|Dialogue Text,"Philomèle sips her wine, smiling very slightly.",菲洛梅尔抿了口酒，嘴角浮起极淡的笑意。
dialogue|143|203|Dialogue Text,"""Each hour has its colour - each flame has its fuel.""",『每个时辰有它的颜色——每簇火焰有它的燃料。』
dialogue|143|204|Dialogue Text,This nonsense is more contagious than I knew.,这种胡话比我想象的更有传染性。
dialogue|143|205|Dialogue Text,"In other words, we have passed a point of no return. We cannot know what has happened to our world. To discuss the matter will only expand our ignorance - until we grope like apes in the dark.",换句话说，我们已经越过了无可回返之点。我们无法知晓我们的世界究竟发生了什么。谈论此事只会扩大我们的无知——直到我们像猿猴一般，在黑暗中摸索。
dialogue|143|206|Dialogue Text,<size=60%>(Nihilist.)</size>,<size=60%>（虚无主义者。）</size>
dialogue|143|207|Dialogue Text,"Do apes... that is, I think apes have better night vision than we do...?",猿猴……我是说，我觉得猿猴的夜视能力比我们强……？
dialogue|143|208|Dialogue Text,You see? My point exactly. We get more ignorant each time we open our mouths.,瞧见了吗？正是我的意思。我们每开口一次，就变得更无知一分。
dialogue|143|209|Dialogue Text,The Stars.,群星。
dialogue|143|20|Dialogue Text,Can we talk?,我们能谈谈吗？
dialogue|143|210|Dialogue Text,"The things in Russia, I mean. The ones behind the Ministries. Everything changed when they came. I was an [[Icarian]]. I still am, I suppose. I think it might get better. But I think, before then, it will get much worse.",我是说俄国来的那些东西。联盟背后的那些。它们来时，一切都变了。我一度是[[伊加利亚]]人。我想，现在仍是。我觉得事情也许会好转。但好转之前，会先坏得多。
dialogue|143|211|Dialogue Text,Why the Stars? Why not the [[Incorporates]]?,为什么是群星？为什么不是[[集团]]？
dialogue|143|212|Dialogue Text,"No no, you're right. They make it worse. We were never meant to touch Heaven. Not like this. It will split us like old wineskins.",不不，你说得对。它们让一切更糟。我们本不该触碰天堂。不该以这种方式。它会像旧酒囊一样把我们撑裂。
dialogue|143|213|Dialogue Text,"So if we hadn't had the War, it would be just as bad? The plagues? The bloodied Sun?",那么，即使没有那场大战，一切也一样糟？瘟疫？染血的太阳？
dialogue|143|214|Dialogue Text,"It might have taken longer. 'We are never blind to stones, but we cannot see the earth.'",也许只会来得更慢些。『我们从不无视石头，却看不见大地。』
dialogue|143|215|Dialogue Text,That's one of his. No-one knows what it means.,那是他的句子。没人知道是什么意思。
dialogue|143|216|Dialogue Text,"I liked it, though.",不过，我喜欢。
dialogue|143|218|Dialogue Text,[An awkward shrug.],[尴尬地耸耸肩。]
dialogue|143|219|Dialogue Text,"...you're right, Aristide. If we wanted a working continent, we shouldn't have been firing fungus at each other.",……你说得对，阿里斯蒂德。我们若想要一个还能运转的大陆，就不该朝彼此扔真菌。
dialogue|143|220|Dialogue Text,...the nihilist has a point.,……虚无主义者说得在理。
dialogue|143|221|Dialogue Text,...Jean-Bernard is right. The Stars are wrong.,……让-贝尔纳说得对。群星出了差错。
dialogue|143|222|Dialogue Text,"Hear that, lads? Democracy in action.",听见了吗，伙计们？这就是活生生的民主。
dialogue|143|223|Dialogue Text,"Why do I have the sense, [q=alias.formal], that you understand these matters better than I?",为什么我总觉得，[q=alias.formal]，你比我对这些事懂得更多？
dialogue|143|224|Dialogue Text,"And so neither can we know if I'm right, eh? But, thank you.",那么，我们同样无从知道我是否正确了，嗯？不过，谢谢你。
dialogue|143|225|Dialogue Text,"[Leopold struggles to decide on an expression. Eventually, he grinds his teeth..]",[利奥波德努力想摆出一副表情。最终，他磨了磨牙。]
dialogue|143|226|Dialogue Text,Thank you. Although I hope that I am wrong.,谢谢你。不过我希望自己是错的。
dialogue|143|228|Dialogue Text,"This is the State, Aristide.","这就是邦国,阿里斯蒂德。"
dialogue|143|229|Dialogue Text,"Exactly! We had an election - not only an election, but a select and refined election! Free of Icarians and un...patriots! A republican distillate, my friends. Like wine to cognac. Oh, the cognac is perhaps a little rough on the throat. Perhaps the hangover is -","正是!我们举行过一场选举——不只是选举,而是一场精挑细选、蒸馏提纯的选举!没有伊加利亚人,也没有不……爱国者!共和国的精华,朋友们。好比葡萄酒之于白兰地。哦,白兰地也许有点呛喉咙。也许宿醉是——"
dialogue|143|230|Dialogue Text,Philomèle coughs gently. She takes care not to look in my direction.,菲洛梅尔轻轻咳了一声。她刻意不朝我这边看。
dialogue|143|231|Dialogue Text,<i>La marquise</i> flatters me.,<i>侯爵夫人</i>过誉了。
dialogue|143|232|Dialogue Text,Madame is wise.,夫人明智。
dialogue|143|233|Dialogue Text,"[Place a finger to my lips, as if touching them by accident. Smile, very slightly.]","[把一根手指按在唇边,仿佛不经意地碰到。极轻地微笑。]"
dialogue|143|234|Dialogue Text,Relax and join in.,"放松些,加入进去。"
dialogue|143|235|Dialogue Text,"Remain a smiling, distant presence.",保持着微笑而疏离的姿态。
dialogue|143|236|Dialogue Text,Join in; perform friendship; solicitously demonstrate my concern for poor Philomèle.,加入进去;演好这场友情;殷勤地表现出我对可怜的菲洛梅尔的关切。
dialogue|143|237|Dialogue Text,Be solicitous; demonstrate my concern for poor Philomèle.,表现得体贴些;显出我对可怜的菲洛梅尔的关切。
dialogue|143|239|Dialogue Text,"The wild mood passes, the moths depart - but they'll always remember something enchanted about the evening.","狂放的气氛过去了,飞蛾散去——但他们总会记得,这个夜晚有种着了魔的意味。"
dialogue|143|23|Dialogue Text,I'm looking for [[Nina Lagasse]].,我在找[[尼娜·拉加斯]]。
dialogue|143|240|Dialogue Text,Philomèle rallies; but they'll always remember something poisoned about the evening.,"菲洛梅尔打起精神;但他们总会记得,这个夜晚有种下了毒的意味。"
dialogue|143|241|Dialogue Text,"By their words shall ye know them, hm, Leopold?","听其言,知其人,嗯,莱奥波德?"
dialogue|143|242|Dialogue Text,"And I'm sorry, Leopold.","还有,对不起,莱奥波德。"
dialogue|143|244|Dialogue Text,I mean - Moscow -,我是说——莫斯科——
dialogue|143|245|Dialogue Text,"Your mouth! I'm not a nihilist, and I'm not a Russian! I'm from Lappeenranta!","嘴上留神!我不是虚无主义者,也不是俄国人!我来自拉彭兰塔!"
dialogue|143|246|Dialogue Text,...sorry.,……抱歉。
dialogue|143|247|Dialogue Text,<i>Chemin-de-fer</i> - railway. You know it?,<i>铁轨牌</i>——就是“铁路”。你知道吗?
dialogue|143|248|Dialogue Text,It's like baccarat...?,跟巴卡拉差不多……?
dialogue|143|250|Dialogue Text,...but the bank moves round the table. Yes.,……不过庄家绕桌轮转。没错。
dialogue|143|251|Dialogue Text,...but I don't remember exactly.,……不过我记不太清了。
dialogue|143|252|Dialogue Text,Not really.,不太知道。
dialogue|143|253|Dialogue Text,Deal me in.,算我一个。
dialogue|143|254|Dialogue Text,That's a casino game. Aren't there laws about playing in a café?,"那是赌场的玩法。在咖啡馆里赌,难道没有法律管吗?"
dialogue|143|255|Dialogue Text,The authoriteeees!,当——当局!
dialogue|143|256|Dialogue Text,"For these tiny sums? The casinos, and the Milice, will not trouble themselves. But don't let us drag you into anything <i>illicit</i>...","就这点小钱?赌场和民兵团都不会自找麻烦。不过,可别让我们把你拖进什么<i>非法</i>的事……"
dialogue|143|257|Dialogue Text,"[Back Out] Perhaps I'll just watch, for now.",[退出] 也许眼下我看看就好。
dialogue|143|258|Dialogue Text,"Oh, don't worry. You'll pick it up as you go. [He grins.]","哦,别担心。玩着玩着你就学会了。[他咧嘴一笑。]"
dialogue|143|259|Dialogue Text,It's your turn as the bank. What's the limit?,轮到你坐庄了。限额多少?
dialogue|143|260|Dialogue Text,"Relax: you don't need to understand chemin-de-fer or baccarat. All you need to know is that the players take turns as the banker, and the banker sets the limit on the bets. So pick a big limit, impress the enthusiasts, perhaps lose all your money if you don't have the skills. Or pick a small limit and ride quietly along.","放松:你不必弄懂铁轨牌或巴卡拉。你只需知道:玩家轮流坐庄,庄家定下赌注的限额。所以,要么定个大限额,震住那些牌迷——要是你技艺不精,也许会输光全部身家;要么定个小限额,安安静静跟着玩。"
dialogue|143|261|Dialogue Text,These rapscallions are drawing cards out of a woman's shoe and playing for small stakes. You're not going to lose your shirt. Or whatever other Outfit you're wearing.,"这群捣蛋鬼正从一只女人的鞋里摸牌,赌的又是小注。你不会输掉衬衫的。或者你身上穿的别的什么行头。"
dialogue|143|262|Dialogue Text,[Bet cautiously] Five francisques.,[谨慎下注] 五枚法兰西斧币。
dialogue|143|263|Dialogue Text,[Bet confidently] Ten francisques.,[自信下注] 十枚法兰西斧币。
dialogue|143|264|Dialogue Text,[BE VALIANT!] FIFTEEN FRANCISQUES.,[拿出勇气来!] 十五枚法兰西斧币!
dialogue|143|265|Dialogue Text,Eh.,嗯。
dialogue|143|266|Dialogue Text,Mm.,唔。
dialogue|143|267|Dialogue Text,Now <i>that's</i> a man!,这才叫<i>真</i>男人!
dialogue|143|268|Dialogue Text,[Let the cards fall where they may - a one in five chance of winning.] 'A throw of the dice will never abolish chance!',"[让牌听天由命——五分之一的机会能赢。]“骰子一掷,永远取消不了偶然!”"
dialogue|143|269|Dialogue Text,"Mention my name to Andrée, the bookseller - at the Librairie des Heures, near the station - and it'll open a door for you. Perhaps on the other side of that door, you'll find this Nina.","向书商安德烈提起我的名字——车站附近的时辰书店——那会为你开一扇门。也许在那扇门后,你就会找到那位尼娜。"
dialogue|143|26|Dialogue Text,[If I craft a Bewitch item before I go back to the bar... I could definitely make the drinks loosen their tongues.],[若我在回酒吧前炼制一件迷惑道具……我定能让那些酒水撬开他们的嘴。]
dialogue|143|270|Dialogue Text,Remember me to her...?,替我向她问声好……?
dialogue|143|271|Dialogue Text,You great lump of dough. [But he says it softly.],你这团大面团。[不过他说得很轻。]
dialogue|143|272|Dialogue Text,Give Andrée my compliments. Perhaps she can help you find your friend.,替我向安德烈问好。也许她能帮你找到你的朋友。
dialogue|143|273|Dialogue Text,'Friend'?,“朋友”?
dialogue|143|274|Dialogue Text,Or whatever it is that [[Nina Lagasse]] is to you. I'm glad not to be involved with this business. Go carefully.,"或者,随[[尼娜·拉加斯]]对你来说是别的什么。我很庆幸没掺和进这桩事。小心行事。"
dialogue|143|276|Menu Text,"[Sip casually from my drink, as if I hadn't heard anything.]","[随意啜一口酒,仿佛什么都没听见。]"
dialogue|143|277|Dialogue Text,[Turn an imaginary key in the lock of my mouth; drop the imaginary key into Aristide's pastis.],[在我嘴上的锁孔里转动一把想象中的钥匙;再把那把想象中的钥匙丢进阿里斯蒂德的茴香酒里。]
dialogue|143|278|Dialogue Text,"""Did you hear this one yet? A [[Crucian]] walks into a bar in Berlin...""",“这个笑话你听过吗?一个[[介壳种]]走进柏林的一家酒吧……”
dialogue|143|280|Dialogue Text,"""...and then she says, 'but why lamb?""' [Pause for laughter] ","“……然后她说:『可为什么是羔羊?』”[停一停,等笑声]"
dialogue|143|281|Dialogue Text,"""...and then she says, 'but then why does the Form have <i>four</i> ends?""' [Pause for laughter] ","“……然后她说:『那为什么“形态”有<i>四</i>个末端?』”[停一停,等笑声]"
dialogue|143|282|Dialogue Text,"Laughter is not forthcoming. Except for Aristide, who pounds the table and nearly chokes on his pipe.","笑声没有如期而至。只有阿里斯蒂德例外——他捶着桌子,差点被烟斗呛死。"
dialogue|143|283|Dialogue Text,"I don't get it. Aristide, can you explain?","我没听懂。阿里斯蒂德,你能解释解释吗?"
dialogue|143|284|Dialogue Text,"What? No, I don't understand the joke at all. But I liked the accents. He does good accents, our [q=alias.familiar]!","什么?不,这笑话我压根没懂。但我喜欢那些口音。他学口音学得真好,咱们的[q=alias.familiar]!"
dialogue|143|285|Dialogue Text,Table-pounding chortles from Aristide; a wicked giggle from Philomèle; an unexpectedly falsetto titter from Jean-Bernard. Even Leopold allows himself a thin smile.,阿里斯蒂德捶桌闷笑;菲洛梅尔促狭地咯咯笑;让-贝尔纳发出一声意外尖细的假声窃笑。连莱奥波德也破例露出一丝浅笑。
dialogue|143|286|Dialogue Text,"Now that you have what you need from us, eh? [Aristide wags a sorrowful finger.] That is our fate, my friends: we are a well in the desert, and when the traveller has drunk his fill, he will pass on to his true destination. Adieu, [q=alias.familiar]!","如今你从我们这儿拿到了想要的,嗯?[阿里斯蒂德伤心地摇了摇手指。] 这就是我们的命,朋友们:我们是沙漠里的一口井,旅人喝足了水,就会继续走向他真正的目的地。别了,[q=alias.familiar]!"
dialogue|143|287|Dialogue Text,"[Truth] Say rather a friendly campfire, Aristide. [Nod at his pipe.] I'll see you again.","[实话] 不如说是一堆友善的篝火,阿里斯蒂德。[朝他的烟斗点点头。] 我们还会再见。"
dialogue|143|288|Dialogue Text,"You had your free drinks, and my business cannot wait. Let's not pretend we're family.","你已经喝过你的免费酒了,我的正事等不起。别装得我们像一家人。"
dialogue|143|289|Dialogue Text,"[Lie] Say rather a friendly campfire, Aristide. [Nod at his pipe.] I'll see you again.","[谎话] 不如说是一堆友善的篝火,阿里斯蒂德。[朝他的烟斗点点头。] 我们还会再见。"
dialogue|143|290|Dialogue Text,"You know, [q=alias.familiar], in this town we call them <i>cards</i>.","你知道吗,[q=alias.familiar],在这镇上,我们管那叫<i>纸牌</i>。"
dialogue|143|291|Dialogue Text,Hush. He's quoting Mazarine.,嘘。他引用的是马扎里纳。
dialogue|143|292|Dialogue Text,No no - it's Mallarmé -,不不——是马拉美——
dialogue|143|293|Dialogue Text,Never mind the salon nonsense. Shut up and draw.,"别管那些沙龙里的胡话。闭嘴,发牌。"
dialogue|143|295|Dialogue Text,[Winning hand] A natural!,[胜局] 天牌!
dialogue|143|296|Dialogue Text,[Losing hand] I have nothing here of any worth.,[败局] 我手里什么值钱的也没有。
dialogue|143|299|Dialogue Text,I thought I had that one.,我还以为那一局是我的。
dialogue|143|29|Dialogue Text,I'm still looking for [[Nina Lagasse]].,我还在找[[尼娜·拉加斯]]。
dialogue|143|2|Dialogue Text,"And here come the authorities! Look sharp, you old bastards, our carrots are cooked now.",当局来了！打起精神来，老东西们，这下我们的胡萝卜熟了。
dialogue|143|300|Dialogue Text,[Try to conceal a momentary fumble.],[试着掩饰一瞬间的手忙脚乱。]
dialogue|143|301|Dialogue Text,"Very good, [q=alias.familiar]. But now we have to take the rest of your money.","很好,[q=alias.familiar]。不过现在,我们得赢走你剩下的钱。"
dialogue|143|302|Dialogue Text,Heaven's name in a brothel of shit!,"老天爷的名讳,掉进屎坑妓院了!"
dialogue|143|303|Dialogue Text,Aristide. Please.,阿里斯蒂德。请别说了。
dialogue|143|304|Dialogue Text,The game continues...,牌局继续……
dialogue|143|305|Dialogue Text,"Aristide, nothing! This... interloper... with his... cuckold's hand... has cleaned me out. This stupid game. I'm finished with it.",阿里斯蒂德?什么也没赢!这个……不速之客……凭他那……戴了绿帽的手……把我搜刮得干干净净。这破游戏。我不玩了。
dialogue|143|306|Dialogue Text,I also must withdraw.,我也得收手了。
dialogue|143|307|Dialogue Text,I'm not making any more charitable donations to newcomers with... <i>unexpectedly</i> good luck.,"我可不想再向运气……<i>出乎意料</i>地好的新人,做慈善捐献了。"
dialogue|143|308|Dialogue Text,"I'm afraid, [q=alias.first], the games are finished for today.","恐怕,[q=alias.first],今天的牌局到此为止了。"
dialogue|143|309|Dialogue Text,[Grumbles inarticulately as he gathers up the cards.],"[一边收牌,一边含混不清地咕哝。]"
dialogue|143|310|Dialogue Text,"What charming money you have, [q=alias.formal].","你的钱可真讨喜,[q=alias.formal]。"
dialogue|143|311|Dialogue Text,Oh! It's me!,哦!是我!
dialogue|143|312|Dialogue Text,Unlucky in love... lucky at cards. Thank you for your contributions.,情场失意……赌场得意。多谢你的慷慨。
dialogue|143|314|Dialogue Text,[A game of cards?],[打牌?]
dialogue|143|315|Dialogue Text,[Join the card game.],[加入牌局。]
dialogue|143|316|Dialogue Text,"[Give a slow smile, finish my drink, and stand up.]","[缓缓露出微笑,喝完杯里的酒,站起身来。]"
dialogue|143|317|Dialogue Text,Of course it would be Leopold. He doesn't miss much.,果然又是莱奥波德。他什么都不会看漏。
dialogue|143|318|Dialogue Text,"What are you talking about? Let go of me, you scoundrel!","你在胡说什么?放开我,你这无赖!"
dialogue|143|319|Dialogue Text,"Come on, don't swallow that from him. Time to go, <i>[q=alias.formal]</i>.","得啦,别信他那一套。该走了,<i>[q=alias.formal]</i>。"
dialogue|143|31|Dialogue Text,"If you make me regret telling you this... I'll make you regret it, too.",你若让我后悔告诉你这件事……我也会让你后悔。
dialogue|143|320|Dialogue Text,"Well - perhaps we could let this pass, this once -","呃——也许这一次,我们可以就当没发生过——"
dialogue|143|321|Dialogue Text,"Perhaps, monsieur, it is best if you find somewhere else to sit.","也许,先生,您最好另找个地方坐。"
dialogue|143|323|Dialogue Text,Go on! It's the broom for you! And don't let us see you here again!,滚!该用扫帚赶你了!别再让我们在这儿见到你!
dialogue|143|324|Dialogue Text,"Back again, is it? Go away. Take your cheating somewhere else.","又回来了?走开。要出千,去别处出。"
dialogue|143|326|Dialogue Text,[Take my cheating somewhere else.],[换个地方出千。]
dialogue|143|327|Dialogue Text,"Jean-Bernard tells a story about Citroën brought in for repair that he thinks might actually be haunted. Philomèle examines her reflection.  Aristide accuses Leopold of stealing his pipe, until he finds he's sitting on it...","让-贝尔纳讲了个故事:一辆送来修理的雪铁龙,他觉得可能真的闹鬼。菲洛梅尔端详着自己的倒影。阿里斯蒂德指责莱奥波德偷了他的烟斗,直到他发现自己正坐在烟斗上……"
dialogue|143|328|Dialogue Text,"Another round of drinks, my friends?","朋友们,再来一轮?"
dialogue|143|329|Dialogue Text,"Once a prince, always a prince! Come back with the drinks.","当过王子,永远是王子!带着酒回来!"
dialogue|143|32|Dialogue Text,"Well... don't tell anyone I told you. But you need to talk to Andrée, the bookseller.",呃……别说是我告诉你的。但你得去找安德烈，那位书商。
dialogue|143|330|Dialogue Text,"The wild mood passes, the moths depart - but they'll always remember something enchanted about the evening. When they look back, they'll think of this moment as the hinge, the last bright beat before a silence.","狂放的气氛过去了,飞蛾散去——但他们总会记得,这个夜晚有种着了魔的意味。回望之时,他们会把这一刻当作枢纽,沉默降临前最后一记明亮的节拍。"
dialogue|143|331|Dialogue Text,"Should I wish to do Zèlia's dirty work... this is my opportunity. Or perhaps I could just convince her that I had. What does she know about curses, anyway?","倘若我想替泽莉亚干那桩脏活……这正是我的机会。又或者,我只需让她相信我干过了。她懂什么诅咒?"
dialogue|143|334|Dialogue Text,[Roll eyes.],[翻个白眼。]
dialogue|143|335|Dialogue Text,Philomèle... do you know a woman named Zèlia? ,菲洛梅尔……你认识一个叫泽莉亚的女人吗?
dialogue|143|336|Dialogue Text,"Zèlia Badat? Sits in the park, on the bright side? Complains about modern morals, throws rocks at the pigeons?",泽莉亚·巴达特?坐在公园向阳一侧的那个?抱怨世风日下、拿石头砸鸽子的那个?
dialogue|143|337|Dialogue Text,I didn't see her throwing any rocks.,我没见她砸什么石头。
dialogue|143|338|Dialogue Text,That's her.,那就是她。
dialogue|143|339|Dialogue Text,Perhaps she ran out of rocks. Or pigeons.,也许是石头用完了。或者鸽子用完了。
dialogue|143|33|Dialogue Text,"I will share a secret. Andrée, at the Librairie des Heures, sells other things than books. ",我分享一个秘密。安德烈，在时光书店那位，除了书还卖别的东西。
dialogue|143|340|Dialogue Text,"Poor old creature. The Badats used to be very grand, you know. But there were the confiscations, you know, and then they shot her husband... she never really recovered. I think her mind is going. Spiders in the attic, you know.","可怜的老东西。你知道,巴达特家从前可是显赫之家。可你知道,后来有没收家产那档子事,再后来他们枪毙了她的丈夫……她始终没能缓过来。我看她的脑子在走神。阁楼里进了蜘蛛,你知道的。"
dialogue|143|341|Dialogue Text,Why do you ask?,你为什么问起这个?
dialogue|143|342|Dialogue Text,"She mentioned your name, that's all.","她提到了你的名字,仅此而已。"
dialogue|143|343|Dialogue Text,She mentioned your name. She really doesn't like you.,她提到了你的名字。她真的很不喜欢你。
dialogue|143|344|Dialogue Text,"She, ah, wanted to commission me to put a curse on you.","她,呃,想雇我给你下个诅咒。"
dialogue|143|345|Dialogue Text,I know her a little. We used to see each other at church. I felt sorry for her. But she never really approved of me anyway. And I don't think she likes people feeling sorry for her.,"我略略认识她。我们从前常在教堂碰面。我那时可怜她。不过她反正从来没真正看得起我。而且我觉得,她不喜欢别人可怜她。"
dialogue|143|346|Dialogue Text,"Philomèle sighs, straightens her shoulders, clearly wants to change the subject.","菲洛梅尔叹了口气,挺直肩膀,显然想换个话题。"
dialogue|143|347|Dialogue Text,She wanted you to do <i>what</i>?,她想让你做<i>什么</i>?
dialogue|143|348|Dialogue Text,Oho! A vendetta on <i>la marquise</i>! There will be blood!,嚯!冲着<i>侯爵夫人</i>的仇怨!要见血了!
dialogue|143|349|Dialogue Text,"Shut up, Aristide. Well, I knew I wasn't her favourite person, but... Heavens.","闭嘴,阿里斯蒂德。好吧,我早知道我不是她的心头好,但……天哪。"
dialogue|143|34|Dialogue Text,"Anyone know this Nina? No? No? Sorry, [q=alias.familiar], no Nina here.",有谁知道这位尼娜？没有？没有？抱歉，[q=alias.familiar]，这儿没有尼娜。
dialogue|143|350|Dialogue Text,So... are you going to do it? Put a <i>curse</i> on me?,那么……你打算做吗?给我下个<i>诅咒</i>?
dialogue|143|351|Dialogue Text,"Well, she did say you were a traitor. And a defiler of husbands. So...","唔,她确实说你是个叛徒。还说你专勾引有妇之夫。所以……"
dialogue|143|352|Dialogue Text,Of course not.,当然不会。
dialogue|143|353|Dialogue Text,[Wink.],[眨眨眼。]
dialogue|143|354|Dialogue Text,"A defiler of - well, tell her she's a collaborationist old viper, and if she'd ever paid her husband any attention -","勾引有妇之夫——哼,那就替我告诉她,她是条附逆的老毒蛇,要是她当年肯多留意自己的丈夫——"
dialogue|143|355|Dialogue Text,"No. No, don't say anything. I'm sorry.","不。不,什么也别说了。抱歉。"
dialogue|143|356|Dialogue Text,Do you believe in curses?,你相信诅咒吗?
dialogue|143|357|Dialogue Text,Leopold is a loudmouth. But he knows me well.,莱奥波德是个大嘴巴。但他很了解我。
dialogue|143|358|Dialogue Text,You're a gentleman.,你是个正人君子。
dialogue|143|35|Dialogue Text,Thank you.,谢谢你。
dialogue|143|360|Dialogue Text,"She believes in <i>everything</i>. Her mind is so open that you must watch carefully, lest you trip and fall in.","她<i>什么</i>都信。她的脑子敞得太开,你得小心看着,免得绊一跤栽进去。"
dialogue|143|37|Dialogue Text,[If I craft a Wither item before I go back to the bar... this is my chance to place the curse on Philomèle that Madame Zèlia requested.],[若我在回酒吧前炼制一件凋零道具……这正是我按泽莉亚夫人的请求，向菲洛梅尔施下诅咒的机会。]
dialogue|143|39|Dialogue Text,What's this? You prince! How spontaneous of you!,这是什么？您这位王子！您可真是随性！
dialogue|143|41|Dialogue Text,[q=alias.familiar]!,[q=alias.familiar]！
dialogue|143|44|Dialogue Text,"I should be going, then.",那么，我该走了。
dialogue|143|45|Dialogue Text,[Steer the conversation back to other matters.],[把话题引回别的事情上。]
dialogue|143|48|Dialogue Text,"[Adapt myself to the conversation. Smile when it's suitable; frown and tsk when it's not; when an in-joke surfaces, make note of it.]",[让自己融入这场谈话。该笑时笑；不该笑时皱眉啧舌；遇有圈内笑话，便记在心里。]
dialogue|143|49|Dialogue Text,[I added something to their drinks. Watch and wait to see the effects.],[我在他们的酒里加了点什么。且看效果。]
dialogue|143|4|Dialogue Text,"[q=alias.last], yes?",[q=alias.last]，对吧？
dialogue|143|50|Dialogue Text,What's the game?,怎么玩？
dialogue|143|51|Dialogue Text,Welll then! This isn't Monaco. The <i>sabot</i> is our very own Philomèle's very own slipper.,好吧好吧！这儿可不是摩纳哥。这只<i>木鞋</i>，正是我们菲洛梅尔自己的拖鞋。
dialogue|143|52|Dialogue Text,"[I have a deck of cards that match the ones in the shoe. With a little care, I could reliably draw a winning hand. Unless I got caught.]",[我有一副牌，与鞋里的那副花色一致。稍加小心，我就能稳稳抽到一手好牌。除非被当场抓包。]
dialogue|143|53|Dialogue Text,Each keeps two cards hidden until we all slap down our hands. Watch their faces...,每人藏两张牌，直到大家一起亮牌。看他们的脸……
dialogue|143|54|Dialogue Text,Lose intentionally.,故意输。
dialogue|143|55|Dialogue Text,Aristide waves a black velvet court shoe. Philomèle languidly wiggles the bare toes of her left foot.,阿里斯蒂德挥舞着一只黑色天鹅绒舞鞋。菲洛梅尔慵懒地扭动左脚赤裸的脚趾。
dialogue|143|64|Dialogue Text,What is that in your hand?,你手里拿的是什么？
dialogue|143|65|Dialogue Text,I apologise. I couldn't afford to lose. I didn't want to admit how limited my funds were.,我道歉。我输不起。我不愿承认自己的钱有多有限。
dialogue|143|69|Dialogue Text,"Pass them over, gentlemen, <i>marquise</i>. Another one!",交出来吧，先生们，<i>侯爵夫人</i>。再来一局！
dialogue|143|6|Dialogue Text,Largesse? Never heard of her.,慷慨？从没听说过这位。
dialogue|143|70|Dialogue Text,Why not?,有何不可？
dialogue|143|71|Dialogue Text,[Back out] Not for me.,[退出] 我就不了。
dialogue|143|72|Dialogue Text,Bye for now.,那先告辞。
dialogue|143|73|Dialogue Text,Until next time.,下次再见。
dialogue|143|7|Dialogue Text,What's everyone talking about?,大家在谈论什么？
dialogue|143|8|Dialogue Text,The world!,世界！
dialogue|143|90|Dialogue Text,They begin to relax around me. Although Leopold remains watchful.,他们开始在我面前放松下来。尽管利奥波德依旧警觉。
dialogue|143|91|Dialogue Text,I begin to realise that my bonhomie is landing as sycophancy. None of them are stupid. Leopold in particular is watchful. Even Aristide is not so drunk as he likes to pretend. ,我开始意识到，我的热络在他们眼中成了谄媚。他们谁都不傻。利奥波德尤其警觉。就连阿里斯蒂德，也没有他装出的那么醉。
dialogue|143|92|Dialogue Text,"Philomèle, laughing into Jean-Bernard's shoulder, her hair coming loose. Aristide, examining the bowl of his pipe for informers. Leopold, fascinated by the moths which flutter in to sip from his glass. Jean-Bernard, doggedly carving a quatrain into the flank of a candle. And me, watching.",菲洛梅尔靠着让-贝尔纳的肩膀笑，头发散开。阿里斯蒂德端详着烟斗的斗钵，像在寻找告密者。利奥波德着迷地看着扑进杯中啜饮的飞蛾。让-贝尔纳固执地在蜡烛侧面刻一首四行诗。而我，看着这一切。
dialogue|143|93|Dialogue Text,"Halfway through a wry aside to Jean-Bernard, Philomèle begins to cough. It takes a long time for the coughing to subside. She's grown very pale. It might be that there's a spot of blood on her collar. I can't be certain. The fabric is dark, and so is the rainy, smoky, friendly gloom of the café.",菲洛梅尔正对让-贝尔纳说着一句刻薄的俏皮话，说到一半，突然咳嗽起来。咳嗽过了很久才平息。她变得非常苍白。她的衣领上或许有一点血迹。我无法确定。衣料颜色深，而咖啡馆里雨蒙蒙、烟腾腾、昏暗又亲昵。
dialogue|143|94|Dialogue Text,"Aristide, examining the bowl of his pipe for informers. Leopold, fascinated by the moths which flutter in to sip from his glass. Jean-Bernard, doggedly carving a quatrain into the flank of a candle. Philomèle is laughing into Jean-Bernard's shoulder, her hair coming loose... but then she begins to cough. It takes a long time for the coughing to subside. She's grown pale. That might be a spot of blood on her collar, but the cloth is too dark for me to be certain.",阿里斯蒂德端详着烟斗的斗钵，像在寻找告密者。利奥波德着迷地看着扑进杯中啜饮的飞蛾。让-贝尔纳固执地在蜡烛侧面刻一首四行诗。菲洛梅尔靠着让-贝尔纳的肩膀笑，头发散开……可接着，她开始咳嗽。咳嗽过了很久才平息。她变得苍白。她的衣领上或许有一点血迹，但衣料颜色太深，我无法确定。
dialogue|143|98|Dialogue Text,"Yes, yes, we know! Ask Andrée at the Librairie des Heures. Why so forgetful?",是了是了，我们知道！去时光书店找安德烈。你怎么这么健忘？
dialogue|143|99|Dialogue Text,"What should we call you, Monsieur The Authorities? What alias are you using today to terrorise the innocent working men of Antibes?",我们该怎么称呼您，当局先生？今天您又用哪个化名，来吓唬昂蒂布无辜的工人们？
dialogue|143|9|Dialogue Text,"Me neither, but",我也是，不过……
dialogue|144|1|Dialogue Text,[One eye widens to gleaming watchfulness.],"[一只眼睛睁大,闪出警觉的光芒。]"
dialogue|144|2|Dialogue Text,[Stroke its back.],[抚摸它的背。]
dialogue|144|3|Dialogue Text,[Rub its chin.],[挠挠它的下巴。]
dialogue|144|4|Dialogue Text,[Avoid contact.],[避免接触。]
dialogue|144|5|Dialogue Text,[The eye opens very slightly wider.],[那只眼睛微微又睁大了一点。]
dialogue|144|6|Dialogue Text,[An ear flicks lazily.],[一只耳朵懒洋洋地抖动。]
dialogue|144|7|Dialogue Text,"The animal is essentially inert, monsieur. Expect nothing of him.","这动物基本上是一动不动,先生。别对它抱什么指望。"
dialogue|144|8|Dialogue Text,[Withdraw.],[退开。]
dialogue|145|10|Dialogue Text,"A necklace of pearls, and tailor's needles crossed behind her head. Neither is a recognised attribute of St Reparata.","一串珍珠项链,还有交叉在她脑后的裁缝针。这两样,都不是圣雷帕拉塔公认的标志。"
dialogue|145|11|Dialogue Text,Tailor's needles crossed behind her head - not a recognised attribute of St Reparata.,交叉在她脑后的裁缝针——并非圣雷帕拉塔公认的标志。
dialogue|145|12|Dialogue Text,"Yes? Just two blots of black lead in milky glass, with the carefully innocent vagueness of every iconographic virgin.","睁着?不过是在乳白色的玻璃上,两团黑色的铅迹,带着每位圣像画中童贞女都有的、刻意为之的天真与朦胧。"
dialogue|145|13|Dialogue Text,"Yes. They're mismatched - one aquamarine, one a jewel-bright violet. They lack pupils, but the wide-eye effect and the vivid colours make Reparata look alert, watchful, knowing.","睁着。而且并不相称——一只海蓝宝石色,一只宝石般明艳的紫罗兰色。它们没有瞳孔,但那瞪圆的眼形与鲜明的色彩,让雷帕拉塔看起来警觉、机敏、洞悉一切。"
dialogue|145|15|Dialogue Text,"She's the patron saint of the city, and of... fishermen? Sailors?","她是这座城市的守护圣徒,还守护着……渔夫?水手?"
dialogue|145|16|Dialogue Text,Poor girl.,可怜的女孩。
dialogue|145|17|Dialogue Text,What ghastly imaginations those bishops had.,"那些主教们,想象力何等可怖。"
dialogue|145|18|Dialogue Text,[Back.],[返回。]
dialogue|145|19|Dialogue Text,[Spare a moment to think about that.],"[花片刻,想想这件事。]"
dialogue|145|1|Dialogue Text,"A woman in blue. Martyr's palm, saint's halo; dark eyes, sea beneath stars; crossed needles behind her head, and a necklace of pearls.","一个着蓝衣的女人。殉道者的棕榈,圣徒的光环;深邃的眼,星辰之下的海;脑后交叉的缝衣针,颈间一串珍珠。"
dialogue|145|20|Dialogue Text,'She said... you would open her eyes.' But the saint's eyes in the window are open. What did Jaume mean?,"「“她说……你会睁开她的眼睛。”可彩窗里,圣徒的眼睛是睁着的。若梅是什么意思?」"
dialogue|145|22|Dialogue Text,Try a charm on the window - to invigorate or awaken it.,"对彩窗施一道咒文——让它焕发生机,或将之唤醒。"
dialogue|145|24|Dialogue Text,Try a charm on the window - to discern truth or open the doors of perception.,"对彩窗施一道咒文——辨明真伪,或打开感知之门。"
dialogue|145|25|Dialogue Text,Try a charm on the window - to suppress any influences that have taken up residence there.,对彩窗施一道咒文——压制任何盘踞其中的影响。
dialogue|145|26|Dialogue Text,Saints collect <i>patrocinia</i> in much the same way that...,圣徒们收集<i>圣庇</i>的方式近乎与此如出一辙......
dialogue|145|27|Dialogue Text,...magpies collect trinkets.,……喜鹊收集小玩意儿。
dialogue|145|28|Dialogue Text,...dogs collect fleas.,……狗招惹跳蚤。
dialogue|145|29|Dialogue Text,...adepts collect reputations.,……修士收集名声。
dialogue|145|2|Dialogue Text,[Martyr's palm; saint's halo.],[殉道者的棕榈;圣徒的光环。]
dialogue|145|30|Dialogue Text,[I could talk to Father Jaume again.],[我可以再去和若梅神父谈谈。]
dialogue|145|32|Dialogue Text,"The words of the charm echo in the vaulted ceiling. When I look up, something's different.","咒文的字句在拱形穹顶间回荡。我抬头时,有什么不一样了。"
dialogue|145|33|Dialogue Text,The words of the charm echo in the vaulted ceiling; but nothing changes.,咒文的字句在拱形穹顶间回荡;但什么也没有改变。
dialogue|145|38|Dialogue Text,"The words echo, circling the vaulted ceiling like carrion birds. The echoes intensify. The roof trembles beneath the rain. Is that thunder? It does thunder when it's raining. That's not unusual.","咒文的字句回荡着,像食腐的鸟,绕着拱形穹顶盘旋。回声越来越强。屋顶在雨中颤抖。那是雷声吗?下雨时确实会打雷。这并不稀奇。"
dialogue|145|3|Dialogue Text,"Blue garments, starry sea.","蓝衣,缀星的海洋。"
dialogue|145|42|Dialogue Text,[Provincial saints and their venerations. Who knows?],"[外省的圣徒,与人们对他们的敬奉。谁知道呢?]"
dialogue|145|43|Dialogue Text,[Consider the saint's signs and attributes.],[研究这位圣徒的印记与标志。]
dialogue|145|45|Dialogue Text,"The [[Church]] acknowledges some [[Hours]], denies others, and is ambivalent on the rest, adopting them as metaphors or parables; or as saints.","「[[教会]]承认一些[[司辰]],否认另一些,对其余的则态度暧昧——把祂们收作隐喻或寓言;或者,收作圣徒。」"
dialogue|145|46|Dialogue Text,"Infuriatingly, a quarter-memory stirs, then subsides. Seminary was a long time ago.","恼人的是,一段支离的回忆泛起,又沉了下去。修院时代,已经是很久以前的事了。"
dialogue|145|47|Dialogue Text,"An adept would identify this as an image of the [[Sister-and-Witch]]. As so many times before, I'm enmeshed in some business of the [[Hours]]. I should go carefully.","一位修士会认出,这是[[双生巫女]]的画像。和以往许多次一样,我正卷入[[司辰]]们的某桩事务。我该小心行事。"
dialogue|145|48|Dialogue Text,"And I should remember, first, that the Sister-and-Witch brings together what she can... and that she's the enemy of severance and disjunction.","而我首先该记住的是:双生巫女会把一切可以聚合的聚合起来……而她,正是分离与割裂之敌。"
dialogue|145|49|Dialogue Text,Is that... did you finish? I don't understand.,「那是……您弄完了吗?我不明白。」
dialogue|145|50|Dialogue Text,"'And though his flesh was hollow, her eyes were opened!'","「“他的肉身虽已空乏,她的眼睛却睁开了!”」"
dialogue|145|51|Dialogue Text,"I... sometimes, I fear the saint.","「我……有时候,我会害怕这位圣徒。」"
dialogue|145|52|Dialogue Text,Father Jaume's voice is exultant.,若梅神父的声音满是狂喜。
dialogue|145|53|Dialogue Text,[Turn away from the window.],[从彩窗前转过身去。]
dialogue|145|54|Dialogue Text,Father Jaume's voice is low and fearful:,"若梅神父的声音低沉,带着惧意:"
dialogue|145|55|Dialogue Text,Try a charm on the window - to exalt and honour its fundamental nature.,对彩窗施一道咒文——以崇扬并尊奉它根本的本性。
dialogue|145|59|Dialogue Text,Try a charm on the window - to separate or excise conflicting influences.,"对彩窗施一道咒文——将相互冲突的影响分开,或将之切除。"
dialogue|145|61|Dialogue Text,"I have the skills to create a [[Hallow]] or [[Unveil]] item, which could be useful here. Something to think about.","我有技艺,可以炼制[[祝圣]]或[[揭示]]之物,在这里或许用得着。值得想一想。"
dialogue|145|62|Menu Text,"[Back] Those in peril on the sea, anyway.","[返回] 无论如何,是那些海上遇险的人。"
dialogue|145|6|Dialogue Text,"I remember her martyrdom. She was burnt and beheaded. Somewhere in there, she was forced to drink boiling pitch. Then her body was set to drift on the sea until it washed up on a coast, somewhere.","我记得她的殉难。她被火焚,被斩首。其间,她还被逼着喝下滚沸的沥青。随后,她的遗体被放入大海漂荡,直到在某处海岸搁浅。"
dialogue|145|7|Dialogue Text,Her eyes. Are they open?,她的眼睛。睁着吗?
dialogue|145|8|Dialogue Text,Anything else?,还有别的吗?
dialogue|147|1|Dialogue Text,"This is the road out of Antibes town, to the green and villa-studded heights of Cap d'Antibes.","这条路通往昂蒂布城外,通向昂蒂布角绿意葱茏、别墅散布的高地。"
dialogue|147|2|Dialogue Text,Perhaps I'll have business there later.,也许以后我在那儿会有事要办。
dialogue|147|3|Dialogue Text,That's bloody steep.,那坡可真够陡的。
dialogue|147|4|Dialogue Text,"For now, my business is in Antibes town - looking for Nina.","眼下,我的事在昂蒂布城里——寻找尼娜。"
dialogue|147|5|Dialogue Text,"Fortunately, my information suggests Nina is in Antibes town. If that's true, I won't need to climb the hill.","幸好,我的消息说尼娜就在昂蒂布城里。若果真如此,我就不必爬那座山了。"
dialogue|147|6|Dialogue Text,[Back into town.],[返回城里。]
dialogue|14|101|Dialogue Text,I see. [He makes a note.],我明白了。[他记了一笔。]
dialogue|14|102|Dialogue Text,What a lot of tripe psychiatrists talk.,精神病医生净说些废话。
dialogue|14|103|Dialogue Text,"[Aubière gives a deep, sigh. His usual composure flickers.]",[奥比埃深深叹了口气。他惯常的镇定闪烁了一下。]
dialogue|14|104|Dialogue Text,Really. You have proven your goodwill and your reliability. And I am ashamed of the small - but shabby - trick that I have played on you.,说实话。你已证明了自己的善意和可靠。而我为自己对你耍的那个小把戏——卑劣却无伤大雅——感到羞愧。
dialogue|14|105|Dialogue Text,I must be frank. You have brought disharmony to my house. Your presence here makes it increasingly difficult to concentrate on more important business.,"我得直说。你给我的宅院带来了不谐。你的在场,让我愈发难以专心处理更要紧的事务。"
dialogue|14|107|Dialogue Text,"[Chuckle, smugly.]",[得意地轻笑了几声。]
dialogue|14|109|Dialogue Text,I see your point. I regret it. But some men are simply not suited to each other's company.,"我明白你的意思。很遗憾。但有些人就是合不来,仅此而已。"
dialogue|14|10|Dialogue Text,[HOROMACHISTRY] 'He cannot harm you; he cannot find you; he always has what you desire.',司辰学。「他无法伤害你；他无法找到你；他总拥有你所渴望的东西。」
dialogue|14|110|Dialogue Text,Yes. This. Exactly. So I am going to tell you where I will find your Lagasse. And I hope that you will no longer trouble my affairs.,"是的。正是。正因如此,我打算告诉你到哪儿去找你的拉加斯。希望从今往后,你不再搅扰我的事务。"
dialogue|14|111|Dialogue Text,Count on it.,放心。
dialogue|14|112|Dialogue Text,I promise nothing.,我什么也不保证。
dialogue|14|114|Dialogue Text,"You may leave now, Monsieur Hobson. I very much hope that you will. Good day.","你现在可以走了,霍布森先生。我非常希望你会走。日安。"
dialogue|14|115|Dialogue Text,"[Aubière nods minimally, and returns to his work.]","[奥比埃微微点了点头,又回去忙他的工作。]"
dialogue|14|117|Dialogue Text,"I imagine you will wish to leave without further delay. But I hope that you will return. You are an interesting man. I speak professionally, and otherwise.","我猜你会希望尽快离开,不再耽搁。但我希望你能回来。你是个有趣的人。这话出于职业立场,也出于别的。"
dialogue|14|118|Dialogue Text,"Thank you, Dr Aubière. But I doubt our paths will cross again.","多谢,奥比埃医生。但我看咱们以后不会再见了。"
dialogue|14|119|Dialogue Text,[Nod; leave.],[点头;告辞。]
dialogue|14|11|Dialogue Text,"A catechism, M. Hobson?",霍布森先生，你是在背教理问答吗？
dialogue|14|120|Dialogue Text,"And you, Dr Aubière. I hope we will meet again.","你也保重,奥比埃医生。希望咱们后会有期。"
dialogue|14|121|Dialogue Text,Something I've seen.,我见过一样东西。
dialogue|14|123|Dialogue Text,There's a painting of the Mansus on open display in your library.,"你的图书馆里,公开挂着一幅漫宿的画。"
dialogue|14|124|Dialogue Text,Never mind.,没什么。
dialogue|14|125|Dialogue Text,The Mansus! A particularly fascinating symbology-superstition. And psychologically potent. Extremely potent.,漫宿!一种格外引人入胜的象征-迷信。而且心理效力极强。极强。
dialogue|14|126|Dialogue Text,"You are right to identify a certain risk to the fragile psyche - even when we have of course discarded the esoteric myths around the symbol. But fire also is perilous, no? And we keep fire in our library. Safely behind a grate.","你说得对,要看出这对脆弱心灵的某种风险——哪怕我们当然已经摈弃了围绕这象征的神秘传说。但火也危险,不是吗?可我们照样在图书馆里生火。安安全全地待在壁炉栏栅后面。"
dialogue|14|127|Dialogue Text,Didn't the painting come from Hush House?,那幅画不是来自噤声居屋吗?
dialogue|14|128|Dialogue Text,Hm.,唔。
dialogue|14|129|Dialogue Text,"It is possible? Hush House is a private library, is it not, in England? The patrons of this institution have connections with other institutions of learning - especially those that deal in onteirological matters.","有可能吗?噤声居屋是座私人图书馆,对吧,在英格兰?本院的赞助人跟其他学府有些联系——尤其是那些治梦学的机构。"
dialogue|14|12|Dialogue Text,One more. 'Carapace Cross.',再来一个。「介壳种。」
dialogue|14|130|Dialogue Text,That painting - the mountain lake - looks a lot like one I saw in Hush House. Long ago now.,那幅画——山间湖泊——很像我在噤声居屋见过的一幅。那已经是很久以前的事了。
dialogue|14|131|Dialogue Text,"Indeed? As I recall, one of the Librarians there claimed the gift of 'prefiguration'. That is to say - he produced works that he attributed to others - but before those others had in fact produced those works. An interesting case. Psychologically, and perhaps otherwise.","是吗?据我所知,那里的某位馆员自称拥有“预言”之能。就是说——他创作的作品,署的是别人的名字——却在那些别人真的创作出那些作品之前。一个有趣的案例。从心理学上讲,也许,还有别的方面。"
dialogue|14|132|Dialogue Text,"Yes, exactly. It's signed by Levinsen - the prefiguring Librarian.","对,正是。署着列文森的名字——那位会预言的馆员。"
dialogue|14|133|Dialogue Text,I see.,我明白了。
dialogue|14|134|Dialogue Text,"So interesting! Then, I wonder, should we call this the original? Or only a prophetic falsehood? Thank you, Monsieur Hobson. I will regale my other visitors with this little morsel.","真有意思!那么,我在想,我们该把它称作原作?还是仅仅一件预言的赝品?谢谢你,霍布森先生。我会拿这个小逸闻去款待其他访客。"
dialogue|14|135|Dialogue Text,Yes - you had said as much.,是的——您之前已经说过类似的话了。
dialogue|14|136|Dialogue Text,"It's quite a coincidence, isn't it? Two paintings here, both from a distant English institution? And a collection of ornaments, chosen to continue the theme?","这巧合未免太巧了,不是吗?两幅画,都出自英格兰那家遥远的学府?还有一套陈设,专挑这个主题往下续?"
dialogue|14|137|Dialogue Text,"It is. But do you mean to suggest, perhaps, that I am concealing something from you in this matter?","是巧。但你是想说,或许,我在这件事上对你有所隐瞒?"
dialogue|14|138|Dialogue Text,"Yes. I suggest you tell me the truth, Doctor.","是。我劝你把真相告诉我,医生。"
dialogue|14|139|Dialogue Text,"Of course not, Doctor.","当然没有,医生。"
dialogue|14|13|Dialogue Text,"[Horomachistry] 'The Cross died not, but passed within.' They're gone, but some of them became us.",司辰学。「介壳种并未死去，而是转入内里。」他们消失了，但其中一些化作了我们。
dialogue|14|140|Dialogue Text,"[Aubière briefly removes his glasses to polish them. When he replaces them, his eyes seem sharper.]","[奥比埃摘下眼镜擦了擦。再戴上时,他的眼神似乎更锐利了。]"
dialogue|14|141|Dialogue Text,"I have concealed nothing from you. The circles in which we both move - the same matters occur, and co-occur. And this institution - indeed, this building itself - benefits from certain parallels to your [[Hush House]]. Some, I will be frank, beyond my understanding.","我对你什么都没隐瞒。我们彼此活动的圈子里——同样的事一再发生,交相发生。而本院——说实在的,连这栋房子本身——得益于与你的[[噤声居屋]]的某些相似。其中一些,老实说,超出我的理解。"
dialogue|14|142|Dialogue Text,"That is all. If there is a deeper design, it is hidden from me also. You have my word on it.","就这些。若说背后还有更深的设计,那对我同样隐而不见。我以名誉担保。"
dialogue|14|143|Dialogue Text,"You're a liar, Aubière.","你撒谎,奥比埃。"
dialogue|14|144|Dialogue Text,"Your word is enough for me, Doctor.","医生,你的话,我信。"
dialogue|14|145|Dialogue Text,It is a regrettable thing you have said. I do not wish to speak further on the matter. Pray give me a moment to compose myself.,你这话说得令人遗憾。这件事我不想再谈了。请容我平复一下心绪。
dialogue|14|146|Dialogue Text,"I appreciate that. I will not always be frank with you, you know. But I will always try.","我领这份情。你知道,我不会总是对你开诚布公。但我会一直尽力。"
dialogue|14|147|Dialogue Text,"[Withdraw, for the moment.]",[暂且告退。]
dialogue|14|148|Dialogue Text,"[END] Nothing more for now, Doctor.","[结束]现在没什么别的事了,医生。"
dialogue|14|14|Dialogue Text,[Preservation] Our blood was red... but theirs was golden.,保存术。我们的血是红的……他们的却是金色的。
dialogue|14|150|Dialogue Text,"...no-one, actually.","……其实,没谁。"
dialogue|14|151|Dialogue Text,No. This is important business. I wouldn't waste my time on it otherwise.,不。这是要紧事。不然我才不会在这上面浪费时间。
dialogue|14|152|Dialogue Text,"The shelves in the living room. A number of the items in the collection have some relationship with Cornwall - even, specifically, with Brancrug, and with Hush House?","客厅里的那些搁架。藏品里有不少东西跟康沃尔有渊源——甚至,具体说,跟布兰库格、跟噤声居屋有关?"
dialogue|14|153|Dialogue Text,Oh? That's odd.,哦?那倒是怪了。
dialogue|14|154|Dialogue Text,"In candour, I chose very little of what you see beyond my office. Our patrons provided tasteful and suitable appointments for the rooms.","说句实话,我办公室以外的陈设,几乎没一件是我挑的。赞助人们为各间屋子提供了品味高雅、得体的摆设。"
dialogue|14|157|Dialogue Text,Rodia Vlachou.,罗迪娅·弗拉胡。
dialogue|14|158|Dialogue Text,Fraser Strathcoyne.,弗雷泽·斯特拉斯科因。
dialogue|14|159|Dialogue Text,The Lantern-long upstairs.,楼上那位灯之长生者。
dialogue|14|160|Dialogue Text,Vincent.,文森特。
dialogue|14|161|Dialogue Text,Mathis.,马蒂斯。
dialogue|14|165|Dialogue Text,We are privileged to have an artist of Mme Vlachou's stature as our guest.,"能有弗拉胡夫人这样的艺术家做我们的客人,是我们的荣幸。"
dialogue|14|167|Dialogue Text,The cat in the living room.,客厅里那只猫。
dialogue|14|168|Dialogue Text,"It came with Mlle Lagasse. But when she left, it stayed.","那是拉加斯小姐带来的。但她走的时候,猫留了下来。"
dialogue|14|169|Dialogue Text,Doesn't she like cats?,她不喜欢猫吗?
dialogue|14|16|Dialogue Text,Very well...,很好……
dialogue|14|170|Dialogue Text,Like a curse?,像一道诅咒?
dialogue|14|171|Dialogue Text,Like a spy?,像一个探子?
dialogue|14|172|Dialogue Text,A man of culture. We play chess sometimes: I hope you might join our games.,一位有格调的人。我们偶尔下棋:希望你能来对弈几局。
dialogue|14|173|Dialogue Text,"Yes. Wiser not to discuss her, even during daylight. And especially not to mention her name.","是的。明智的做法是不要谈起她,哪怕是在白天。尤其不要提起她的名字。"
dialogue|14|174|Dialogue Text,Will she recover?,她会痊愈吗?
dialogue|14|175|Dialogue Text,Will he recover?,他会痊愈吗?
dialogue|14|176|Dialogue Text,'Dr Sinombre'?,“西诺姆布尔医生”?
dialogue|14|177|Dialogue Text,'Silence is silver.',“沉默是金。”
dialogue|14|178|Dialogue Text,"[He winces, as if I'd said something crude.]","[他皱了一下眉,仿佛我说了什么粗鄙的话。]"
dialogue|14|179|Dialogue Text,Bessy.,贝茜。
dialogue|14|17|Dialogue Text,"Really? You surprise me, Spencer.",是吗？你让我吃惊，斯宾塞。
dialogue|14|180|Dialogue Text,If you ever learn a way to be certain what Mlle Lagasse likes... do please share it with me.,如果你哪天弄明白拉加斯小姐喜欢什么……务必也告诉我一声。
dialogue|14|181|Dialogue Text,I am afraid that might in fact have been her intention. The animal is difficult to anticipate. It often interrupts my sessions with its... opinions. Even through two thicknesses of door.,恐怕那正是它的本意。这畜生难以预料。它常拿它的……意见打断我的诊疗。隔着两层门板都拦不住。
dialogue|14|182|Dialogue Text,As payment?,作为报酬?
dialogue|14|183|Dialogue Text,Mlle Lagasse settled her bill in full. Perhaps the animal was intended as lagniappe.,拉加斯小姐的账是全额结清的。也许这畜生是当小添头留下的。
dialogue|14|184|Dialogue Text,You are recalling folk-tales and fairy-stories in which an animal is recruited as a spy.,"你是想到了那些民间故事和童话吧,里面总有动物被招募去做探子。"
dialogue|14|185|Dialogue Text,But it is too stubborn to leave. I suspect Bessy of feeding it.,"可它太犟,怎么都不肯走。我怀疑是贝茜在喂它。"
dialogue|14|186|Dialogue Text,"The world, I grant you, has changed. More things are possible that once were not.","世界,我承认,是变了。从前不可能的事,如今更多了。"
dialogue|14|187|Dialogue Text,"But, sincerely, I doubt it has the wits to be a spy.","但说真的,我怀疑它有没有当探子的脑子。"
dialogue|14|188|Dialogue Text,"If that is so, I wish she had been less generous.","若果真如此,我倒希望她别这么大方。"
dialogue|14|189|Dialogue Text,"Rich, too.",而且还阔绰。
dialogue|14|18|Dialogue Text,[Done],完成。
dialogue|14|190|Dialogue Text,I suppose.,算是吧。
dialogue|14|191|Dialogue Text,"A difficult term to define, where the [[Cross]]-nature manifests. Perhaps better to say that he will advance.","一个难以定义的说法,尤其当[[介壳种]]本性显现时。或许更妥当的说法是,他将继续前行。"
dialogue|14|192|Dialogue Text,"She has Icarian sympathies. This place, I think, is touched by the Incorporates. Is there any... friction?","她有伊加利亚主义的同情倾向。这个地方,我觉得,沾染着集团的气息。可有什么……龃龉吗?"
dialogue|14|193|Dialogue Text,I should not discuss the health of other guests. But I can say that there is some reason for optimism.,"我不该谈论其他客人的健康状况。但我可以说,有理由乐观。"
dialogue|14|194|Dialogue Text,"This is a place of healing and refuge, M. Hobson. A house of science.","这是处疗愈与庇护之所,霍布森先生。一栋科学的宅邸。"
dialogue|14|195|Dialogue Text,"Is she a patient, or an experimental subject?","她是病人,还是实验对象?"
dialogue|14|196|Dialogue Text,Commendable.,可敬。
dialogue|14|197|Dialogue Text,I find it more fruitful not to limit myself to narrowly binary ontologies.,"我发现,不把自己局限在狭隘的二元本体论里,更有收获。"
dialogue|14|198|Dialogue Text,Orderlies come and go.,护工们来来去去。
dialogue|14|199|Dialogue Text,"A charming young woman with, I dare say, unsuspected depths.","一位迷人的年轻女子,我敢说,藏着出人意料的深邃。"
dialogue|14|1|Dialogue Text,Very well. Tell me what comes to mind when I say each of these things.,很好。听我说出这些词，告诉我你各自想起什么。
dialogue|14|200|Dialogue Text,"She's staff, or a patient, or...?","她是职员,还是病人,还是……?"
dialogue|14|202|Dialogue Text,General chatter,闲谈
dialogue|14|203|Dialogue Text,[Exit],[离开]
dialogue|14|205|Dialogue Text,The doctor observes my dressing gown.,医生打量起我的睡袍。
dialogue|14|206|Dialogue Text,He makes a note.,他记了一笔。
dialogue|14|207|Dialogue Text,"Interesting. Did you wear this to offer defiance, perhaps? Or is it a token of intimacy?","有意思。你穿这个,是为了挑衅,也许?还是亲昵的凭证?"
dialogue|14|208|Dialogue Text,[Yawn rudely.],[粗鲁地打了个哈欠。]
dialogue|14|209|Dialogue Text,[Smile encouragingly.],[鼓励地笑了笑。]
dialogue|14|20|Dialogue Text,'Hour.' You believe in these 'Hours'? These 'secret gods'?,「司辰。」你相信这些「司辰」？这些「隐秘之神」？
dialogue|14|210|Dialogue Text,[Wink saucily.],[俏皮地眨了眨眼。]
dialogue|14|211|Dialogue Text,He makes another note.,他又记了一笔。
dialogue|14|24|Dialogue Text,Lorem ipsum?,Lorem ipsum？
dialogue|14|25|Dialogue Text,"Lorem ipsum dolor sit amet, consectetur adipiscing elit - [[Skills]] - sed do eiusmod tempor incididunt ut labore et dolore magna aliqua. Ut enim ad minim veniam, quis nostrud exercitation ullamco laboris nisi ut aliquip ex ea commodo consequat...","Lorem ipsum dolor sit amet, consectetur adipiscing elit - [[技艺]] - sed do eiusmod tempor incididunt ut labore et dolore magna aliqua. Ut enim ad minim veniam, quis nostrud exercitation ullamco laboris nisi ut aliquip ex ea commodo consequat……"
dialogue|14|26|Dialogue Text," Duis aute irure dolor in reprehenderit in voluptate velit esse cillum dolore eu fugiat nulla pariatur. Excepteur sint occaecat cupidatat non proident, sunt in culpa qui officia deserunt mollit anim id est laborum.","Duis aute irure dolor in reprehenderit in voluptate velit esse cillum dolore eu fugiat nulla pariatur. Excepteur sint occaecat cupidatat non proident, sunt in culpa qui officia deserunt mollit anim id est laborum."
dialogue|14|28|Dialogue Text,Tell me about your dream. The dream of the stair.,跟我讲讲你的梦。楼梯之梦。
dialogue|14|29|Dialogue Text,It's not the worst. But it's not much fun.,不是最糟的。但也不怎么愉快。
dialogue|14|2|Dialogue Text,'The Thunderskin.',「轰雷之皮。」
dialogue|14|30|Dialogue Text,It's almost every night...,几乎每晚都会……
dialogue|14|31|Dialogue Text,<i>Almost</i> every night?,<i>几乎</i>每晚？
dialogue|14|32|Dialogue Text,"I'm high up - very high up. There is a flight of stairs, stretching down into the dark. It is light by torches. Someone will come. I will guard against them...",我在高处——很高的地方。有一段楼梯，向下延伸进黑暗。火把照亮着它。会有人来。我得防着他们……
dialogue|14|33|Dialogue Text,"When I've spent the day as my outer self, I don't dream about it.",当我以「外在的我」度过一整天，便不会梦见它。
dialogue|14|34|Dialogue Text,"'Your outer self'. We will talk more about that later. But for now, tell me the dream.",「你的外在自我。」这个我们稍后再详谈。眼下，先讲那个梦。
dialogue|14|35|Dialogue Text,Which is the worst?,哪个最糟？
dialogue|14|36|Dialogue Text,The dream of the wood. I don't like the dark.,树林之梦。我不喜欢黑暗。
dialogue|14|37|Dialogue Text,The dream of worms. [Shudder],蠕虫之梦。打了个寒颤。
dialogue|14|38|Dialogue Text,We will need to speak of it later. But let's not make you suffer today. It is such a lovely morning... tell me about the dream of the stair.,我们改日再谈它。今天就不让你受罪了。多么可爱的早晨……给我讲讲楼梯之梦吧。
dialogue|14|39|Dialogue Text,<i>Hélas</i>; my little sin is exposed.,<i>唉</i>；我的小罪过败露了。
dialogue|14|3|Dialogue Text,"[HOROMACHISTRY] 'He cannot be stilled; he demands the dance; he is beaten, like a drum.'",司辰学。「他无法静止；他渴求舞蹈；他遭人敲打，如同鼓面。」
dialogue|14|41|Dialogue Text,Then you don't provide any... little luxuries... for Strathcoyne?,这么说，你从不为斯特拉斯科因提供任何……小小的奢侈……？
dialogue|14|43|Dialogue Text,[Aubière draws a slip of printed paper from his pocket and passes it to me.] Here is the proof of it. Now. I propose to put this sordid matter behind us. I look forward to speaking of happier things.,奥比埃从口袋里掏出一张印刷纸条，递给我。这就是证据。现在，我提议把这桩不光彩的事抛到脑后。我盼着谈些更愉快的事。
dialogue|14|46|Dialogue Text,So...,那么……
dialogue|14|47|Dialogue Text,"Do you ever make use of the black market, Doctor?",医生，你可曾用过黑市？
dialogue|14|48|Dialogue Text,"'Black market'. It's a diffuse concept, is it not? Of course one makes certain... informal transactions. But nothing that would interest the authorities.",「黑市。」这是个含混的概念，不是吗？当然，人难免会做某些……非正式的买卖。但绝无会让当局感兴趣的事。
dialogue|14|4|Dialogue Text,[Evade] Sounds dangerous.,回避。听起来很危险。
dialogue|14|50|Dialogue Text,"I see. Never mind, then.",我明白了。那就算了。
dialogue|14|51|Dialogue Text,<i>À bientôt.</i>,<i>回头见。</i>
dialogue|14|52|Dialogue Text,"Cut it out, Aubière. You're taking back-handers from Strathcoyne to get him Cuban cigars.",别装了，奥比埃。你从斯特拉斯科因那儿收好处费，替他搞古巴雪茄。
dialogue|14|53|Dialogue Text,[Say nothing; place a cigar carefully on Aubière's desk; shake my head regretfully.],一言不发；把一支雪茄轻轻放在奥比埃的桌上；遗憾地摇摇头。
dialogue|14|54|Dialogue Text,"Aubière picks up the cigar and runs it under his nose, smiling his smile of scrupulous cleanness.",奥比埃拿起雪茄，放到鼻下嗅了嗅，露出他那副一丝不苟的干净笑容。
dialogue|14|55|Dialogue Text,"But it is a such a little sin, is it not, M. Hobson? I hardly think you would wish to waste the time of the police with this. And I am a man of some standing in Antibes.",可这是多么微小的罪过，不是吗，霍布森先生？我想，你总不至于想为这点事浪费警察的时间。何况，我在昂蒂布也算有些声望。
dialogue|14|56|Dialogue Text,But your Incorporate masters might take a dim view of your private operations.,但你的集团主子们，怕是会对你的私下勾当大为不满。
dialogue|14|57|Dialogue Text,"A <i>very</i> little sin. And I'm sorry that I've come to you in this sordid way. Tell me what I need to know, and we need never speak of it again.",一个<i>非常</i>微小的罪过。我也抱歉，以这般不光彩的方式来找你。告诉我我想知道的，我们便再也不用提起此事。
dialogue|14|58|Dialogue Text,"[Fold my arms, remain impassive.]",抱起双臂，不动声色。
dialogue|14|59|Dialogue Text,"[Sigh regretfully, shrug more regretfully, wait.]","[遗憾地叹口气,更遗憾地耸耸肩,然后等着。]"
dialogue|14|5|Dialogue Text,[Lie] 'Thunderskin?' I've never heard of it.,谎话。「轰雷之皮？」我从没听说过。
dialogue|14|60|Dialogue Text,Very well. [[Nina Lagasse]]?,那好吧。[[尼娜·拉加斯]]?
dialogue|14|61|Dialogue Text,[[Nina Lagasse]].,[[尼娜·拉加斯]]。
dialogue|14|63|Dialogue Text,[[Nina Lagasse]]. And whatever cash you might have in that desk of yours.,[[尼娜·拉加斯]]。还有你那张书桌里可能放着的现钞。
dialogue|14|64|Dialogue Text,[Dr Aubière's smile falters; it becomes tinged with sorrow. But he opens a drawer and places a crisp wad of notes on to the desk.] There. As to the other matter...,"[奥比埃医生的笑容微微僵住,染上一丝哀色。但他还是拉开抽屉,把一沓崭新的钞票放到桌上。]钱在这。至于另一件事……"
dialogue|14|65|Dialogue Text,"Mlle Lagasse travels with a circus. She left it to come here; she left here to catch up with it. The name of the circus was <i>Rosa Mundi</i>, and its next destination was the city of Mimata. That is as much as I know.","拉加斯小姐跟着一个马戏团四处巡游。她离开马戏团来到此地;离开此地,是为了赶回去。那马戏团名叫<i>罗莎·蒙迪</i>,下一站是米玛塔城。我所知道的,仅此而已。"
dialogue|14|66|Dialogue Text,"Of course, Doctor. I'm sorry to have troubled you.","当然,医生。打扰您了,抱歉。"
dialogue|14|67|Dialogue Text,[Smile nastily.],[不怀好意地笑了笑。]
dialogue|14|68|Dialogue Text,[Smile enigmatically.],[高深莫测地笑了笑。]
dialogue|14|70|Dialogue Text,"M. Hobson, I have lost a trinket. A little silver coin I'm certain it was on my desk when we spoke. Do you know what might possibly have happened to it?","霍布森先生,我丢了件小玩意儿。一枚小小的银币,我记得咱们说话的时候它还放在我桌上。你知道它可能上哪儿去了吗?"
dialogue|14|71|Dialogue Text,"Come now, doctor. I have my quirks, but I've never been a petty thief. [Smile amiably.]","得了吧,医生。我确实有些怪癖,但从来不做小偷小摸的事。[和气地笑了笑。]"
dialogue|14|72|Dialogue Text,[Bristle Englishly] Really? [Pause] Really!,[摆出英国人的派头]真的?[顿了顿]真的!
dialogue|14|73|Dialogue Text,"Interesting. An effect of the Wars, you know. As the onteiric order crumbles, it becomes much easier to lose things. I'm astonished I have any socks left at , for instance.","有意思。战争的效应,你知道。太虚的秩序一旦崩解,丢东西就容易得多。我倒很惊讶自己现在还能剩几双袜子呢,比如说。"
dialogue|14|75|Dialogue Text,Humm. I'm sorry to have troubled you. I'm sure it's somewhere. It's probably somewhere.,"唔。打扰你了,抱歉。肯定在什么地方。大概在什么地方吧。"
dialogue|14|76|Dialogue Text,Humm. I suppose we'll see.,唔。我想我们总会知道的。
dialogue|14|77|Dialogue Text, [Return the silver spintria.]I apologise. I submitted to an ignoble impulse., [归还那枚银币。]我道歉。我屈从于一念之鄙。
dialogue|14|79|Dialogue Text,Humm.,唔。
dialogue|14|7|Dialogue Text,The Thunderskin is the Heart Relentless: the Hour that preserves.,轰雷之皮即不息之心：那位守护的司辰。
dialogue|14|80|Dialogue Text,Oh! Well. Thank you. It is forgotten.,哦!好吧。谢谢你。这事就翻篇了。
dialogue|14|81|Dialogue Text,Was there anything else?,还有别的事吗?
dialogue|14|82|Dialogue Text,What shall we talk about today?,我们今天聊点什么?
dialogue|14|84|Dialogue Text,An acquaintance...,一个旧识……
dialogue|14|89|Dialogue Text,[[Nina Lagasse]]. Again.,[[尼娜·拉加斯]]。还是她。
dialogue|14|8|Dialogue Text,"You are religious, I see.",看得出，你信教。
dialogue|14|91|Dialogue Text,"I have reconsidered, Monsieur Hobson. I am ready to tell you where you might find her.","我重新考虑过了,霍布森先生。我准备告诉你去哪儿找她。"
dialogue|14|92|Dialogue Text,Really?,真的?
dialogue|14|94|Dialogue Text,"I wonder - I wonder if you find it comforting, perhaps. I mean that in these times, all of us must make hard choices - decisions about where to take our lives. While you are so fixated on Mme Lagasse, you do not need to consider other matters. You are like a questing knight, perhaps, freed from the quotidian.","我在想——我在想,这或许令你安心。我的意思是,在这年月,我们谁都得做出艰难的选择——决定要把人生带向何方。而当你如此专注地追着拉加斯夫人,就不必再考虑别的事了。你就像一位行侠的骑士,也许,摆脱了尘世的琐屑。"
dialogue|14|95|Dialogue Text,"For the time being, I think we have said all there is to say on that matter.","就眼下而言,我想这件事我们已经把话都说完了。"
dialogue|14|96|Dialogue Text,'A questing knight. Yes. I like that.,“一位行侠的骑士。”不错。我喜欢这个说法。
dialogue|14|97|Dialogue Text,I don't think so.,我不这么认为。
dialogue|14|98|Dialogue Text,I don't want to answer that just now.,我现在不想回答这个。
dialogue|14|99|Dialogue Text,I suppose. In a sense.,也许吧。在某种意义上。
dialogue|14|9|Menu Text,Very well. 'The Flowermaker.',很好。「制花人。」
dialogue|151|10|Dialogue Text,Different how?,哪里不同?
dialogue|151|11|Dialogue Text,Not so very much older? I wish that's how I felt.,没老太多?我倒希望自己真有这种感觉。
dialogue|151|12|Dialogue Text,"An unresolved thread, [q=alias.formal.fr]. We saw each other last in Paris, when you had but recently completed your service with the Légion du Seuil. You gave me your uniform to tend and mend. You also ordered a new suit of clothes.","一桩悬而未决的线头,[q=alias.formal.fr]。我们最后一次见面是在巴黎,那时您刚从门关军团服役归来。您把制服交给我浆洗缝补,还订了一套新西装。"
dialogue|151|13|Dialogue Text,"[Preen] Oh, you know, one does one's best.","[得意地理了理衣襟] 哦,您知道的,尽力而为罢了。"
dialogue|151|14|Dialogue Text,"Adroitly expressed, monsieur.",先生说得真妙。
dialogue|151|15|Dialogue Text,"I was mistaken? Well, my sight is not what it was.","是我认错了人?唉,我的眼力已大不如前。"
dialogue|151|16|Dialogue Text,[Shrug again.],[再次耸耸肩。]
dialogue|151|1|Dialogue Text,"Tweed-grey eyes, steady behind the spectacle lenses.","一双粗花呢灰的眼睛,沉稳地居于镜片之后。"
dialogue|151|21|Dialogue Text,"No, thank you. Those days are best forgotten.","不了,谢谢。那些日子,最好忘掉。"
dialogue|151|22|Dialogue Text,You kept that?,"那件东西,您还留着?"
dialogue|151|23|Dialogue Text,We keep a small stock of other goods. Perhaps you'd like to see that? Or discuss a commission?,我们还有一小批别的货品。您要不要看看?或者谈一谈定制?
dialogue|151|24|Dialogue Text,[Merchant] What do you have?,[商人] 您有些什么?
dialogue|151|25|Dialogue Text,Perhaps I'll come back later.,也许我改日再来。
dialogue|151|27|Dialogue Text,I met a man in Venice once who liked to say that the past was a foreign country... ,"我在威尼斯曾遇见过一个人,他喜欢说,过去是异国他乡……"
dialogue|151|28|Dialogue Text,"If everything is long ago, everything is foreign. Even the country of my birth, now.","若一切都已遥远,则一切都成异乡。如今,连我出生的国度也不例外。"
dialogue|151|29|Dialogue Text,"You were born in the Republic, you mean? You are a stranger in the State?","您的意思是,您生在共和国?在这邦国里,您是异乡人?"
dialogue|151|2|Dialogue Text,Come in; welcome.,"进来吧,欢迎。"
dialogue|151|30|Dialogue Text,"I never mix business with politics. A rule of long standing. Very useful, this last decade. Now: shall we do business?","我从不把生意与政治混为一谈。这是多年的规矩。过去这十年,尤其受用。好了:我们谈生意吧?"
dialogue|151|31|Dialogue Text,"Later, perhaps.",改日再说吧。
dialogue|151|32|Dialogue Text,You knew me as Spencer Hobson.,您认识的我是斯宾塞·霍布森。
dialogue|151|33|Dialogue Text,You knew me as Sylvain Huissier.,您认识的我是西尔万·韦西耶。
dialogue|151|34|Dialogue Text,"Forgive me, [q=alias.formal.fr], but there is something about you that recalls... the abandoned chocolate-box. The colours are bright, the corners square, the lid only a little askew. But one senses an absence.","恕我直言,[q=alias.formal.fr],您身上有某种东西让我想起……一盒被遗弃的巧克力。色彩鲜亮,棱角方正,盒盖只是微微歪斜。但人感觉得到,里面空了。"
dialogue|151|35|Dialogue Text,"I should not, perhaps, have raised the matter. I hope I have not offended.","也许,我不该提起这件事。希望没有冒犯到您。"
dialogue|151|36|Dialogue Text,[Sniff severely.],[重重地哼了一声。]
dialogue|151|37|Dialogue Text,[Wave the matter away.],"[摆摆手,拂开这个话题。]"
dialogue|151|38|Dialogue Text,"On the basis of our long acquaintance, I asked for nothing on account. In these many years, I abandoned the matter of the new suit: I apologise. However. I believe I have your old uniform here, in the back.","念在咱们多年相识的份上,这笔账我从未催讨过。这些年来,新西装的事我也搁下了:我很抱歉。不过。我想,您那套旧制服还在这儿,在后屋。"
dialogue|151|39|Dialogue Text,The repairs are complete. A small sum is payable.,修补已经完工。还有一小笔钱待付。
dialogue|151|3|Dialogue Text,[q=alias.formal.fr]. Welcome back. How may I assist you today?,[q=alias.formal.fr]。欢迎回来。今天有什么能为您效劳?
dialogue|151|40|Dialogue Text,"I will consider it second-hand inventory, then. Should you change your mind before I find a buyer, let me know.","那么,我就把它当作二手存货处置了。若在我找到买主之前您改变了主意,请告诉我。"
dialogue|151|41|Dialogue Text,"Not 'kept', really. The Janviers are dispersed across the Continent, now. We sold our premises in the Republic, just last month. A number of long-abandoned items were sent on to me. Fortuitous.","谈不上「留着」,真的。如今雅维埃一家已散居欧陆各处。就在上个月,我们卖掉了共和国那边的店铺。许多被弃置多年的物件,辗转寄到了我手上。也是凑巧。"
dialogue|151|42|Dialogue Text,"Later, perhaps. Until then, M. Janvier: this has been a pleasant surprise.","改日再说吧。在那之前,雅维埃先生:这真是一场愉快的意外。"
dialogue|151|43|Dialogue Text,Very good.,很好。
dialogue|151|45|Dialogue Text,"For me, also. Goodbye.","对我而言,也是。再见。"
dialogue|151|46|Dialogue Text,[q=alias.formal.fr].,[q=alias.formal.fr]。
dialogue|151|48|Dialogue Text,"When first I came in, you said that I reminded you of someone you knew long ago... ","我进门时,您说我想起您很久以前认识的一个人……"
dialogue|151|49|Dialogue Text,"I believe I said exactly that, yes. Is there... something to discuss?","我想,我说的正是这句话,是的。有什么……要谈的吗?"
dialogue|151|4|Dialogue Text,[A very long look.],[久久地注视。]
dialogue|151|50|Dialogue Text,Not really. Just thinking aloud.,没什么。只是自言自语。
dialogue|151|51|Dialogue Text,"I understand. A little peculiar, it occurs to me, that one thinks aloud, but that one speaks to oneself. Not 'speaks silently'. No?","我明白。我忽然觉得有几分奇特:人说是「自言自语」,却说是「出声地思考」,而非「无声地说话」。不是吗?"
dialogue|151|52|Dialogue Text,You're a philosopher?,您是哲学家?
dialogue|151|53|Dialogue Text,"A philosopher? In the State? No no, that would not be at all suitable.","哲学家?在这邦国里?不不,那可太不合适了。"
dialogue|151|54|Dialogue Text,You've lost me.,您把我绕糊涂了。
dialogue|151|55|Dialogue Text,"Just thinking aloud, monsieur.","不过是自言自语,先生。"
dialogue|151|56|Dialogue Text,'Silence is silver. Speech is a wound.',"「沉默是银,言语是伤。」"
dialogue|151|57|Dialogue Text,'Speech is a shadow of truth; but by our shadows we are discovered.',"「言语是真理的影子;而我们,正是凭自己的影子被人认出。」"
dialogue|151|58|Dialogue Text,"Acute advice, monsieur. I shall stow it beneath my heart.",先生指点精辟。我会把它收进心底。
dialogue|151|59|Dialogue Text,"Pithy, monsieur. Would that be Meillet? Bréal? But I am diverting you from your purchases. I apologise.","言简意赅,先生。这话莫不是出自梅耶?布雷亚尔?不过,我怕是耽误您选购了。抱歉。"
dialogue|151|5|Dialogue Text,"You remind me, monsieur, of a man I knew long ago. Before the Wars.","先生,您让我想起一位故人,那是我很久以前认识的。大战之前。"
dialogue|151|60|Dialogue Text,No matter. How may I assist you?,无妨。有什么能为您效劳?
dialogue|151|61|Dialogue Text,M. Janvier. The streets of Antibes are wounded. There are cold abysses of silvered darkness.,雅维埃先生。昂蒂布的街道受了伤。横着几道泛银幽暗的冰冷深渊。
dialogue|151|62|Dialogue Text,"Yes. I often pass them on my constitutional walk. 'Janvier,' I say to myself. 'These are bad times. I had never expected to outlive any city that I called home.'","是啊。我常常在散步时从它们旁边经过。「雅维埃,」我对自己说,「这是艰难的时世。我从未想过,自己会活得比我称之为家的每一座城市都久。」"
dialogue|151|63|Dialogue Text,"Then I reflect on the last round of bad times. And the time before that. And the time before... and so I shrug. I complete my constitutional. I am not a repairer of abysses, but only of garments.","然后,我便回想上一轮的坏时世。再上一轮。再上一轮……于是我便耸耸肩,走完这趟散步。我不是修补深渊的人,只是修补衣裳的人。"
dialogue|151|64|Dialogue Text,I admire your aplomb.,我佩服您的从容。
dialogue|151|65|Dialogue Text,You don't wonder why they're there?,"您就不奇怪,它们为何会在那里?"
dialogue|151|66|Dialogue Text,"I thank you for the admiration, [q=alias.formal.fr].","承蒙您的佩服,[q=alias.formal.fr]。"
dialogue|151|67|Dialogue Text,I <i>assume</i> they are expressions of fundamental incompatibility between distinct modes of being. Note their locations: on the border between two versions of Antibes.,"我<i>猜想</i>,它们是不同存在方式之间根本性不相容的显现。请注意它们的位置:正处在两个版本的昂蒂布交界之处。"
dialogue|151|6|Dialogue Text,"Well, everything is long ago, since the Wars.","唉,自大战以来,一切都已很遥远了。"
dialogue|151|7|Dialogue Text,M. Janvier. It's good to see you again.,"雅维埃先生。又见到您,真好。"
dialogue|151|8|Dialogue Text,[Shrug],[耸耸肩]
dialogue|151|9|Dialogue Text,"Yes. Yes, I did. But it's been... ten years? More? You look very different. But not so very much older.","是的。是的,我们见过。但那已是……十年前?或许更久?您看起来判若两人。不过,倒也没老太多。"
dialogue|153|10|Dialogue Text,The victories are notable for being (a) numerous and (b) overwhelming.,"这些胜利之所以引人注目,在于(一)数目众多,(二)势不可挡。"
dialogue|153|11|Dialogue Text,"A number of sheep, and a smaller number of goats, have returned triumphantly from the summer pastures and won local livestock competitions.","若干绵羊,以及数目略少的山羊,已从夏季牧场凯旋,赢得了当地的牲畜比赛。"
dialogue|153|12|Dialogue Text,"The writer notes that no Republican sheep (or goats) have won anything, although he doesn't specify whether this is because Republican animals are effete, or just ineligible.","作者指出,没有共和国的绵羊(或山羊)赢得任何奖项——尽管他没有说明,这是因为共和国的牲畜过于孱弱,还是仅仅不合参赛资格。"
dialogue|153|15|Dialogue Text,The winning animals have been skilfully photographed from angles chosen to emphasise their noble ovine (or caprine) profiles.,"获奖牲口均被巧妙拍摄,取景角度刻意突出它们尊贵的绵羊(或山羊)侧影。"
dialogue|153|1|Dialogue Text,"THE SHEAF. Dated 2nd November? As so often, now, the precise date resists the eye.","《禾捆报》。日期是十一月二日?如今,精确的日期总是不肯映入眼帘,一如近来屡见的情形。"
dialogue|153|2|Dialogue Text,[Flip through.],[翻看。]
dialogue|153|3|Dialogue Text,[Put the newspaper away.],[把报纸收起来。]
dialogue|153|4|Dialogue Text,Headline: A NOOSE AROUND BERLIN! The Ministries shackle the free necks of West Berlin with a merciless BLOCKADE! Starving citizens implore heaven for help!,头版头条:柏林颈上的绞索!联盟以无情的封锁扼住西柏林自由之颈!饥饿的市民向苍天祈求援助!
dialogue|153|5|Dialogue Text,The Allies answer! The mighty air forces of the Incorporates and the State rain down bounteous plenty on the suffering citizenry!,盟国回应!集团与邦国的强大空军向受苦的市民倾洒丰饶的物资!
dialogue|153|6|Dialogue Text,"Even the English - and even the effete secessionaries of the Republic - have belatedly joined the effort, although they rely on the State and the Incorporates to provide the cargo, so feeble are their own economies...","连英格兰人——甚至共和国那些孱弱的分离派——也姗姗来迟地加入其中,尽管他们要仰赖邦国与集团提供货物,自家经济实在太孱弱了……"
dialogue|153|7|Dialogue Text,[Read about numerous overwhelming victories in Indochina.],[阅读关于印度支那诸多压倒性胜利的报道。]
dialogue|153|8|Dialogue Text,[Read other news.],[阅读其他新闻。]
dialogue|153|9|Dialogue Text,"Thankfully, the State bears the burden of the war in the former colonial possessions of poor lost France. Ergo, the victories continue.","幸而,邦国在可怜的、已然沦亡的法国昔日的殖民地上扛起了战争的担子。因此,胜利仍在继续。"
dialogue|154|1|Dialogue Text,'The Pilgrim Rose - S Hobson.','朝圣玫瑰——斯·霍布森。'
dialogue|154|2|Dialogue Text,[Riffle through.],[随手翻看。]
dialogue|154|3|Dialogue Text,[Put it away.],[收起来。]
dialogue|154|4|Dialogue Text,Better than I feared; less subtle than I remembered.,比我担心的要好;比我记忆中的更不含蓄。
dialogue|154|5|Dialogue Text,A many-storyed hospital populated by masked eccentrics. Any adept would recognise it as the [[Mansus]].,"一座有许多层楼的大医院,住满了戴面具的怪人。任何修士都会认出这是[[漫宿]]。"
dialogue|154|6|Dialogue Text,The old woman who masquerades as the Pilgrim's mother. Her attributes strongly suggest the [[Vagabond]].,那个伪装成巡礼者母亲的老妇人。她的种种特质强烈地指向[[浪游旅人]]。
dialogue|154|7|Dialogue Text,I wanted pyrotechnics for the ending The stage manager overruled me. Probably for the best.,结尾我本想要烟花效果。舞台经理否决了我。或许这样最好。
dialogue|155|100|Dialogue Text,Long may his reputation survive without further tarnish.,愿他的名声长存，而且别再添新的污点。
dialogue|155|101|Dialogue Text,May he jolly well sort everything out!,愿他赶紧把这一切都收拾妥当！
dialogue|155|102|Dialogue Text,"Oh yes! Vive, what?",哦，对！万岁，什么来着？
dialogue|155|104|Dialogue Text,"This is in order. You may go about your business, monsieur. Unless there was something else?",证件没有问题。您可以去办自己的事了，先生。还有别的事吗？
dialogue|155|105|Dialogue Text,"Acceptable, I suppose. Was there anything else?",我想还算可以。还有别的事吗？
dialogue|155|107|Dialogue Text," This appears to be in order, Monsieur Hobson. Unless there was something else?",这份证件看起来没有问题，霍布森先生。还有别的事吗？
dialogue|155|108|Dialogue Text,"This document would be satisfactory... except that you told me, earlier, that your name was [q=alias.last]. This is an entirely different name.",这份文件本来可以通过……可您先前告诉我，您的姓是[q=alias.last]。这上面完全是另一个名字。
dialogue|155|109|Dialogue Text,Let me see. ,让我看看。
dialogue|155|110|Dialogue Text,"I am not familiar with... well, yes, hm...",我不太熟悉……嗯，是，唔……
dialogue|155|112|Dialogue Text,"Well, we cannot choose where we are born. [A snuffle of hilarity.] Let me see.",唉，人没法选择自己出生在哪里。[他忍俊不禁地哼了一声。] 让我看看。
dialogue|155|114|Dialogue Text,[q=alias.last]? I can't honestly call to mind anyone of that name  - you mean me? No no no - I'm afraid you must have me confused with someone else. I know how busy are the Milice.,[q=alias.last]？说实话，我完全想不起有谁叫这个名字——你说的是我？不不不——恐怕您把我跟别人弄混了。我知道法国民兵很忙。
dialogue|155|117|Dialogue Text,"...perhaps, after all, you're right. Very well.",……也许，到头来你是对的。很好。
dialogue|155|118|Dialogue Text,I'm certain that was the name you gave.,我很确定你当时说的就是这个名字。
dialogue|155|119|Dialogue Text,[q=alias.last]? Excuse me - do I look like a [q=alias.last]?,[q=alias.last]？劳驾——你看我像一个[q=alias.last]吗？
dialogue|155|121|Dialogue Text,Hm. Eh. Very well.,嗯。呃。很好。
dialogue|155|122|Dialogue Text,I think that in fact you do.,我觉得你其实挺像。
dialogue|155|123|Dialogue Text,I have no excuses. I can only throw myself upon the mercy of the State.,我无话可辩。只能请求邦国宽恕。
dialogue|155|124|Dialogue Text,"Léon looks surprised, then delighted. He unfastens his truncheon from his belt.",莱昂先是一惊，随即喜出望外。他解开腰间警棍的扣带。
dialogue|155|127|Dialogue Text,"[Shrug] Lock me up, if you like.",[耸肩] 你想抓就抓吧。
dialogue|155|128|Dialogue Text,"In the name of the State, I place you under arrest! Come with me, immediately.",以邦国之名，我宣布逮捕你！立刻跟我走！
dialogue|155|129|Dialogue Text,"[Follow Léon, gloweringly.]",[阴沉着脸跟莱昂走。]
dialogue|155|12|Dialogue Text,"Andrée, the bookseller, has a quieter business than books - she sells goods forbidden by the laws of the State. Search her shop and you'll find proof.","书商安德烈,有一门比卖书更安静的生意——她贩卖邦国法令禁止的货物。搜一搜她的店,您就能找到证据。"
dialogue|155|130|Dialogue Text,[Follow Léon as far as the edge of the square... then feint sideways and make a dash for it.],[跟着莱昂走到广场边缘……然后突然向侧面虚晃一步，拔腿就跑。]
dialogue|155|131|Dialogue Text,Stop! Help! Traitors! Stop!,站住！来人！叛徒！站住！
dialogue|155|132|Dialogue Text,"[Career round a corner, arrow towards an alley...]",[猛冲过街角，直奔一条小巷……]
dialogue|155|133|Dialogue Text,Splash through a puddle - turn my ankle in a hidden hole -,踩进水洼——脚踝在一个看不见的坑里猛地一扭——
dialogue|155|136|Dialogue Text,Splash through a puddle -,踩进水洼——
dialogue|155|137|Dialogue Text,[Cry out in fury. Stagger onwards.],[愤怒地叫出声。踉跄着继续跑。]
dialogue|155|138|Dialogue Text,[Bite my lip to stay silent. Limp onwards.],[咬住嘴唇不出声。一瘸一拐继续跑。]
dialogue|155|139|Dialogue Text,"Léon cries out in exultation, but already he's panting. Hobbled as I am, I'm still faster.",莱昂兴奋地大叫，可他已经开始喘了。就算我腿脚受伤，还是比他快。
dialogue|155|13|Dialogue Text,I heard Linou express clear Republican sympathies.,我听见利努明确流露出共和派的同情。
dialogue|155|140|Dialogue Text,His bellows are lost in thunder. The windows stay closed. The streets stay empty.,他的吼声被雷鸣吞没。窗户紧闭，街道依旧空无一人。
dialogue|155|141|Dialogue Text,"Léon knows the streets, and I don't. But I'm still faster. ",莱昂认得这些街巷，我不认得。但我依然更快。
dialogue|155|142|Dialogue Text,"But once, whispers the coming night, you were too slow.",可将至的夜低声提醒：曾经有一次，你太慢了。
dialogue|155|143|Dialogue Text,[Léon is far behind.],[莱昂已经远远落在后面。]
dialogue|155|144|Dialogue Text,"[Out through the rain-curtain, into bright sunlight.]",[冲出雨幕，闯进明亮的阳光。]
dialogue|155|145|Dialogue Text,"[Run on, slowing now.]",[继续跑，渐渐放慢脚步。]
dialogue|155|147|Dialogue Text,I'm watching you.,我盯着你呢。
dialogue|155|148|Dialogue Text,Out of the square; down a narrow street to the back of a hulking building.,冲出广场；沿一条窄街跑到一栋庞然大楼的背后。
dialogue|155|149|Dialogue Text,Enter.,进去。
dialogue|155|14|Dialogue Text,I'm looking for someone. A woman.,我在找一个人。一个女人。
dialogue|155|150|Dialogue Text,[Pass through the door.],[穿门而过。]
dialogue|155|151|Dialogue Text,"[Feint, then bolt.]",[虚晃一下，然后拔腿就跑。]
dialogue|155|152|Dialogue Text,Léon unlocks a grilled door and gestures.,莱昂打开一扇带铁栅的门，做了个手势。
dialogue|155|153|Dialogue Text,"Here's a mean little door, badly painted in distemper-yellow.",这里有一扇寒酸的小门，刷着劣质的灰泥黄漆。
dialogue|155|154|Dialogue Text,In here!,进来！
dialogue|155|155|Dialogue Text,"Through the door into a concrete corridor lined with ratty carpet and lit by a single bulb. Far off, an electric bell rings twice.",穿过门，是一条混凝土走廊，铺着破旧地毯，只靠一只灯泡照明。远处，一只电铃响了两声。
dialogue|155|156|Dialogue Text,[Into the room. The cell?],[走进房间。牢房？]
dialogue|155|157|Dialogue Text,"Not a cell. But not a hotel room. Windowless, with stacked chairs, stacked crates, a stack of yellowing newspapers on a tilted tabletop.",不是牢房。可也不像旅馆客房。没有窗，椅子摞着椅子，木箱叠着木箱，一摞发黄的报纸斜堆在桌面上。
dialogue|155|158|Dialogue Text,My colleagues and I - we will teach you <i>respect</i>.,我和同僚们——会教会你什么叫<i>尊重</i>。
dialogue|155|159|Dialogue Text,"Rattling his keys with ceremonious delight, Léon locks the door behind me.",莱昂郑重其事、喜气洋洋地晃着钥匙，把我锁在门后。
dialogue|155|15|Dialogue Text,Absolutely!,当然!
dialogue|155|160|Dialogue Text,[Listen to his footsteps retreat down the corridor.],[听着他的脚步沿走廊远去。]
dialogue|155|161|Dialogue Text,Near-silence. A burst of incoherent yelling from somewhere upstairs.,几乎一片寂静。楼上某处忽然爆出一阵听不清内容的叫喊。
dialogue|155|162|Dialogue Text,[Wait.],[等候。]
dialogue|155|163|Dialogue Text,[Whistle jauntily.],[轻快地吹口哨。]
dialogue|155|164|Dialogue Text,[Open the door and step out.],[打开门，走出去。]
dialogue|155|165|Dialogue Text,The light-bulb fizzes faintly. Léon is definitely gone.,灯泡发出轻微的滋滋声。莱昂肯定已经走了。
dialogue|155|166|Dialogue Text,"In this place, the sound is flat as stale water.",这个地方的声音扁平得像一潭馊水。
dialogue|155|167|Dialogue Text,The door swings open. No-one in the corridor.,门摆开了。走廊里没人。
dialogue|155|168|Dialogue Text,'Land of Hope and Glory.',《希望与荣光之地》。
dialogue|155|169|Dialogue Text,'Daphne.',《达芙妮》。
dialogue|155|16|Dialogue Text,"Not such a bad chap, that Darlan.",达尔朗这人其实没那么坏。
dialogue|155|170|Menu Text,"Try to lock <i>me</i> in, will you? Cretins.",想把<i>我</i>锁起来？蠢货。
dialogue|155|171|Dialogue Text,[Out into the street.],[走到街上。]
dialogue|155|175|Dialogue Text,"Léon shakes his head vaguely. He tilts his head as if he can hear martial music. Above, the flag snaps in the rising wind.",莱昂茫然地摇了摇头。他歪过脑袋，像是听见了军乐。头顶上，旗帜在渐强的风里猎猎作响。
dialogue|155|176|Dialogue Text,Desist!,住手！
dialogue|155|177|Dialogue Text,The rain has drowned the joy of it. Or perhaps Léon just has no imagination at all.,雨水把其中的喜悦全浇没了。也可能莱昂根本毫无想象力。
dialogue|155|178|Dialogue Text,Glory...,荣光……
dialogue|155|179|Dialogue Text,"Perhaps he's weeping. With the rain, it's difficult to be sure.",也许他在哭。雨这么大，很难分辨。
dialogue|155|180|Dialogue Text,What... what was I saying?,我……我刚才说到哪了？
dialogue|155|182|Dialogue Text,I suppose then you must be a man of means - a respectable man. You may bring me your papers later.,那我想，您一定是位有财力的体面人。以后再把证件拿给我看就行。
dialogue|155|183|Dialogue Text,My honour is not negotiable!,我的荣誉不容收买！
dialogue|155|185|Dialogue Text,Hmmf. ,哼。
dialogue|155|186|Dialogue Text,Bah. Bah! Did you think to frighten the Milice?,呸。呸！你以为能吓住法国民兵？
dialogue|155|187|Dialogue Text,(Ididn'twanttoseeyourpapersanyway.),（反正我也不想看你的证件。）
dialogue|155|188|Dialogue Text,Nothing. Good day.,没什么。日安。
dialogue|155|189|Dialogue Text,Invariably. On this side of town.,一向如此。城这一边总下。
dialogue|155|190|Dialogue Text,And on the other side of town?,那城的另一边呢？
dialogue|155|191|Dialogue Text,[Insincere] And you out here on duty? I'm sorry.,[假惺惺] 你还得在这种天气里执勤？真遗憾。
dialogue|155|192|Dialogue Text,[Sincere] And you out here on duty? I'm sorry.,[真诚] 你还得在这种天气里执勤？真遗憾。
dialogue|155|193|Dialogue Text,"Invariably, it does not rain.",一向不下。
dialogue|155|194|Dialogue Text,It is nothing.,没什么。
dialogue|155|195|Dialogue Text,"If I hear anything, I'll let you know.",要是听到什么，我会告诉你。
dialogue|155|196|Dialogue Text,Good.,好。
dialogue|155|197|Dialogue Text,If I bring you this kind of information... will you help me find [[Nina Lagasse]]? ,如果我给你带来这类情报……你会帮我找到[[尼娜·拉加斯]]吗？
dialogue|155|198|Dialogue Text,Most certainly. The State rewards loyalty.,当然。邦国会奖励忠诚。
dialogue|155|19|Dialogue Text,Milicien Léon. State your name.,民兵莱昂。报上姓名。
dialogue|155|1|Dialogue Text,A young man blinks resentfully through the curtain of rain running off his cap.,"一个年轻人,从帽檐淌下的雨帘后,满腹怨气地眨着眼。"
dialogue|155|203|Dialogue Text,[Put as much distance between me and the Milice place as quickly as possible.],[尽快离法国民兵的据点越远越好。]
dialogue|155|204|Dialogue Text,"[Keep my movements slow, moving out of town into the quieter areas of the Cap d'Antibes.]",[放慢动作，离开城区，走向昂蒂布海岬较为幽静的地带。]
dialogue|155|205|Dialogue Text,"[Through glistening streets, beneath blinded windows, past scar and wailing stone, and into the sun on the other side of town.]",[走过泛光的街道，经过闭目般的窗户、伤疤与哀鸣的石头，最终从城市另一头走进阳光。]
dialogue|155|206|Dialogue Text,"[Move on, up the leaf-dappled slope between stately trees, to a pair of iron gates.]",[继续前行，沿庄严树木之间那条洒着叶影的坡道向上，来到一对铁门前。]
dialogue|155|207|Dialogue Text,"[On the wall beside the gate, a white bird sits: an albino crow? It cocks its head at me and blinks a gem-black eye.]",[大门旁的墙上停着一只白鸟：白化乌鸦？它歪头看我，宝石般漆黑的眼睛眨了一下。]
dialogue|155|208|Dialogue Text,"It launches itself into the air, and flaps off in the direction of the building behind the gates.",它振翅飞起，朝铁门后方的建筑飞去。
dialogue|155|209|Dialogue Text,"'In the name of the [[Beach-Crow]], who opens the earth, who sees what is lost...'",“以[[滩鸦]]之名——祂开启大地，祂看见失落之物……”
dialogue|155|20|Dialogue Text,Spencer Hobson.,斯宾塞·霍布森。
dialogue|155|210|Dialogue Text,"[Follow Léon, cheerfully.]",[兴高采烈地跟着莱昂走。]
dialogue|155|211|Dialogue Text,"'In the name of the [[Ivory Dove]], who cannot be deceived, who calls each of the Dead by name...'",“以[[骨白鸽]]之名——祂不受欺瞒，祂逐一唤出每一位死者之名……”
dialogue|155|212|Dialogue Text,Well... I know an omen when I see one.,嗯……看见预兆的时候，我总认得出来。
dialogue|155|213|Dialogue Text,[Nod knowingly.],[心照不宣地点头。]
dialogue|155|214|Dialogue Text,Nina... is she here?,尼娜……她在这里吗？
dialogue|155|215|Dialogue Text,[Let's find out.],[去弄清楚。]
dialogue|155|216|Dialogue Text,"Thank you, Milicien. But I just want to be close to you. [Simper.]",谢谢你，民兵先生。不过我只是想靠你近一点。[娇笑。]
dialogue|155|217|Dialogue Text,Enough!,够了！
dialogue|155|218|Dialogue Text,Hm... so here we are at the heart of the matter.,嗯……这就说到问题的核心了。
dialogue|155|219|Dialogue Text,[Reply frivolously.],[轻佻地回答。]
dialogue|155|21|Dialogue Text,Sylvain Huissier.,西尔万·韦西耶。
dialogue|155|220|Dialogue Text,"An aristocratic name. In fact, 'François' is the Admiral's first name. ",一个贵族气的名字。事实上，“弗朗索瓦”正是那位海军上将的名字。
dialogue|155|222|Dialogue Text,[Consider my papers - what do I have?],[想想我的证件——手头有什么？]
dialogue|155|223|Dialogue Text,[I have no papers I'm willing to show the milicien.],[我没有愿意给这个民兵看的证件。]
dialogue|155|224|Dialogue Text,"Apparently, the matter of my papers has been forgotten.",看来，我证件的问题已经被忘掉了。
dialogue|155|225|Dialogue Text,In the name of the State! Stop!,以邦国之名！站住！
dialogue|155|226|Dialogue Text,"[Stop. Raise my hands and smile disarmingly.] Well, for the <i>State</i>...",[停下。举起双手，露出讨好的笑容。] 好吧，既然是为了<i>邦国</i>……
dialogue|155|227|Dialogue Text,"Léon seizes my arm, glaring, to drag me back the other way.",莱昂瞪着我，一把抓住我的胳膊，要把我往回拖。
dialogue|155|228|Dialogue Text,[Keep running.],[继续跑。]
dialogue|155|229|Dialogue Text,"[Saunter towards the building, whistling 'Land of Hope and Glory'.]",[悠闲地朝大楼走去，嘴里吹着《希望与荣光之地》。]
dialogue|155|22|Dialogue Text,[Invent a name.],[编一个名字。]
dialogue|155|230|Dialogue Text,"[Saunter towards the building, whistling 'Daphne'.]",[悠闲地朝大楼走去，嘴里吹着《达芙妮》。]
dialogue|155|232|Dialogue Text,[TEST] Straight to Sanitarium,[测试] 直接前往疗养院
dialogue|155|234|Dialogue Text,"Beyond the gates, a sign reads SANITARIUM AUJOURD'HUI.",铁门后的一块牌子上写着：今日疗养院。
dialogue|155|235|Dialogue Text,[Look around.],[四下看看。]
dialogue|155|236|Dialogue Text,"Léon returns, smiling.",莱昂笑着回来了。
dialogue|155|237|Dialogue Text,It's done. The State thanks you.,办妥了。邦国感谢你。
dialogue|155|238|Dialogue Text,There are... abysses of night... in Antibes.,有……黑夜的深渊……在昂蒂布。
dialogue|155|239|Dialogue Text,And?,然后呢？
dialogue|155|240|Dialogue Text,No-one mentioned them.,没人提过这事。
dialogue|155|241|Dialogue Text,Shouldn't someone... put up some sort of sign?,难道就不该有人……立块什么警示牌吗？
dialogue|155|242|Dialogue Text,A strong state discourages frivolous chatter.,强大的国家会遏止轻浮的闲言碎语。
dialogue|155|243|Dialogue Text,Pff. The wise walk round them. Drunks and imbeciles do not. The State loses nothing but dross.,啧。聪明人会绕着走。醉鬼和白痴不会。邦国损失的也不过是渣滓。
dialogue|155|244|Dialogue Text,If you search the cafe - Chez Felix - you'll find a store of illicit goods.,如果你搜查那间咖啡馆——费利克斯之家——会找到一批违禁品。
dialogue|155|245|Dialogue Text,"I suspected as much. For a while now, I have had my eye on that woman.",我早就有所怀疑。那个女人，我已经盯了一阵子了。
dialogue|155|246|Dialogue Text,Linou at the café is selling real coffee. In secret.,咖啡馆里的利努在偷偷卖真正的咖啡。
dialogue|155|247|Dialogue Text,"You <i>are</i> prepared to testify, if we need you later? Publicly, in court?",以后有需要时，你<i>会</i>出庭作证吧？公开地，在法庭上？
dialogue|155|248|Dialogue Text,No. I would prefer to remain anonymous.,不会。我希望保持匿名。
dialogue|155|24|Dialogue Text,François Isnard.,弗朗索瓦·伊斯纳尔。
dialogue|155|251|Dialogue Text,Disappointing. Return when you have found your courage.,令人失望。等你找回勇气再来。
dialogue|155|253|Dialogue Text,Just my little joke.,只是开个小玩笑。
dialogue|155|254|Dialogue Text,Mme Zèlia - in the park - tried to commission me to place a curse on another citizen.,泽莉亚夫人——公园里那位——想雇我给另一位公民下诅咒。
dialogue|155|255|Dialogue Text,'A curse.',“诅咒。”
dialogue|155|256|Dialogue Text,"Secondly, the law does not recognise 'curses'. But the law does recognise fraud. I will give you an example of fraud. Let us say some ferret-faced foreigner promised Mme Badat he could lay a 'curse' for her, in exchange for money. I hope you did not accept money from her?",第二，法律并不承认什么“诅咒”。但法律承认诈骗。举个诈骗的例子吧。假设有个雪貂脸的外国人向巴达夫人保证，只要给钱，他就能替她下“诅咒”。我希望你没有从她那里收钱？
dialogue|155|257|Dialogue Text,"Firstly, that is Zèlia Badat you speak of - a patriot and a woman of excellent family. Watch what you say.",第一，你说的是泽莉亚·巴达——一位爱国者，也出身于优秀家庭。说话小心。
dialogue|155|258|Dialogue Text,I trust you did ,我相信你没有
dialogue|155|258|Menu Text,[Truth] Of course not.,[实话] 当然没有。
dialogue|155|259|Dialogue Text,Of course not. But she seems a little confused. Someone else might take advantage. I thought you should know.,当然没有。不过她似乎有点糊涂。别人可能会趁机占她便宜。我觉得该让你知道。
dialogue|155|25|Dialogue Text,Jean Dupont.,让·杜邦。
dialogue|155|260|Dialogue Text,"Quite a lot, actually, but I've already spent it. Were you hoping for a bribe? Sorry!",其实收了不少，不过我已经花掉了。你是想收贿赂吗？抱歉！
dialogue|155|261|Dialogue Text,"For a moment, it looks as if Léon might burst entirely out of his uniform.",有那么一瞬间，莱昂看起来几乎要整个人从制服里炸出来。
dialogue|155|262|Dialogue Text,Well... good.,好吧……很好。
dialogue|155|263|Dialogue Text,You...!,你……！
dialogue|155|27|Dialogue Text,English?,英语？
dialogue|155|28|Dialogue Text,Of course.,当然。
dialogue|155|2|Dialogue Text,Vive l'[[Amiral]]!,[[海军上将]]万岁!
dialogue|155|30|Dialogue Text,A ubiquitous and generic sort of name. Léon sneezes sceptically.,一个随处可见、普通得不能再普通的名字。莱昂将信将疑地打了个喷嚏。
dialogue|155|31|Dialogue Text,Your papers.,证件。
dialogue|155|32|Dialogue Text,Regrettably so.,很遗憾，是。
dialogue|155|34|Dialogue Text,"Oh, I don't have <i>papers</i>.",哦，我没有<i>证件</i>。
dialogue|155|35|Dialogue Text,[I don't want to show him my papers. Make a show of searching for them.],[我不想给他看证件。装模作样地翻找一阵。]
dialogue|155|36|Dialogue Text,What?,什么？
dialogue|155|37|Dialogue Text,"[Confidently] I'm a guest of the State. If you'd like, you can detain me while we establish that beyond doubt. But I wouldn't recommend it.",[自信] 我是邦国的贵宾。你愿意的话，可以先把我扣下来，再去彻底核实这件事。不过我不建议你这么做。
dialogue|155|38|Dialogue Text,[Wink. Begin to whistle a martial tune. Drum my fingers on the Bewitching tool.],[眨眨眼。开始吹一段军乐口哨。手指在魅惑工具上敲出节奏。]
dialogue|155|39|Dialogue Text,But I would like to make a contribution to the Milice. Forty francisques.,不过我倒愿意给法国民兵捐点钱。四十法兰西斧币。
dialogue|155|3|Dialogue Text,Vive l'Amiral!,海军上将万岁!
dialogue|155|40|Dialogue Text,I'm afraid I've come out without any form of identification.,恐怕我出门时没带任何身份证明。
dialogue|155|41|Dialogue Text,Unacceptable!,不可接受！
dialogue|155|42|Dialogue Text,I have no more time for your insolences. Go away.,我没时间再听你这些无礼之言。走开。
dialogue|155|43|Dialogue Text,[Go away.],[走开。]
dialogue|155|4|Dialogue Text,Vive l'Amiral.,海军上将万岁。
dialogue|155|50|Dialogue Text,Here - I'm a citizen of the State.,这里——我是邦国公民。
dialogue|155|51|Dialogue Text,I wondered whether I could be of any assistance to the Milice. I have experience as a private inquiry agent.,我在想，自己能不能为法国民兵出一份力。我做过私人调查员。
dialogue|155|52|Dialogue Text,"Interesting. Most interesting. Yes. Bring me the names of malcontents, and I will bestow upon you a little gift. Five hundred francisques.",有意思。非常有意思。可以。把不满分子的名字交给我，我会给你一份小礼物。五百法兰西斧币。
dialogue|155|53|Dialogue Text,"The State is generous, to pay so freely for information.",邦国真慷慨，为情报出手这么大方。
dialogue|155|54|Dialogue Text,"The State <i>is</i> generous. But this is my personal initiative, you see? I use my own funds to incentivise public service. When the information is accurate, my service is recognised.",邦国<i>当然</i>慷慨。不过你看，这是我的个人行动。我拿自己的钱来激励公共服务。只要情报准确，我的功劳就会得到认可。
dialogue|155|55|Dialogue Text,And when the information is not accurate? I have <i>two</i> names to give my superiors. So beware! Milice Léon has learnt to sniff out lies.,要是情报不准确呢？那我就有<i>两个</i>名字可以交给上级。所以小心！民兵莱昂已经学会闻出谎言的味道了。
dialogue|155|56|Dialogue Text,He sneezes.,他打了个喷嚏。
dialogue|155|58|Dialogue Text,"The Milice, monsieur, does not offer such a service. Remove your lusts to the houses of tolerance.",先生，法国民兵不提供这种服务。请把你的欲望带去合法妓院解决。
dialogue|155|5|Dialogue Text,Good morning.,早上好。
dialogue|155|60|Dialogue Text,I knew there was something! ,我就知道有蹊跷！
dialogue|155|61|Dialogue Text,"It is sad. In all honesty, I am not surprised. She has always been insolent, that Linou. But now, we have someone to testify for us, should it be necessary - no? ",真可悲。说实话，我并不意外。那个利努向来无礼。不过现在，若有必要，我们总算有人可以作证了——不是吗？
dialogue|155|62|Dialogue Text,[Accept 500 Francisques],[收下 500 法兰西斧币]
dialogue|155|63|Dialogue Text,"Perhaps I might take my payment in kind? Information, I mean?",也许我可以用实物收取报酬？我是说，用情报。
dialogue|155|64|Dialogue Text,I'll need to consult with my superiors. Wait here.,我得请示上级。你在这里等着。
dialogue|155|65|Dialogue Text,I will consider your proposal.,我会考虑你的提议。
dialogue|155|66|Dialogue Text,I'm looking for a woman - [[Nina Lagasse]]. I wonder if the Milice knows where to find her.,我在找一个女人——[[尼娜·拉加斯]]。我在想，法国民兵会不会知道去哪儿找她。
dialogue|155|67|Dialogue Text,Lagasse. You have a description?,拉加斯。你有她的外貌描述吗？
dialogue|155|68|Dialogue Text,Pale as marble. ,白如大理石。
dialogue|155|69|Dialogue Text,White as milk.,白得像牛奶。
dialogue|155|6|Dialogue Text,[Nod stoically.],[坚忍地点点头。]
dialogue|155|70|Dialogue Text,"Where she goes, she is remembered.",她去过的地方，人们都会记住她。
dialogue|155|71|Dialogue Text,Wait... Lagasse. She is a widow?,等等……拉加斯。她是个寡妇？
dialogue|155|72|Dialogue Text,"She wears black, certainly.",至少她确实穿黑衣。
dialogue|155|73|Dialogue Text,"Perhaps she is in mourning, yes.",也许她是在服丧，是。
dialogue|155|74|Dialogue Text,"I know exactly. You will find her at the Sanitarium Aujourd'hui, past the park.",我知道了。你会在今日疗养院找到她，就在公园那边。
dialogue|155|75|Dialogue Text,But you will be respectful when you call upon the Sanitarium. The director is a man of importance. Do not let me hear of you causing difficulties.,不过你去疗养院拜访时必须保持礼貌。院长是个重要人物。别让我听说你在那里惹了麻烦。
dialogue|155|76|Dialogue Text,And do not mention the name of Milicien Léon.,也别提民兵莱昂的名字。
dialogue|155|77|Dialogue Text,"Thank you, Milicien.",谢谢你，民兵先生。
dialogue|155|78|Dialogue Text,[Nod and leave.],[点头离开。]
dialogue|155|79|Dialogue Text,"Thank you, Milicien. Something else...",谢谢你，民兵先生。还有一件事……
dialogue|155|7|Dialogue Text,What is it?,什么事?
dialogue|155|82|Dialogue Text,[Nod weakly.],[虚弱地点点头。]
dialogue|155|84|Dialogue Text,I mentioned earlier that I'm looking for a woman named [[Nina Lagasse]]...,我之前提过，我在找一个叫[[尼娜·拉加斯]]的女人……
dialogue|155|85|Dialogue Text,No no - I mean that I'm trying to locate an acquaintance. Nina Lagasse.,不不——我的意思是，我在找一位熟人。尼娜·拉加斯。
dialogue|155|86|Dialogue Text,Of course. I apologise for the misunderstanding.,当然。是我误会了，抱歉。
dialogue|155|87|Dialogue Text,"Nevertheless. In my private capacity... when I am off duty... I can make introductions for you. Girls of a generous temperament. With their papers of good health, all up to date.",不过，以我的私人身份……等我下班以后……我倒可以替你介绍。性情慷慨的姑娘。健康证明一应俱全，而且都在有效期内。
dialogue|155|88|Dialogue Text,"[Léon looks faintly disappointed, then rallies.]",[莱昂看起来有一点失望，随即又振作起来。]
dialogue|155|89|Dialogue Text,Neither does the Milice serve as an office of information.,同样，法国民兵也不充当情报处。
dialogue|155|8|Dialogue Text,"Does it often rain like this, here?","这里,常下这样的雨吗?"
dialogue|155|90|Dialogue Text,"Most kind, Milicien. I'll bear it in mind.",太客气了，民兵先生。我会记着的。
dialogue|155|91|Dialogue Text,[Nod neutrally.],[平静地点头。]
dialogue|155|94|Dialogue Text,Here - I'm a citizen of the Republic.,这里——我是共和国公民。
dialogue|155|95|Dialogue Text,Here - I'm a subject of her Majesty.,这里——我是女王陛下的臣民。
dialogue|155|99|Dialogue Text,May his boots always be the shiniest.,愿他的靴子永远擦得最亮。
dialogue|155|9|Dialogue Text,I wanted to talk about malcontents in Antibes. You had mentioned a little gift?,"我想谈谈昂蒂布的不满分子。您提过,有份小礼物?"
dialogue|156|10|Dialogue Text,We have no conveniences here for patrons. There is a <i>vespasienne</i> in the Rue Racine.,本店没有供客人方便的设施。拉辛街有一处<i>公共小便池</i>。
dialogue|156|11|Dialogue Text,[Quick and quiet.],"[快,而且要轻。]"
dialogue|156|1|Dialogue Text,The door to the kitchen? A sign reads 'PRIVATE'.,通往厨房的门?牌子上写着 '闲人免进'。
dialogue|156|2|Dialogue Text,"If I want in, I'll have to wait until the proprietress is distracted. Next time she bends below the bar, perhaps.","若想进去,我得等老板娘分了神才行。或许下次她弯腰到吧台下面时,就是个机会。"
dialogue|156|3|Dialogue Text,[Wait for the shadows to deepen before I step through to the kitchen.],"[等阴影渐浓,再迈步进入厨房。]"
dialogue|156|4|Dialogue Text,[Wait. Employ a little magic of transgression to enter the kitchen.],[等着。动用一点逾越的魔法进入厨房。]
dialogue|156|5|Dialogue Text,"[Wait. When Linou is distracted, exit stage right.]","[等着。趁利努分神之际,从舞台右侧退场。]"
dialogue|156|8|Dialogue Text,Now!,就是现在!
dialogue|156|9|Dialogue Text,The proprietress raises her head suddenly as I step towards the door.,"我朝门口迈步时,老板娘猛地抬起了头。"
dialogue|160|12|Dialogue Text,I remember the story...,我记得这个故事……
dialogue|160|13|Dialogue Text,"In the Provence of seven hundred years away, a nobleman leaves a greyhound to protect his infant heir. On his return, the child is absent and the greyhound's jaws are stained with blood. In rage and terror, the father kills the dog. Then they hear the child's cry, and find it under the cradle... along with the monstrous serpent that Guinefort has slain.","在七百年前的普罗旺斯,一位贵族留下一条灵缇,守护他襁褓中的子嗣。他归来时,孩子不见了,灵缇的嘴边染着血迹。在狂怒与恐惧之中,父亲杀死了那条狗。随后,他们听见了孩子的哭声,在摇篮底下找到了他……旁边,躺着那条被吉内福尔杀死的巨蛇。"
dialogue|160|14|Dialogue Text,"It upset me then, and it moved me now.","那时它令我不安,如今它令我动容。"
dialogue|160|15|Dialogue Text,"It intrigued me for years. The story shows up everywhere in different dress. A wolfhound in Wales. A pet bear in Spain. In Georgia, it's a panther...","它让我着迷了好些年。这个故事穿着不同的衣裳,出现在各处。在威尔士,它是一只猎狼犬。在西班牙,它是一只宠物熊。在格鲁吉亚,它成了一头豹……"
dialogue|160|16|Dialogue Text,"And that, Guinefort, is why before you risk any good deeds, you always make sure you know who'll get the credit.","而这,吉内福尔,正是为什么在你冒险行善之前,总要先弄清楚:功劳会落在谁头上。"
dialogue|160|18|Dialogue Text,"A good lesson. If you're going to die, die right.","好教训。如果终究要死,就死得其所。"
dialogue|160|19|Dialogue Text,"A complicated lesson. The [[Wolf Divided]] - the Hour of rage and pain - incarnate in a wounded dog. A great kindness turned to horror. Over the years, the story has sown a whole crop of heretics.","复杂的教训。[[裂分之狼]]——愤怒与痛苦之[[司辰]]——化身于一条受伤的狗。一桩天大的善举,转成了恐怖。这些年来,这个故事播下了整整一茬异端。"
dialogue|160|1|Dialogue Text,"A wounded greyhound wrestles with serpents, eyes blazing.","一条受伤的灵缇与群蛇搏斗,双目灼灼。"
dialogue|160|20|Dialogue Text,"'The Church,' once wrote the magus Julian Coseley, 'makes sinners of saints and saints of dogs.' He had a point.","「“教会,”术士朱利安·科斯利曾写道,“把圣徒变成罪人,把狗变成圣徒。”他说得在理。」"
dialogue|160|2|Dialogue Text,St Guinefort. A picturesque folktale.,圣吉内福尔。一则如画的民间传说。
dialogue|160|3|Dialogue Text,St Guinefort. A potent allegory.,圣吉内福尔。一则有力的寓言。
dialogue|160|6|Dialogue Text,"Father Thaddaeus told us that story in the seminary minor, in Paris. It must be forty years ago, now.","达陡神父在巴黎的小修院里给我们讲过这个故事。如今想来,该有四十年了。"
dialogue|160|7|Dialogue Text,I can't quite recall when I first heard the tale...,"我记不太清,第一次听到这个故事是在什么时候……"
dialogue|160|9|Dialogue Text,"Father Simeon told us that story in the seminary minor, in Paris. It must be forty years ago, now.","西默盎神父在巴黎的小修院里给我们讲过这个故事。如今想来,该有四十年了。"
dialogue|161|11|Dialogue Text,[Sniff.],[嗅了嗅。]
dialogue|161|13|Dialogue Text,"Over the clean notes of the wind from under the world, there's a pungency - carbide? bitumen? Not quite either. For a moment, a shape wavers at the edge of my vision: like a woman, if a woman could melt and smear.","自世界之下吹来的风,带着清冽的音调;而在其上,还有一股刺鼻的气味——碳化物?沥青?又都不尽然。有那么一瞬,一个轮廓在我视野边缘摇曳:像一个女人,如果女人可以融化、洇散的话。"
dialogue|161|14|Dialogue Text,"Over the clean notes of the wind from under the world, there's a faint but pungent pong - bitumen? Carbide? Not quite either. Then it's gone.","自世界之下吹来的风,带着清冽的音调;而在其上,还有一股隐约却刺鼻的气味——沥青?碳化物?又都不尽然。然后,它消失了。"
dialogue|161|15|Dialogue Text,This is a wound and a door. Skolekosophy and Nyctodromy will find uses here.,"这是一道伤口,也是一扇门。蠕虫学与夜游术,在这里大有用武之地。"
dialogue|161|1|Dialogue Text,"Beyond a prosaic and ragged edge of earth: a gulf, blue descending to black.","在平淡而参差的土地边缘之外:一道深渊,蓝色渐沉入黑。"
dialogue|161|27|Dialogue Text,<i>Spencer. Darling. We miss you. We're cold. We miss you - </i>,<i>斯宾塞。亲爱的。我们想念你。我们好冷。我们想念你—— </i>
dialogue|161|28|Dialogue Text,You can't touch me now...,你现在碰不到我了……
dialogue|161|29|Dialogue Text,You're gone from me now...,"你如今,已离我而去……"
dialogue|161|2|Dialogue Text,[Lean over the edge.],[探身越过边缘。]
dialogue|161|30|Dialogue Text,I feel empty...,我觉得空虚……
dialogue|161|31|Dialogue Text,No answer. The shape is gone.,没有回答。那个轮廓已经不见了。
dialogue|161|32|Dialogue Text,"They remember, the night observes; they remember.","它们还记得,夜在旁观;它们还记得。"
dialogue|161|33|Dialogue Text,[Step closer.],[再走近一步。]
dialogue|161|4|Dialogue Text,"Stars? No. You'd find those in the sky. Or, occasionally, in Russia. These are something below the earth. ","星星?不。星星要到天上去找。偶尔,也可以在俄国找到。而这些东西,在大地之下。"
dialogue|161|5|Dialogue Text,"As I watch, one light winks out. Then another.","我看着,一盏灯火熄灭了。接着又是一盏。"
dialogue|161|6|Dialogue Text,A little breath of winter in the air.,"空气中,有一缕冬的气息。"
dialogue|162|10|Dialogue Text,A bright memory stirs...,一段鲜亮的回忆被唤醒……
dialogue|162|11|Dialogue Text,A distant memory stirs...,一段遥远的回忆被唤醒……
dialogue|162|12|Dialogue Text,A red-and-white memory stirs...,一段红白相间的回忆泛起……
dialogue|162|13|Dialogue Text,A complicated memory stirs...,一段复杂的回忆泛起……
dialogue|162|14|Dialogue Text,That's annoying.,真烦人。
dialogue|162|15|Dialogue Text,[Nod.],[点头。]
dialogue|162|16|Dialogue Text,The management regrets any inconvenience.,「店方为造成的不便深表歉意。」
dialogue|162|17|Dialogue Text,"For a practitioner of Hushery or Illumination, this place is an opportunity.","对静默术或照明术的修行者而言,此地正是一个机会。"
dialogue|162|1|Dialogue Text,"Near one shelf in the corner of the shop, the crackling of the rain is less audible. Even my footsteps are softer. A sign on the shelf reads SILENCE.","店角的某个书架附近,雨声的噼啪变得隐约。连我的脚步声都轻了几分。书架上立着一块牌子,写着 '肃静'。"
dialogue|162|2|Dialogue Text,[Run fingers over the autobiography of a stage magician: SMOKE GHOST.],[指尖拂过一位舞台魔术师的自传:《烟中鬼影》。]
dialogue|162|3|Dialogue Text,"[Run fingers over a slim religious treatise: Aquinas, on optics and temperance.]",[指尖拂过一册薄薄的宗教论著:阿奎那论光学与节制。]
dialogue|162|4|Dialogue Text,[Run fingers over a semi-medical textbook: STILLING THE HEART.],[指尖拂过一册半医学的教科书:《止息心跳》。]
dialogue|162|5|Dialogue Text,[Run fingers over a volume of commentary on eighteenth-century drama. LES PIÈCES MUETTES - 'The Speechless Plays'],[指尖拂过一册十八世纪戏剧评注。《无声诸剧》——'无言之剧'。]
dialogue|162|6|Dialogue Text,[Examine the books.],[仔细看看这些书。]
dialogue|162|7|Dialogue Text,"Every book there was written by someone alive when the war began, dead when it ended.","那里的每一本书,作者都在战争开始时活着,在战争结束时死去。"
dialogue|162|8|Dialogue Text,You've found my graveyard.,你找到了我的墓园。
dialogue|162|9|Dialogue Text,The books in the graveyard are for display only. Not for sale.,"墓园里的书只供陈列,一概不卖。"
dialogue|164|1|Dialogue Text,"The shadowless light of the sun-cross chandelier above, the perpetual fire of the Unconquered Sun, the underwater glow of the stained glass windows, all make the altar bright.","头顶太阳十字吊灯的无影之光、不败之日的恒久之火、彩绘玻璃窗那水底般的幽光,共同将祭坛映得明亮。"
dialogue|164|2|Dialogue Text,This is the altar I once served...,这是我曾侍奉过的祭坛……
dialogue|164|3|Dialogue Text,"One trained in the secret doctrines of the Church - Horomachistry, Illumination, Ithastry - could work tiny wonders here.",受过教会秘传教义训练的人——司辰学、照明术、盗火术——能在此施展微小的奇迹。
dialogue|164|5|Dialogue Text,I miss it.,我想念它。
dialogue|164|6|Dialogue Text,I'm free of it.,我已摆脱了它。
dialogue|164|7|Dialogue Text,It took me too long to realise what balls it all was.,"我花了太久,才看穿这一切全是胡扯。"
dialogue|164|8|Dialogue Text,It still means something - but now it means something different.,"它依然意味着什么——但如今,它意味着的是别的东西。"
dialogue|164|9|Dialogue Text,[Pick up the book on the altar.],[拿起祭坛上的书。]
dialogue|165|1|Dialogue Text,"HORIZON, the poster reads. And below, in words from several languages: SUN - SEA - NIGHT - LINE - MORNING.","海报上写着「地平线」。下方,用好几种语言写着:太阳 - 大海 - 夜晚 - 线 - 清晨。"
dialogue|165|24|Dialogue Text,This is a crafting venue. Crafting is one of the more complicated parts of the game. You might want to come back once you've played more of the tutorial and gathered some Memories and Influences. But it's up to you.,"这里是炼制场所。炼制是游戏中较为复杂的部分之一。等你玩过更多教程、收集到一些回忆与影响之后,不妨再回来。不过,一切由你决定。"
dialogue|165|4|Dialogue Text,"Nyctodromy, Horomachistry, Birdsong: once I'd have gone to a crossroads to call them up. But this is just as good.","夜游术、司辰学、鸟鸣学:从前,我会到十字路口去召唤它们。不过,这里也一样合用。"
dialogue|166|1|Dialogue Text,A well-used Rosières gas cooker in chipped cream enamel.,"一台久经使用的罗西耶尔煤气灶,奶白色搪瓷上磕出了豁口。"
dialogue|166|23|Dialogue Text,[There's something more here...],[这里还有些别的……]
dialogue|166|24|Dialogue Text,"This is a crafting venue. Crafting is one of the more complicated bits of the game, and you might want to come back once you've gathered a few Memories and Influences. But it's up to you.","这里是一处炼制场所。炼制是游戏里较为复杂的环节之一,你或许想等攒下几段回忆与影响之后再来。不过,由你决定。"
dialogue|166|25|Dialogue Text,[Crafting can wait.],[炼制可以稍后再来。]
dialogue|166|26|Dialogue Text,"[High and perilous knowledge?? Show me, now!]",[高深而危险的知识??现在就让我看看!]
dialogue|166|2|Dialogue Text,"Serious adepts might sniff at the idea of kitchen rituals. But practitioners of Preservation know better. And Ithastry might be a high art, but you can get a lot done over an ordinary gas flame.","一本正经的修士或许会对厨房里的仪式嗤之以鼻。但保存术的修习者心里有数。盗火术或许是门高深的技艺,可在寻常的煤气火焰上,也能做成许多事。"
dialogue|167|2|Dialogue Text,[Turn my face up to the sun. Close my eyes.],[把脸迎向太阳。闭上眼睛。]
dialogue|167|3|Dialogue Text,A moment of peace beneath the swaying leaves. Then back to the world.,"摇曳的枝叶之下,一瞬安宁。然后,回到这个世界。"
dialogue|167|4|Dialogue Text,"Like picnics, the Arts Unconsidered - Bosk, Birdsong, Preservation - do well out in the open air. Unlike picnics, they're safer as a solitary practice.","与野餐一样,未识技艺——丛林学、鸟鸣学、保存术——在开阔的露天里也大有可为。与野餐不同的是,它们独自修习时更为安全。"
dialogue|167|5|Dialogue Text,[Back into the park.],[回到公园里。]
dialogue|168|5|Dialogue Text,"TO OUR DEAD, 1914-1919. Dark years, and darkness hangs here like smoke.","「致吾等逝者,1914-1919。黑暗的岁月,黑暗如烟,至今悬垂于此。」"
dialogue|168|6|Dialogue Text,"My first war, that. I was a chaplain with the Dorsetshires. In different times, I'd never have been attached so young.","那是我的第一场战争。当时,我是多塞特团的随军牧师。若在别的时代,我绝不会那么年轻就被编入团中。"
dialogue|168|7|Dialogue Text,"The arts of Bosk, of Hushery, of Skolekosophy are best worked in shadow.","丛林学、静默术、蠕虫学这些技艺,最宜在暗影之中施展。"
dialogue|168|8|Dialogue Text,A memory uncoils...,"一段回忆,缓缓舒展开来……"
dialogue|168|9|Dialogue Text,[Leave.],[离开。]
dialogue|169|10|Dialogue Text,And tucked away at the back... a tin of coffee. Three-quarters full.,而在最里面……藏着一听咖啡。还剩四分之三。
dialogue|169|11|Dialogue Text,[Pop the top and sniff.],[掀开盖子闻一闻。]
dialogue|169|13|Dialogue Text,"Surprisingly fresh, especially for the coffee-less wilderness of post-war Europe. It's an imported British brand. She must have connections... or she must be a connection herself.","出乎意料地新鲜,尤其是在战后欧洲这片没有咖啡的荒原上。是个进口的英国牌子。她必定有些门路……或者,她自己就是个门路。"
dialogue|169|14|Dialogue Text,Better not mention this in the café.,这件事最好别在店里提起。
dialogue|169|16|Dialogue Text,[I've already learnt all I can here.],"[这里我能了解的,都已了解了。]"
dialogue|169|17|Dialogue Text,"Perhaps she's buying stolen goods. Perhaps a supplier has lent her the fridge to keep his stock fresh. Either way, it suggests black market connections.","也许她在收购赃物。也许有供货商把冰箱借给她,好让自己的存货保持新鲜。无论哪种情形,都说明她与黑市有所牵连。"
dialogue|169|1|Dialogue Text,The fridge compressor buzzes grumpily.,"冰箱的压缩机嗡嗡地响着,一副不耐烦的模样。"
dialogue|169|2|Dialogue Text,[Open the fridge.],[打开冰箱。]
dialogue|169|4|Dialogue Text,"Butter, milk, lard, rillettes... well-stocked for these narrow times.","黄油、牛奶、猪油、肉酱……在这物资匮乏的年月,算得上储备充足。"
dialogue|169|6|Dialogue Text,[Examine the fridge.],[仔细看看这台冰箱。]
dialogue|169|8|Dialogue Text,A sleek Swedish Electrolux model. Lux indeed. There can't be many of these in Antibes. It's out of place in the humble kitchen. How did the proprietress afford it?,"一台线条流畅的瑞典伊莱克斯型号。确实是 '奢' 如其名。昂蒂布城里这样的冰箱恐怕屈指可数。放在这间朴素的厨房里,实在格格不入。老板娘是怎么买得起的?"
dialogue|169|9|Dialogue Text,"Warm at the back, cold inside. Progress.","背后温热,里面冰凉。这就是进步。"
dialogue|170|2|Dialogue Text,	Horomachistry test,司辰学检定
dialogue|170|4|Dialogue Text,Success!,成功!
dialogue|170|5|Dialogue Text,Failure :(,失败 :(
dialogue|17|10|Dialogue Text,It's safer and wiser not to stand out too much.,不显山露水，更安全，也更明智。
dialogue|17|11|Dialogue Text,Who cares? There are more important things than being important.,谁在乎呢？有比「出人头地」更重要的东西。
dialogue|17|12|Dialogue Text,"[You've rejected this Passion. If you act similarly again, you'll have the opportunity to reconsider - as long as you still have a free Passion slot.]",「你已摒弃这项激情。若你再次做出类似之举，将有机会重新考虑——只要你还有空余的激情位。」
dialogue|17|13|Dialogue Text,[You have resolved to follow your Ambition. Although people change. Especially Spencer Hobson.],「你已决心追随自己的野心。尽管人会改变。尤其是斯宾塞·霍布森。」
dialogue|17|1|Dialogue Text,"Ambition - the desire to be higher than those around me - because I rise, or because they fall. Ambitious choices are often profitable; notable; dangerous.

[Evolve this Passion to Ambition, which contributes Forge and Grail to your Aspect Pool.]

","野心——凌驾于身边众人之上的渴望——或因为我攀升，或因为他们坠落。野心勃勃的选择往往有利可图；引人注目；危险重重。

〔将这项激情进化为野心，它将为你的性相池增添铸与杯。〕

"
dialogue|17|2|Dialogue Text,Spend [q=amb:evolveCost] Grail Experiences.,花费 [q=amb:evolveCost] 杯之经验。
dialogue|17|3|Dialogue Text,"Perhaps later. In my own time. [Keeps the evolution option open, for now.]",也许以后吧。按我自己的节奏来。〔进化选项暂且保留。〕
dialogue|17|4|Dialogue Text,Spend [q=amb:evolveCost] Forge Experiences.,花费 [q=amb:evolveCost] 铸之经验。
dialogue|17|5|Dialogue Text,Some people just exist. Others strive. That's me.,有些人只是活着。另一些人奋力向上。我就是后者。
dialogue|17|6|Dialogue Text,Yes. I'm on the way to becoming something greater.,是的。我正走在通往更伟大的路上。
dialogue|17|7|Dialogue Text,Is there something that distinguishes me from other people?,可有什么东西让我与旁人不同？
dialogue|17|8|Dialogue Text,"Oh yes. They'll remember my name for a long, long time.",哦，当然。他们会记住我的名字，很久很久。
dialogue|17|9|Dialogue Text,Europe just had a nasty lesson in what can happen when people start thinking like that.,欧洲刚刚上了一堂惨痛的课：人们一旦开始那样想，会落得什么下场。
dialogue|18|10|Dialogue Text,"Heal, grow, change, I suppose. Those all seem like good options.",疗伤、成长、改变，我想。这些看起来都是不错的选择。
dialogue|18|11|Dialogue Text,I'm not going to waste time worrying about that. Take each day as it comes.,我才不会浪费时间为此烦恼。过好每一天就是了。
dialogue|18|13|Dialogue Text,[Your Anger burns furiously now. Although people change. Especially Spencer Hobson.],「你的愤怒如今熊熊燃烧。尽管人会改变。尤其是斯宾塞·霍布森。」
dialogue|18|1|Dialogue Text,"Angry choices can be cruel; they can be just; sometimes they're even prudent; but they're never gentle.

[Evolve this Passion to Anger, which contributes Edge and Forge to your Aspect Pool.]","愤怒的选择可能残酷；也可能公正；有时甚至谨慎；但永远不会温柔。

〔将这项激情进化为愤怒，它将为你的性相池增添刃与铸。〕"
dialogue|18|2|Dialogue Text,Spend [q=ang:evolveCost] Edge Experiences.,花费 [q=ang:evolveCost] 刃之经验。
dialogue|18|3|Dialogue Text,"Later, perhaps. [Keeps the evolution option open, for now.]",以后再说，也许。〔进化选项暂且保留。〕
dialogue|18|4|Dialogue Text,Spend [q=ang:evolveCost] Forge Experiences.,花费 [q=ang:evolveCost] 铸之经验。
dialogue|18|5|Dialogue Text,I can't forget the injustice of what was done to me.,我无法忘记自己所遭受的不公。
dialogue|18|6|Dialogue Text,I'm going to make sure that everyone understands what it means to cross me.,我要让所有人都明白，与我为敌意味着什么。
dialogue|18|7|Dialogue Text,"I've had a rough time of it, these last years. It could get rougher.",这些年我过得很艰难。以后可能更难。
dialogue|18|8|Dialogue Text,I'll show them 'rough'.,我会让他们见识见识什么叫「艰难」。
dialogue|18|9|Dialogue Text,"Well, look around. Everyone's had a rough time. You live with it, or you go under.",瞧瞧四周吧。谁都不容易。要么忍受，要么沉沦。
dialogue|19|10|Dialogue Text,I'm a complicated man.,我是个复杂的人。
dialogue|19|11|Dialogue Text,Not so very much.,并没有太多。
dialogue|19|13|Dialogue Text,[You're surrendering to your Appetite. Although people change. Especially Spencer Hobson.],「你正臣服于自己的欲望。尽管人会改变。尤其是斯宾塞·霍布森。」
dialogue|19|1|Dialogue Text,"Emptiness is there to be filled. Appetite-focused choices are invariably selfish and often delightful.

[Evolve this Passion to Appetite, which contributes Edge and Grail to your Aspect Pool.]

","虚空存在，便是为了被填满。以欲望为重的选择总归自私，却常常令人愉快。

〔将这项激情进化为欲望，它将为你的性相池增添刃与杯。〕

"
dialogue|19|2|Dialogue Text,Spend [q=app:evolveCost] Edge Experiences.,花费 [q=app:evolveCost] 刃之经验。
dialogue|19|3|Dialogue Text,"Later, perhaps. Let's savour the thought. [Keeps the evolution option open, for now.]",以后再说，也许。先细细品味这个念头。〔进化选项暂且保留。〕
dialogue|19|4|Dialogue Text,Spend [q=app:evolveCost] Grail Experiences.,花费 [q=app:evolveCost] 杯之经验。
dialogue|19|5|Dialogue Text,What <i>don't</i> I want?,我<i>不</i>想要什么？
dialogue|19|6|Dialogue Text,Delight; pleasure; satisfaction; sensation; and more.,欢愉；享乐；满足；感官的刺激；还有更多。
dialogue|19|7|Dialogue Text,What do I want?,我想要什么？
dialogue|19|8|Dialogue Text,Oh yes. Always yes.,哦，当然。永远都是当然。
dialogue|19|9|Dialogue Text,There are more important things than what <i>I</i> want.,有比<i>我</i>想要的更重要的东西。
dialogue|207|10|Dialogue Text,It's rarely wise to attract the attention of the Milice.,"引起法国民兵的注意,鲜有什么明智可言。"
dialogue|207|11|Dialogue Text,"[Pass on, quietly.]",[悄然走过。]
dialogue|207|12|Dialogue Text,"[Pass on, quickly.]",[快步走过。]
dialogue|207|1|Dialogue Text,The headlights burn; the engine rumbles.,车灯灼亮;引擎轰鸣。
dialogue|207|2|Dialogue Text,[Glance through the darkened windows.],[透过昏暗的车窗瞥一眼。]
dialogue|207|4|Dialogue Text,[Keep my eyes on the ground; don't draw attention.],[眼睛盯着地面;别引人注意。]
dialogue|207|5|Dialogue Text,[Move on.],[继续走。]
dialogue|207|6|Dialogue Text,"The driver turns his head, eyes steady under the gamma-badge cap of the State Milice, and meets my gaze for a moment.","司机转过头来——邦国民兵队饰着伽马徽章的帽檐下,目光沉稳——与我对视了片刻。"
dialogue|207|9|Dialogue Text,"In the French State, it's best to avoid the attention of men who keep watch at stations.","在法兰西邦国,最好别引起那些守在车站的人注意。"
dialogue|208|1|Dialogue Text,This isn't a Milice poster. ,这不是民兵团的海报。
dialogue|208|2|Dialogue Text,"Andrée, defiant to the end.","安德烈,反抗到底。"
dialogue|208|3|Dialogue Text,"Andrée, battling the Milice with Dadaist disorientation?","安德烈,以达达主义式的错乱对抗民兵团?"
dialogue|208|4|Dialogue Text,Is Andrée sending a coded message?,安德烈是在传递某种密语吗?
dialogue|208|5|Dialogue Text,[Step away.],[退开一步。]
dialogue|208|6|Dialogue Text,'This establishment affirms and can prove that it HAS NEVER BEEN OPEN'.,"'本店郑重声明,并可以证明:本店从未营业'。"
dialogue|209|10|Dialogue Text,"It reminds me of the [[Horned-Axe]]. But no-one puts a secret god on their flag. And double-bladed axe symbols are nothing unique. A coincidence, no more.","它让我想起[[双角斧]]。但没有人会把一位隐秘之神放在自己的旗帜上。何况双刃斧的图案并不稀罕。不过是巧合,仅此而已。"
dialogue|209|11|Dialogue Text,It reminds me of the [[Horned-Axe]]. But no-one puts a secret god on their flag. Double-bladed axe symbols are nothing unique. It must be a coincidence.,它让我想起[[双角斧]]。但没有人会把隐秘之神放在旗帜上。双刃斧的图案并不稀罕。想必只是巧合。
dialogue|209|12|Dialogue Text,But I wonder...,但我不禁寻思……
dialogue|209|13|Menu Text,France is divided. Antibes is divided. The Axe <i>is</i> the [[Hour]] of division.,法国四分五裂。昂蒂布四分五裂。而斧<i>就是</i>分裂的[[司辰]]。
dialogue|209|14|Dialogue Text,It's never so simple as cause and effect. The [[Hours]] no more intervene in human affairs than the wind intervenes in the trees. But - ,"事情从不那么简单,简单到归结为因果。[[司辰]]们之于人事,并不比风之于树木干预更多。但是——"
dialogue|209|15|Dialogue Text,No scholar of the invisible arts takes coincidence at face value.,"研习无形之术的学者,从不把巧合的表面价值当真。"
dialogue|209|16|Dialogue Text,"'As above, so below,' an old friend used to say when he came back from seeing a man about a dog.","'如其在上,如其在下,'一位老友每次办完一桩语焉不详的差事回来,总爱这样说。"
dialogue|209|17|Dialogue Text,"Frost in winter; sounds loudest at night; in a riven world, the Horned-Axe prominent.","冬有霜;夜之声最响;在四分五裂的世间,双角斧赫然在目。"
dialogue|209|1|Dialogue Text,"The tricoloured French flag - but the central band is marked with the <i>francisque</i>, the starry double-axe which has become the emblem of the French [[State]].","法国三色旗——只是中间的条纹上饰有<i>法兰西斧</i>,这把缀星双头斧已成为法国[[邦国]]的徽记。"
dialogue|209|2|Menu Text,Maintain an appropriate distance.,保持适当的距离。
dialogue|209|3|Menu Text,The flag flaps soggily.,旗帜湿重地翻卷着。
dialogue|209|4|Dialogue Text,[Funny-looking doodah.],[模样古怪的小玩意儿。]
dialogue|209|5|Dialogue Text,[Shameful.],[可耻。]
dialogue|209|7|Dialogue Text,[Flags. Everyone gets so excited about flags.],[旗帜。人人都为旗帜激动不已。]
dialogue|209|8|Dialogue Text,[What does it remind me of?],[它让我想起了什么?]
dialogue|20|10|Dialogue Text,Yep! So there is.,是啊！确实如此。
dialogue|20|11|Dialogue Text,...and there probably always will be.,……而且以后大概也还会有。
dialogue|20|13|Dialogue Text,"[You are Compassionate, now. Although people change. Especially Spencer Hobson]",「如今，你心怀悲悯。尽管人会改变。尤其是斯宾塞·霍布森。」
dialogue|20|1|Dialogue Text,"Compassionate actions put someone else's interests ahead of my own.

[Evolve this to Compassion, which contributes Heart and Rose to your Aspect Pool.]
","心怀悲悯之举，是将他人利益置于自身利益之上。

〔将其进化为悲悯，它将为你的性相池增添心与引。〕
"
dialogue|20|2|Dialogue Text,Spend [q=com:evolveCost] Heart Experiences.,花费 [q=com:evolveCost] 心之经验。
dialogue|20|3|Dialogue Text,"Something to think about. [Keeps the evolution option open, for now.]",值得想一想。〔进化选项暂且保留。〕
dialogue|20|4|Dialogue Text,Spend [q=com:evolveCost] Rose Experiences.,花费 [q=com:evolveCost] 引之经验。
dialogue|20|5|Dialogue Text,...and I can't stand it; and I can help.,……而我无法袖手旁观；而我力所能及。
dialogue|20|6|Dialogue Text,...and every moment we spend to relieve it is a moment spent well.,……而我们为缓解它付出的每一刻，都算没有虚度。
dialogue|20|7|Dialogue Text,There's so much pain in the world.,这世上的痛苦何其之多。
dialogue|20|8|Dialogue Text,"...bloody awful, isn't it? Let's get stuck in.",……糟糕透顶，不是吗？那就出手相助吧。
dialogue|20|9|Dialogue Text,...but I have other things to worry about.,……但我还有别的事要操心。
dialogue|210|1|Dialogue Text,Dark shapes move beneath the surface - more like spreading stains than fish.,"暗影在水面下移动——与其说是鱼,不如说更像正在扩散的污渍。"
dialogue|210|2|Dialogue Text,[Watch them.],[注视着它们。]
dialogue|210|4|Dialogue Text,Something seeping through. Everywhere leaks now. The [[Bureau]] must be overwhelmed.,有什么正在渗漏过来。如今处处都在渗漏。[[防剿局]]想必早已应接不暇。
dialogue|210|5|Dialogue Text,Something undefined about the shapes. Are they moving? Drifting? They never quite resolve. An acrid odour wafts from the water.,这些暗影有某种难以名状之处。它们在移动吗?在漂流吗?它们从未真正成形。一股刺鼻的气味从水面飘来。
dialogue|212|1|Dialogue Text,The mirror shows a completely different room - a larger shop - in late evening or early twilight. ,"镜中映出的是另一间完全不同的屋子——一间更大的店铺——时值黄昏将尽,或暮色初临。"
dialogue|212|2|Dialogue Text,My old premises in Paris. The last summer I was there.,我在巴黎的旧铺面。我在那里的最后一个夏天。
dialogue|212|3|Dialogue Text,"The mirror is useless for any practical purpose. But it is difficult now to find a working mirror. And it will help me remember, when my wits finally fail me.","这面镜子于任何实际用途而言都毫无用处。但如今,想找到一面还能用的镜子并不容易。而且等我终有一日神志不清时,它能帮我记起从前。"
dialogue|212|4|Dialogue Text,I can imagine.,我想象得到。
dialogue|212|5|Dialogue Text,A great many years from now!,那还要再过上许多许多年!
dialogue|212|6|Dialogue Text,[Nod slowly.],[缓缓点头。]
dialogue|212|7|Dialogue Text,"Janvier's old premises in Paris, he said. The last summer he was there.","他说,那是雅维埃在巴黎的旧铺面。他在那里的最后一个夏天。"
dialogue|215|1|Menu Text,"The Book of Suns, the [[Church]]'s holiest text.","《太阳之书》,[[教会]]最神圣的经文。"
dialogue|215|2|Dialogue Text,The name itself is a reminder that the Sun is divided yet indivisible; constant but ever-changing.,"这书名本身便提醒着:太阳分裂而不可分,恒常而无常。"
dialogue|215|3|Dialogue Text,[Read silently from the Book.],[默读圣书。]
dialogue|215|5|Dialogue Text,[Read resonantly from the Book: let my voice echo.],[朗声诵读圣书:让我的声音回荡。]
dialogue|215|6|Dialogue Text,"'No thing in or beneath Heaven hath only one Nature, and no thing that hath two Natures may keep one from joining with another; therefore I say unto you, that even the [[Wolf Divided]] is forgotten not by the [[Sun]].'","'天上地下,无物只具一性;凡具两性之物,不能阻其一与另一相合;因此我告诉你们:即便是[[裂分之狼]],也不为[[太阳]]所遗忘。'"
dialogue|215|8|Dialogue Text,"This is the Sanctioned Version of the Book of Suns. A little unusual. The Received Version is more common on the continent. But the Sanctioned Version, with its message of the Sun's approaching rebirth, is more optimistic. Perhaps the priest here hopes to uplift his flock.","这是《太阳之书》的钦定版。多少有些不同寻常。欧陆上更常见的是通行版。但钦定版传达着太阳临近重生的讯息,更为乐观。或许这里的教士是想提振他的信众。"
dialogue|215|9|Dialogue Text,"A controversial passage in... I forget whether it was the Received or Sanctioned Version, and the binding is plain, without clues.","一段颇有争议的段落出自……我记不清是通行版还是钦定版,书封朴素,全无线索。"
dialogue|216|1|Dialogue Text,"Gleaming cream and chrome. General Electric, one of the very brightest [[Incorporates]]. ",奶白与铬银，闪闪发光。通用电气——最耀眼的一批[[集团]]之一。
dialogue|216|2|Dialogue Text,"Hey, help yourself, it's cool. Talk when you're finished?",嘿，随便拿，别客气。吃完了咱们再聊？
dialogue|216|4|Dialogue Text,"[Craft] Old arts, new tools.",[炼制] 旧技艺，新工具。
dialogue|217|1|Dialogue Text,'The Light of the World.' Holman Hunt's controversial but radiant depiction of the Shepherd-Illuminate as the [[Watchman]]'s avatar.,「世界之光。」霍尔曼·亨特那幅备受争议却光辉夺目的画作，将启明之牧者描绘为[[守夜人]]的化身。
dialogue|217|2|Dialogue Text,[Craft] Holy enough for a man in a hurry. ,[炼制] 对行色匆匆之人，已足够神圣。
dialogue|218|1|Dialogue Text,Something that was here has been erased by shadow. A map? A painting?,"原本在此的某样东西,被阴影抹去了。一幅地图？一幅画？"
dialogue|218|2|Dialogue Text,"Leave that alone, you ridiculous man. I'm much more exciting and ten times as bright.","别碰那东西,你这荒唐的男人。我可比它有趣得多,也要明亮十倍。"
dialogue|218|3|Dialogue Text,"There's nothing there for you, and be glad of that. Come talk to Sinombre, you poor silly thing.","那里没有你要的东西,你该为此庆幸。过来和西诺姆布尔聊聊吧,你这可怜的小傻瓜。"
dialogue|218|4|Dialogue Text,The shadow is its own kind of substance. It almost drips darkness.,那阴影自有其质地。它几乎在滴淌黑暗。
dialogue|218|5|Dialogue Text,[Craft] Use it.,[炼制] 加以利用。
dialogue|218|6|Dialogue Text,Leave it.,置之不理。
dialogue|219|1|Dialogue Text,"The grass here ripples with life, like a well-kept horse in a sunray.","此处的草叶如波浪般起伏,生机盎然,像一匹养得油亮的马立在日光之中。"
dialogue|219|2|Dialogue Text,The woman in the chair is watching me curiously. I should at least speak to her before I begin interfering with her floor.,"椅中的女人正好奇地看着我。在我开始动她的地板之前,至少该先同她说句话。"
dialogue|219|3|Dialogue Text,A good place for the Arts Unconsidered.,施展未识技艺的好地方。
dialogue|219|4|Dialogue Text,[Leave the Verdant Place alone for the moment.],[暂且别动那片青翠之地。]
dialogue|219|5|Dialogue Text,[Craft] To work.,[炼制] 开工。
dialogue|219|6|Dialogue Text,Later.,改日再说。
dialogue|21|10|Dialogue Text,Mm...,唔……
dialogue|21|11|Dialogue Text,Hmm.,嗯。
dialogue|21|13|Dialogue Text,[You're following your Curiosity wherever it might lead. Although people change. Especially Spencer Hobson.],「你正追随自己的好奇，无论它将通往何方。尽管人会改变。尤其是斯宾塞·霍布森。」
dialogue|21|1|Dialogue Text,"If there's one thing every adept has in common with every scholar... Curious choices are not necessarily wise.

[Evolve this Passion to Curiosity, which contributes Lantern and Knock to your Aspect Pool.]


","如果说每位修士与每位学者有什么共同之处……好奇的选择未必明智。

〔将这项激情进化为好奇，它将为你的性相池增添灯与启。〕


"
dialogue|21|2|Dialogue Text,Spend [q=cur:evolveCost] Lantern Experiences.,花费 [q=cur:evolveCost] 灯之经验。
dialogue|21|3|Dialogue Text,"I should be sure I've considered all the other options... [Keeps the evolution option open, for now.]",我得先确认自己考虑过所有其他选项……〔进化选项暂且保留。〕
dialogue|21|4|Dialogue Text,Spend [q=cur:evolveCost] Knock Experiences.,花费 [q=cur:evolveCost] 启之经验。
dialogue|21|5|Dialogue Text,Ooh!,喔！
dialogue|21|6|Dialogue Text,Ahh!,啊！
dialogue|21|7|Dialogue Text,"Curiosity. If I never know, just <i>how much</i> will I care?",好奇。若我永远不得而知，我<i>究竟会在意多少</i>？
dialogue|21|8|Dialogue Text,Knew <i>what</i> exactly?,究竟想知道<i>什么</i>？
dialogue|21|9|Dialogue Text,Ehh.,呃。
dialogue|220|10|Dialogue Text,"Vapour softens the air, fogs the window-glass, beads greedily on the tiling.",蒸汽润软了空气，模糊了窗玻璃，贪婪地凝成水珠缀满瓷砖。
dialogue|220|13|Dialogue Text,Increase the flow from the hot tap.,把热水龙头开大些。
dialogue|220|14|Dialogue Text,Write my name in the fog on the glass.,在窗玻璃的雾气上写下我的名字。
dialogue|220|15|Dialogue Text,At last it's ready. Vapours coil from the clear water like angel snake ghosts.,终于备好了。蒸汽自清水盘旋而起，如天使与蛇的幽魂。
dialogue|220|16|Dialogue Text,'Spencer...',「斯宾塞……」
dialogue|220|17|Dialogue Text,'Sylvain...,「西尔万……」
dialogue|220|18|Dialogue Text,[Get out.],[出来。]
dialogue|220|19|Dialogue Text,"The departing water swirls, gurgles, and leaves for the sea.",流走的水打着旋，汩汩作响，奔赴大海。
dialogue|220|1|Dialogue Text,"In the corner of the room: a massive bathtub. A minimalist brass mixer tap; Parisian bath salts; clean, warm, fluffy, towels.",房间一角：一只巨大的浴缸。极简的黄铜混水龙头；巴黎浴盐；干净、温暖、蓬松的毛巾。
dialogue|220|20|Dialogue Text,What's next?,接下来做什么？
dialogue|220|21|Dialogue Text,Why not? the night asks. It's not as if you have anything important to do.,何妨一试？夜色问道。反正你也没什么要紧事可做。
dialogue|220|22|Dialogue Text,"The bath-water cools gently. At some point, I wrinkle. At last, the bath-water is entirely cold, and the joy of it is gone.",浴水缓缓变凉。不知何时，我的皮肤起皱了。终于，浴水彻底冷透，那份欢愉也荡然无存。
dialogue|220|26|Dialogue Text,I really don't need another bath just yet. [Step away.],我现在真的还不需要再泡一次澡。[走开。]
dialogue|220|27|Dialogue Text,Bath time! [Take full advantage of this luxury.],泡澡时间到！[尽情享受这份奢侈。]
dialogue|220|28|Dialogue Text,"A cheering rush of hot water, and the air begins to cloud with steam.",热水欢腾奔涌，空气渐渐笼上蒸汽。
dialogue|220|29|Dialogue Text,I've changed my mind. [Empty the bath and step away.],我改主意了。[放掉浴水，转身走开。]
dialogue|220|2|Dialogue Text,I've wanted a hot bath since I got off that damned train. No - since Milan. [Turn on the taps!],自从下了那该死的火车，我就想泡个热水澡。不——自从米兰。[拧开水龙头！]
dialogue|220|30|Dialogue Text,Ahh...,啊……
dialogue|220|3|Dialogue Text,"A cheering rush of hot water! I remembered to put the plug in, just in time.",热水欢腾地奔涌而出！我赶在最后时刻想起塞上了塞子。
dialogue|220|4|Dialogue Text,"A blissful period of entirely nothing. The rail-grime, the soot and sweat, is gone.",一段全然放空的幸福时光。旅途的尘垢、煤烟与汗渍，尽数洗去。
dialogue|220|5|Dialogue Text,I don't really want a bath just now. [Step away.],眼下我实在不想泡澡。[走开。]
dialogue|220|6|Dialogue Text,At last... it's time to get out.,终于……该起来了。
dialogue|220|7|Dialogue Text,Just a little longer...,再泡一小会儿……
dialogue|220|8|Dialogue Text,Disrobe. Enter.,宽衣。入水。
dialogue|220|9|Dialogue Text,Wait impatiently as the water rises.,焦躁地等着水涨起来。
dialogue|221|10|Dialogue Text,Like the cracking of a chrysalis. Like the sting of a Severian strigil.,如蛹壳迸裂。如塞维里亚刮身板的刺痛。
dialogue|221|11|Dialogue Text,"The crawling feel of half-grown whiskers -like dirt beneath the nails or tinny music half-heard - until it's gone, the aggravation is almost imperceptible.",半长胡茬带来的爬搔感——像指甲缝里的污垢，或隐约可闻的刺耳乐声——不到消失之时，这份烦扰几乎不可察觉。
dialogue|221|12|Dialogue Text,And now I look my best.,而此刻，我容光焕发。
dialogue|221|13|Dialogue Text,I feel so much better.,感觉好多了。
dialogue|221|14|Dialogue Text,I wonder what I'd look like with Dundrearies? Or a neat little goatee?,不知蓄起邓德雷里式长鬓须，会是什么模样？或者一把整齐的小山羊胡？
dialogue|221|16|Dialogue Text,"Better, perhaps, that we never know.",或许，永不知晓反而更好。
dialogue|221|17|Dialogue Text,"Watch out, discerning ladies and judicious gentlemen.",当心了，眼光独到的女士们，通达明智的先生们。
dialogue|221|18|Dialogue Text,Spencer's back.,斯宾塞回来了。
dialogue|221|19|Dialogue Text,Sylvain is back.,西尔万回来了。
dialogue|221|1|Dialogue Text,I've wanted a shave since I got off that damned train. No. Since Milan.,自从下了那该死的火车，我就想刮个脸。不。自从米兰。
dialogue|221|20|Dialogue Text,"I could come back here later, if I need a shave.",以后若需刮脸，我还可以回到这里。
dialogue|221|2|Dialogue Text,And now is my moment.,而此刻就是我的时机。
dialogue|221|3|Dialogue Text,[Use up a Razor Blade.],[消耗一片剃刀刀片。]
dialogue|221|4|Dialogue Text,[Leave].,[离开]。
dialogue|221|5|Dialogue Text,Hot water. Steam. Shaving cream. This is civilisation.,热水。蒸汽。剃须膏。这才是文明。
dialogue|221|6|Dialogue Text,"A mirror of bright silver returns my reflection with perfect fidelity. It does show me standing in a bombed-out version of the bathroom - one wall missing, plumbing dangling from the brickwork like angled entrails - but since the Wars, one learns not to be distracted by that kind of thing.",一面亮银色的镜子忠实映出我的倒影。镜中确实映出我站在一间遭轰炸的浴室里——少了一面墙，水管自砖墙垂落，如歪斜的肠子——但战争之后，人便学会了不被这类景象分心。
dialogue|221|7|Dialogue Text,Time for a shave?,该刮脸了？
dialogue|221|8|Dialogue Text,If only I had razor blades...,要是有剃刀刀片就好了……
dialogue|221|9|Dialogue Text,"A few minutes with blade, cream, and hot water, before I feel both cleaner and sharper.",与刀片、剃须膏和热水相伴几分钟，我便觉得既洁净，又利落。
dialogue|222|1|Dialogue Text,"My summer suit! Made to measure; cut for lighter climates. Linen shirt and patch-pocket trousers, and a striped half-lined blazer.","我的夏装!量身定制;专为更暖的气候剪裁。亚麻衬衫、贴袋长裤,外加一件条纹半衬西装外套。"
dialogue|222|5|Dialogue Text,Just about up to my standards.,勉强够得上我的标准。
dialogue|222|6|Dialogue Text,Scrumptious!,妙不可言!
dialogue|222|7|Dialogue Text,I wonder where I'll wear it? A garden party? A cricket match? A desert conjuration?,不知我会在哪儿穿上它?花园派对?板球赛?还是荒漠中的一场召唤?
dialogue|222|8|Dialogue Text,[You can now don the Summer Frivolity outfit at a Wardrobe.],[你现在可以在衣柜处穿上 '夏日轻狂' 套装。]
dialogue|223|10|Dialogue Text,"The garments I recovered from Janvier the tailor, that I'd given him to mend, long ago...","这些衣物是我从裁缝雅维埃那里取回的,是很久以前我交给他修补的……"
dialogue|223|11|Dialogue Text,[Open it.],[打开它。]
dialogue|223|12|Dialogue Text,[Leave it for now.],[暂且搁下。]
dialogue|223|13|Dialogue Text,"The uniform of a <i>médecin-lieutenant</i> of the Légion du Seuil. A little faded from the bronze sun of the deep deserts; a little stained, faintly, by the clinging mud of the ghost forests of Indochine.",门关军团<i>军医中尉</i>的制服。被深漠中青铜色的骄阳晒得微微褪色;又淡淡地染着印度支那幽灵林间黏附的泥污。
dialogue|223|14|Dialogue Text,"I saved lives, wearing this.","穿着这身制服,我救过人命。"
dialogue|223|15|Dialogue Text,"I watched men die, wearing this.","穿着这身制服,我看着人们死去。"
dialogue|223|16|Dialogue Text,This is what I wore to war.,我就是穿着它上的战场。
dialogue|223|17|Dialogue Text,[You can now don the Honneur et Humanité outfit at a Wardrobe.],[你现在可以在衣柜处穿上 '荣誉与人性' 套装。]
dialogue|223|18|Dialogue Text,[Until then.],[到那时再说。]
dialogue|224|1|Dialogue Text,"Cable-knit vest, cashmere-blend errols, and a pair of saddle-brown oxfords. Clothes of an unassuming cut.","绞花针织背心,羊绒混纺长裤,一双鞍棕色牛津鞋。剪裁低调的衣着。"
dialogue|224|5|Dialogue Text,A reassuringly friendly outfit. Comforting and heartening.,一身让人安心的亲切行头。妥帖而振奋。
dialogue|224|6|Dialogue Text,A reassuringly friendly outfit. Honest and unpretentious.,一身让人安心的亲切行头。诚实而不矫饰。
dialogue|224|7|Dialogue Text,A reassuringly friendly outfit. Useful.,一身让人安心的亲切行头。实用。
dialogue|224|8|Dialogue Text,[You can now don the Father's Day outfit at a Wardrobe.],[你现在可以在衣橱换上「父亲节」套装了。]
dialogue|225|1|Dialogue Text,"Strikingly modern clothing, made to measure.","剪裁合体的现代衣着,令人瞩目。"
dialogue|225|4|Dialogue Text,"Black cashmere polo-neck, black notched bag trousers, black suede loafers. A statement. And the statement is:","黑色羊绒高领衫,黑色缺口廓形长裤,黑色麂皮乐福鞋。一个宣言。而这个宣言是:"
dialogue|225|5|Dialogue Text,'You don't know me. But you'll remember me.',「你不认识我。但你会记住我。」
dialogue|225|6|Dialogue Text,'I'll see you next decade.',「我们十年后再见。」
dialogue|225|7|Dialogue Text,'Guess who!',「猜猜我是谁!」
dialogue|225|8|Dialogue Text,[You can now don the Man of Mystery outfit at a Wardrobe.],[你现在可以在衣橱换上「谜样男子」套装了。]
dialogue|226|1|Dialogue Text,"Silk scarf, heavy high-waisted woollen trousers, a merino wool submariner jumper, a gabardine drill trench coat. Made to measure for colder climates.","真丝围巾,厚重的羊毛高腰长裤,一件美利奴羊毛水手厚毛衣,一件华达呢风衣。为更寒冷的气候量身定制。"
dialogue|226|5|Dialogue Text,I'll cut a dash.,我要穿出风采。
dialogue|226|6|Dialogue Text,I like the cold.,我喜欢寒冷。
dialogue|226|7|Dialogue Text,I wonder where I'll wear it? A snow festival? An arctic expedition? At the head of the stairs to an unnamable abyss?,不知道我会在哪儿穿它?一场冰雪节?一次北极探险?还是在通往不可名状之渊的楼梯顶端?
dialogue|226|8|Dialogue Text,[You can now don the Trenchcoat Brigade outfit at a Wardrobe.],[你现在可以在衣橱换上「风衣纵队」套装了。]
dialogue|227|1|Dialogue Text,[Change your Outfit at the wardrobe; or just by entering your inventory anywhere in this room.],[在衣橱更换行头;或直接在本房间任意位置打开物品栏即可。]
dialogue|227|2|Dialogue Text,[Consider my Outfit choices.],[斟酌我的行头选择。]
dialogue|228|11|Dialogue Text,A bright thing... a holy thing... a thing of vivid colour...,明亮之物……神圣之物……色彩鲜活之物……
dialogue|228|12|Dialogue Text,"A half-guessed memory sparkles infuriatingly at the brain-lobe tip, and is gone. I can't work out what this is.","一种隐约可辨的记忆在脑叶尖端恼人地闪烁,随即消失。我认不出这是什么。"
dialogue|228|13|Dialogue Text,"This is a tiny quantity of <i>uzult</i> - one of the Great Inks, the <i>encausta terminalia</i>. The elect of the great libraries - one of them [[Hush House]] - could write determinations of [[History]] in these inks, and the [[Hours]] might choose to take notice...","这是一小份<i>乌祖尔特</i>——大墨之一,<i>终末彩墨</i>。大图书馆中的遴选者——其中之一便是[[噤声居屋]]——曾以这些墨水书写[[历史]]的裁定,而[[司辰]]们或许会选择留意……"
dialogue|228|14|Dialogue Text,Or so the story went. Impossible to prove or disprove. And everything is different now. Still! Uzult! Nice find.,"至少故事是这么说的。无从证明,也无从证伪。而如今一切都已不同。不过!乌祖尔特!真是好收获。"
dialogue|228|1|Dialogue Text,"A little ceramic jar, small enough to fit in the palm of the hand, light enough to ride unnoticed in a pocket.","一只小陶罐,小得恰好能放进掌心,轻得放进口袋也不会引人注意。"
dialogue|228|3|Dialogue Text,Dip a finger in and taste it.,"伸进一根手指,尝一尝。"
dialogue|228|4|Dialogue Text,Try to identify it.,试着辨认它。
dialogue|228|6|Dialogue Text,"Inside: a small quantity of viscous, yellow-golden fluid. The mouth of the jar is too narrow to admit much light, but the fluid within glitters like mica in sunlight.","里面:少量黏稠的金黄色液体。罐口太窄,透不进多少光,但罐中的液体仍像阳光下的云母般闪烁。"
dialogue|228|7|Dialogue Text,Sniff it.,闻一闻。
dialogue|228|8|Dialogue Text,"It smells like sunlight on hot stone. As I lower the jar again, flashes of phantom light blur my vision.","闻起来像热石上的阳光。我把罐子重新放下时,幻影般的闪光模糊了我的视线。"
dialogue|228|9|Dialogue Text,"Sharp, quartzy . As I lower the jar again, flashes of phantom light blur my vision.","气味尖锐,如石英。我把罐子重新放下时,幻影般的闪光模糊了我的视线。"
dialogue|22|10|Dialogue Text,Eh... why not. There's worse things than people.,呃……为什么不呢。世上还有比人更糟的东西。
dialogue|22|11|Dialogue Text,"Got to, don't you?",总得信点什么，不是吗？
dialogue|22|13|Dialogue Text,[S'pose this means you're a Cynic. Although people change. Even Spencer Hobson.],「这么看来，你就是个犬儒了。尽管人会改变。哪怕是斯宾塞·霍布森。」
dialogue|22|1|Dialogue Text,"The death of faith in human nature? Or daylight's chill? Cynical choices are lonely, cautious, practical.

[Evolve this Passion to Cynicism, which contributes Knock and Winter to your Aspect Pool.]
","是对人性信念的幻灭？还是白昼的寒意？犬儒的选择是孤独的、谨慎的、务实的。

〔将这项激情进化为犬儒，它将为你的性相池增添启与冬。〕
"
dialogue|22|2|Dialogue Text,Spend [q=cyn:evolveCost] Knock Experiences.,花费 [q=cyn:evolveCost] 启之经验。
dialogue|22|3|Dialogue Text,"I'm not committing. [Keeps the evolution option open, for now.]",我不打算现在就定下来。〔进化选项暂且保留。〕
dialogue|22|4|Dialogue Text,Spend [q=cyn:evolveCost] Winter Experiences.,花费 [q=cyn:evolveCost] 冬之经验。
dialogue|22|5|Dialogue Text,'Disappointment is the nurse of wisdom...',「失望是智慧的乳母……」
dialogue|22|6|Dialogue Text,"Yeah, good luck with that.",是啊，祝你好运。
dialogue|22|7|Dialogue Text,Trust?,信任？
dialogue|22|8|Dialogue Text,"'Die together, live alone.'",「同死容易，独活难。」
dialogue|22|9|Dialogue Text,The keystone of civilisation; the world's deep heart.,文明的基石；世界深处的真心。
dialogue|23|10|Dialogue Text,Someone who hasn't been caught.,一个还没被逮住的人。
dialogue|23|11|Dialogue Text,A nineteenth century relic.,一个十九世纪的遗物。
dialogue|23|13|Dialogue Text,[You'll do your best to be Honourable. Although people change. Especially Spencer Hobson.],「你将竭尽全力做个荣誉之人。尽管人会改变。尤其是斯宾塞·霍布森。」
dialogue|23|1|Dialogue Text,"Honourable decisions are attempts to do the right thing, not the easy thing - and not necessarily the wise thing, or the gentle.

[Evolve this Passion to Honour, which contributes Heart and Lantern to your Aspect Pool.]

","荣誉之举，是尝试去做对的事，而非容易的事——也未必是明智的事，或温柔的事。

〔将这项激情进化为荣誉，它将为你的性相池增添心与灯。〕

"
dialogue|23|2|Dialogue Text,Spend [q=hon:evolveCost] Heart Experiences.,花费 [q=hon:evolveCost] 心之经验。
dialogue|23|3|Dialogue Text,"I'm not sure I'd measure up. Later, perhaps. [Keeps the evolution option open, for now.]",我不确定自己能配得上。以后再说，也许。〔进化选项暂且保留。〕
dialogue|23|4|Dialogue Text,Spend [q=hon:evolveCost] Lantern Experiences.,花费 [q=hon:evolveCost] 灯之经验。
dialogue|23|5|Dialogue Text,"Someone with a heart, guts, and a code.",一个有热血、有胆量、有信条的人。
dialogue|23|6|Dialogue Text,Someone who makes the difficult choices.,一个敢于做出艰难抉择的人。
dialogue|23|7|Dialogue Text,'Gentleman'?,「绅士」？
dialogue|23|8|Dialogue Text,A word I've never liked. Do the right thing and stop <i>talking</i> about it.,一个我向来不喜欢的词。做对的事，别再<i>空谈</i>它。
dialogue|23|9|Dialogue Text,"What you are, not what you do. It's about breeding.",看你是什么样的人，而不是你做了什么。关乎出身教养。
dialogue|24|10|Dialogue Text,Make the best of what we've got left.,尽力善待仅存的一切。
dialogue|24|11|Dialogue Text,"Look forward, not back.",向前看，别回头。
dialogue|24|13|Dialogue Text,[You've acknowledged your Sorrow. Although people change. Especially Spencer Hobson.],「你已正视自己的悲伤。尽管人会改变。尤其是斯宾塞·霍布森。」
dialogue|24|1|Dialogue Text,"Sorrowful choices: enigmatic? Nostalgic? Sentimental? Aesthetic?

[Evolve this Passion to Sorrow, which contributes Moth and Winter to your Aspect Pool.]

","悲伤的选择：难以捉摸？怀旧？多愁善感？唯美？

〔将这项激情进化为悲伤，它将为你的性相池增添蛾与冬。〕

"
dialogue|24|2|Dialogue Text,Spend [q=sor:evolveCost] Moth Experiences.,花费 [q=sor:evolveCost] 蛾之经验。
dialogue|24|3|Dialogue Text,"Perhaps I'll look forward, for now. [Keeps the evolution option open, for now.]",也许眼下，我还是向前看吧。〔进化选项暂且保留。〕
dialogue|24|4|Dialogue Text,Spend [q=sor:evolveCost] Winter Experiences.,花费 [q=sor:evolveCost] 冬之经验。
dialogue|24|5|Dialogue Text,Faulkner: 'The past is never dead. It's not even past.',福克纳：「过去永远不会死去。它甚至还没有成为过去。」
dialogue|24|6|Dialogue Text,'The roots go deep. The knots remain.',「根须深扎，结子难解。」
dialogue|24|7|Dialogue Text,"When I look up at the blood on the sun, the pallor of the sky, when I think about what's been lost...",当我仰望太阳上的血色、天空的苍白，当我想到那些已经失去的东西……
dialogue|24|8|Dialogue Text,This is why we can never forget.,正因为如此，我们永远不能忘记。
dialogue|24|9|Dialogue Text,Some things should have been lost earlier. This is a time for renewal.,有些东西本该更早失去。这是一个更新的时代。
dialogue|25|10|Dialogue Text,There's always a reason... but sometimes I like to keep it to myself.,总归有理由……但有时我喜欢把它留给自己。
dialogue|25|12|Dialogue Text,"Who'd do anything just for the sake of doing it? Only the wind moves without a reason.

[You've rejected the Whimsy Passion. If you act Whimsically again you'll have the opportunity to reconsider - as long as you still have a free Passion slot.]","谁会仅仅为了做而做？只有风才毫无缘由地飘动。

「你已摒弃奇想这项激情。若你再有一时兴起之举，将有机会重新考虑——只要你还有空余的激情位。」"
dialogue|25|13|Dialogue Text,[You're Whimsical now. At least until you're not.],「你如今满怀奇想。至少，在不再奇想之前。」
dialogue|25|1|Dialogue Text,"Whimsy - the reason that is no reason - the choice which is 'none of the above', except when it's not. Whimsical choices are unexpected, usually; useful, occasionally.

[Evolve this Passion to Whimsy , which contributes Moth and Rose to your Aspect Pool.]

","奇想——没有理由的理由——「以上皆非」的选择，除非并非如此。异想天开的抉择通常出人意料；偶尔派得上用场。

〔将这项激情进化为奇想，它将为你的性相池增添蛾与引。〕

"
dialogue|25|2|Dialogue Text,Spend [q=whi:evolveCost] Moth Experiences.,花费 [q=whi:evolveCost] 蛾之经验。
dialogue|25|3|Dialogue Text,"Perhaps this is something I'll choose later. Perhaps not. [Keeps the evolution option open, for now.]",也许这是我以后才会做出的选择。也许不会。〔进化选项暂且保留。〕
dialogue|25|4|Dialogue Text,Spend [q=whi:evolveCost] Rose Experiences.,花费 [q=whi:evolveCost] 引之经验。
dialogue|25|5|Dialogue Text,I don't always know why.,我并非总能说清缘由。
dialogue|25|6|Dialogue Text,Let 'em guess.,让他们猜去吧。
dialogue|25|7|Dialogue Text,Why do I do the things that I do?,我为何会做出我所做的事？
dialogue|25|8|Dialogue Text,'Why?' When did I ever care about 'why'?,「为什么」？我几时在乎过「为什么」？
dialogue|25|9|Dialogue Text,"There's always a reason... but often, I'm playing the long game.",总归有理由……但很多时候，我放的是长线。
dialogue|26|10|Dialogue Text,"...while my pre-Wars French passport, in the name of Sylvain Huissier, gives my place of birth accurately. But the France that issued it no longer exists, and the passport is long invalid.","……而我那本战前的法国护照,以西尔万·韦西耶之名签发,出生地写得分毫不差。但签发它的那个法国已不复存在,护照也早已失效。"
dialogue|26|1|Dialogue Text,A bulky manila envelope bulges an inside pocket. Time to open it.,一只厚实的牛皮纸信封把内袋撑得鼓鼓囊囊。该打开它了。
dialogue|26|2|Dialogue Text,[Retrieve the contents.],[取出其中的物件。]
dialogue|26|4|Dialogue Text,"Two passports. Neither qualifies me as a citizen of the French State. My British passport, in the name of Spencer Hobson, is valid, though the place of birth is false...","两本护照。没有一本能证明我是法国邦国的公民。我那本英国护照以斯宾塞·霍布森之名签发,依然有效,只是出生地是假的……"
dialogue|26|5|Dialogue Text,"Travelling funds. Mostly Darlanist francisques, plus a few Incorporate dollars...","盘缠。大多是达尔朗派发行的法兰西斧币,外加几张集团美元……"
dialogue|26|6|Dialogue Text,[Discard the envelope.],[丢掉信封。]
dialogue|26|7|Dialogue Text,A single Ministries <i>dolya</i>.,一枚孤零零的联盟<i>多利亚</i>。
dialogue|26|8|Dialogue Text,"And a razor blade. Useful things, razor blades.","还有一片剃刀刀片。刀片,是实用的东西。"
dialogue|26|9|Dialogue Text,"... and a packet of Bonanza cigarettes. The dollars will be accepted everywhere in Western Europe. The cigarettes, everywhere there's a black market.","……还有一包博南萨香烟。美元在西欧各地通用。香烟,则凡有黑市之处皆可通行。"
dialogue|27|11|Dialogue Text,Vincent mentioned you.,文森特提起过你。
dialogue|27|12|Dialogue Text,Busy.,忙。
dialogue|27|13|Dialogue Text,Very busy.,非常忙。
dialogue|27|14|Dialogue Text,You know Vincent?,你认识文森特?
dialogue|27|15|Dialogue Text,For a long time. We were both with the Lègion.,认识很久了。我们俩都在军团待过。
dialogue|27|16|Dialogue Text,"...goodbye, then.",……那就再会吧。
dialogue|27|17|Dialogue Text,"...goodbye, then. (Oaf.)",……那就再会吧。(蠢货。)
dialogue|27|18|Dialogue Text,Vincent is all right.,文森特还行。
dialogue|27|19|Dialogue Text,[Mathis' eyebrows rise fractionally.],[马蒂斯的眉毛微微扬起。]
dialogue|27|1|Dialogue Text,You're back.,您回来了。
dialogue|27|20|Dialogue Text,He said I should ask you about the Rue Pigalle.,他说我该向你打听皮加勒街的事。
dialogue|27|21|Dialogue Text,"My secret is out, hein? The little follies of youth.","我的秘密败露了,嗯?年轻时的荒唐事。"
dialogue|27|22|Dialogue Text,[Unleash my most charming smile and reach to shake his hand] Thank you <i>so</i> much for your help earlier. I've spoken to the doctor.,"[绽放我最迷人的微笑,伸手去握他的手] 太感谢您之前的帮助了。我已经和医生谈过了。"
dialogue|27|24|Dialogue Text,"[Under this focused beam of bonhomie, Mathis unbends very slightly.] Euh.","[在这道热忱的目光之下,马蒂斯稍稍松弛了些。]呃。"
dialogue|27|26|Dialogue Text,He says hello.,他向你问好。
dialogue|27|27|Dialogue Text,Huhm.,哼。
dialogue|27|28|Dialogue Text,"We were speaking of Bricktop's, earlier. Of Django Reinhardt.","我们刚才在说布里克托普之家,说姜戈·莱因哈特。"
dialogue|27|29|Dialogue Text,"They were very different, those days. Sometimes good. Always different.",那些日子大不一样。有时很好。但总是不同。
dialogue|27|30|Dialogue Text,"[No stories seem to be forthcoming. But Mathis is briefly lost in a pleasant reverie, and the atmosphere has thawed appreciately.]","[似乎不会再有什么故事了。但马蒂斯短暂地陷入愉快的遐想,气氛明显回暖。]"
dialogue|27|31|Dialogue Text,"We were. It was good to remember. Though I never heard Reinhardt there. He moved on, in the Occupation years. To the Roulotte.","确实。回忆是件好事。不过我从没在那儿听过莱因哈特。占领年代里,他转去了大篷车。"
dialogue|27|32|Dialogue Text,"I said that the [[Enemy]] disliked swing. But not all of them. They let the Roulotte stay open late, you know? The men in grey. So they could listen to Reinhardt.","我说过[[敌人]]不喜欢摇摆乐。但并非人人如此。他们让大篷车开到很晚,你知道吗?那些穿灰衣的人。就为了能听莱因哈特。"
dialogue|27|33|Dialogue Text,"My friends and I, we would get in through the kitchen, to listen. Then one of my friends drew attention from the men in grey...","我和朋友们会从厨房溜进去听。后来,我有个朋友引起了那些灰衣人的注意……"
dialogue|27|34|Dialogue Text,[Sadness creases Mathis' face]. It did not end well. I did not go back.,[悲伤在马蒂斯脸上刻下皱纹]。结局并不好。我再没回去过。
dialogue|27|36|Dialogue Text,These things happen.,这种事在所难免。
dialogue|27|37|Dialogue Text,It was a long time ago.,那是很久以前的事了。
dialogue|27|38|Dialogue Text,"It could have been no more than four or five years ago. But the more I speak to Mathis, the younger he seems.","那或许不过四五年前的事。可我越和马蒂斯交谈,就越觉得他年轻。"
dialogue|27|39|Dialogue Text,[A long shrug.],[一个长长的耸肩。]
dialogue|27|40|Dialogue Text,Do you mind if I ask you about someone?,介意我向你打听一个人吗?
dialogue|27|42|Dialogue Text,About Vincent...,关于文森特……
dialogue|27|43|Dialogue Text,About Strathcoyne...,关于斯特拉斯科因……
dialogue|27|44|Dialogue Text,Aubière...,奥比埃……
dialogue|27|45|Dialogue Text,[[Nina Lagasse]]...,[[尼娜·拉加斯]]……
dialogue|27|46|Dialogue Text,I know nothing.,我一无所知。
dialogue|27|48|Dialogue Text,"The richer the man, the harder to like. M. Strathcoyne [the name is much gallified] is very rich.","人越有钱,越难让人喜欢。斯特拉斯科因先生[这名字被法语化得厉害]非常有钱。"
dialogue|27|49|Dialogue Text,"But his arm has a certain charm. Those eyes. Vincent and I, we call her 'Annabelle'.",但他那条手臂倒有几分魅力。那双眼睛。我和文森特管她叫『安娜贝尔』。
dialogue|27|50|Dialogue Text,[Store that one away.],[把这条记下。]
dialogue|27|51|Dialogue Text,I have nothing to say about monsieur le Directeur.,"关于院长先生,我无可奉告。"
dialogue|27|52|Dialogue Text,Bessy...,贝茜……
dialogue|27|53|Dialogue Text,Bessy is all right.,贝茜还行。
dialogue|27|54|Dialogue Text,[A fleeting smile] She sings better than she cooks.,[转瞬即逝的一笑]她唱得比做得好。
dialogue|27|55|Dialogue Text,Sinombre...,西诺姆布尔……
dialogue|27|56|Dialogue Text,No.,不。
dialogue|27|57|Dialogue Text,But...,可是……
dialogue|27|58|Dialogue Text,No?,不?
dialogue|27|60|Dialogue Text,Rodia...,罗迪娅……
dialogue|27|61|Dialogue Text,"I don't like her records. And one is never certain, with a Greek.","我不喜欢她的唱片。况且,希腊人,你永远摸不准。"
dialogue|27|62|Dialogue Text,But I think that she is all right.,但我觉得她人还行。
dialogue|27|63|Dialogue Text,"[Casually examine a ten-francisque note] Well, look, I recognise the value of information. If you remembered anything, I would be happy to compensate you...","[漫不经心地端详一张十法兰西斧币的钞票] 这么说吧,我明白情报的价值。如果你记起什么,我很乐意补偿你……"
dialogue|27|64|Dialogue Text,Pity.,可惜。
dialogue|27|65|Dialogue Text,I don't believe you.,我不信。
dialogue|27|68|Dialogue Text,"I have remembered something. [Mathis accepts the note, which disappears without fuss.]","我记起了一件事。[马蒂斯收下钞票,它不动声色地消失了。]"
dialogue|27|69|Dialogue Text,"Generous. But as I have said: unhappily, I know nothing.","慷慨。但我说过了:遗憾,我一无所知。"
dialogue|27|6|Dialogue Text,[Mathis does not seem excited by my return.],[马蒂斯似乎并不为我的归来而振奋。]
dialogue|27|70|Dialogue Text,"The Director has a second office behind the mirror in his office, where he keeps his records.","院长在他办公室的镜子后面还有一间办公室,他的档案都收在那里。"
dialogue|27|71|Dialogue Text,I have not told you this.,这话不是我告诉你的。
dialogue|27|72|Dialogue Text,What else?,还有呢?
dialogue|27|74|Dialogue Text,And what?,还有什么?
dialogue|27|75|Dialogue Text,Who?,谁?
dialogue|27|76|Dialogue Text,She sings?,她会唱歌?
dialogue|27|77|Dialogue Text,"In Paris, she sang.","在巴黎,她唱过歌。"
dialogue|27|78|Dialogue Text,She knows you?,她认识你?
dialogue|27|79|Dialogue Text,She knew me. Yes.,她认识我。是的。
dialogue|27|7|Dialogue Text,"[Mathis' tone is still flat, but he meets my eyes now, almost courteously.]","[马蒂斯的语气仍然平淡,但现在他会迎上我的目光,几乎称得上客气。]"
dialogue|27|81|Dialogue Text,Young idiots.,年轻的白痴。
dialogue|27|82|Dialogue Text,[Mathis' eyes flash with anger. But he says nothing.],[马蒂斯眼中闪过怒意。但他什么也没说。]
dialogue|27|83|Dialogue Text,[Turn away.],[转身走开。]
dialogue|27|84|Dialogue Text,"Never mind, actually.","算了,没事。"
dialogue|27|85|Dialogue Text,Ta ta for now.,就此别过。
dialogue|27|86|Dialogue Text,Goodbye.,再见。
dialogue|27|9|Dialogue Text,Can you tell me about...,你能跟我说说……
dialogue|30|10|Dialogue Text,Merchant test,商人测试
dialogue|30|18|Dialogue Text,Exit,退出
dialogue|30|19|Dialogue Text,[Back],[返回]
dialogue|30|1|Dialogue Text,Links:,链接:
dialogue|30|21|Dialogue Text,"We're talking to Edouarde here so rel_ed should show up as a modifier if the test is on Charm, not if it's on Bosk","我们正在与爱德华德交谈,所以若测试对象是魅力,rel_ed 应显示为修正项;若测试对象是丛林学,则不应显示。"
dialogue|30|23|Dialogue Text,...success,……成功
dialogue|30|24|Dialogue Text,...failure,……失败
dialogue|30|25|Dialogue Text,"Fade out, then in","淡出,再淡入"
dialogue|30|26|Dialogue Text,Fade in,淡入
dialogue|30|27|Dialogue Text,So let's go back,"那么,我们回去吧"
dialogue|30|28|Dialogue Text,Shoes?,鞋子?
dialogue|30|291|Dialogue Text,"Fading to black, then back. The dialogue box should stay visible throughout — that is precisely the reason AltFade exists instead of PCDS Fade.","渐黑,再渐回。对话框应全程保持可见——这正是 AltFade 而非 PCDS Fade 存在的原因。"
dialogue|30|291|Menu Text,AltFade pulse (out -> in),AltFade 脉冲(出 -> 入)
dialogue|30|292|Dialogue Text,"Holding the overlay opaque for three seconds, then releasing it. This verifies the stay/unstay direction pair survived B6 untouched.","将遮罩保持不透明三秒,然后释放。这用于验证 stay/unstay 方向配对在 B6 之后依然原样无恙。"
dialogue|30|292|Menu Text,AltFade stay -> unstay,AltFade stay -> unstay
dialogue|30|293|Dialogue Text,Closing the conversation and opening the travel map.,关闭对话并打开旅行地图。
dialogue|30|293|Menu Text,OpenMapForTravel (ends conversation),OpenMapForTravel(结束对话)
dialogue|30|294|Dialogue Text,"Fading to black, then leaving for the map. This is the zone-exit-style sequence the audit recommended as supplementary smoke coverage for B5 and B6.","渐黑,然后前往地图。这是审计建议作为 B5 与 B6 补充冒烟覆盖的离区式序列。"
dialogue|30|294|Menu Text,AltFade out -> OpenMapForTravel (ends conversation),AltFade 淡出 -> OpenMapForTravel(结束对话)
dialogue|30|295|Dialogue Text,"Holding the sequence for three seconds via Delay(3). If this entry waits the expected duration before allowing continue, the inline Delay handler is still wired correctly after the redundant standalone class was stripped.","通过 Delay(3) 将序列保持三秒。如果此条在允许继续前等待了预期时长,便说明在移除冗余的独立类之后,内联 Delay 处理器仍然正确挂接。"
dialogue|30|295|Menu Text,Delay(3) — inline-handler smoke,Delay(3) — 内联处理器冒烟测试
dialogue|30|296|Dialogue Text,Wait a moment...,稍等片刻……
dialogue|30|29|Dialogue Text,Req label displays,需求标签显示
dialogue|30|2|Dialogue Text,Change from nobody to Medea,从无人改为美狄亚
dialogue|30|30|Dialogue Text,Do we have money?,我们有钱吗?
dialogue|30|31|Dialogue Text,Did we win basic enthusiasm from Aub?,我们是否从欧比那里赢得了基础热情?
dialogue|30|37|Dialogue Text,Lots of text?,大量文本?
dialogue|30|38|Dialogue Text,"Lorem ipsum dolor sit amet, consectetur adipiscing elit, sed do eiusmod tempor incididunt ut labore et dolore magna aliqua. Ut enim ad minim veniam, quis nostrud exercitation ullamco laboris nisi ut aliquip ex ea commodo consequat. Duis aute irure dolor in reprehenderit in voluptate velit esse cillum dolore eu fugiat nulla pariatur. Excepteur sint occaecat cupidatat non proident, sunt in culpa qui officia deserunt mollit anim id est laborum.","Lorem ipsum dolor sit amet, consectetur adipiscing elit, sed do eiusmod tempor incididunt ut labore et dolore magna aliqua. Ut enim ad minim veniam, quis nostrud exercitation ullamco laboris nisi ut aliquip ex ea commodo consequat. Duis aute irure dolor in reprehenderit in voluptate velit esse cillum dolore eu fugiat nulla pariatur. Excepteur sint occaecat cupidatat non proident, sunt in culpa qui officia deserunt mollit anim id est laborum."
dialogue|30|39|Dialogue Text,"Jo koitti kuumon aika, ja viukkaat puhvenet
päinillä harpitellen kieruloivat,
haipeloina seisoksivat varakuhvenet,
ja öksyt muvut kaikki hinkuroivat.","那是灼灼时分,滑腻的陀兽
在林野间回旋着打转;
苍白的鹭鸲们怔怔而立,
迟钝的咕兽们全在呜噜哼唧。"
dialogue|30|3|Dialogue Text,Change from Medea to Nina,从美狄亚改为尼娜
dialogue|30|40|Dialogue Text,"Once more unto the breach, dear friends, once more;
Or close the wall up with our English dead.
In peace there's nothing so becomes a man
As modest stillness and humility:
But when the blast of war blows in our ears,
Then imitate the action of the tiger;
Stiffen the sinews, summon up the blood,
Disguise fair nature with hard-favour'd rage;
Then lend the eye a terrible aspect;
Let pry through the portage of the head
Like the brass cannon; let the brow o'erwhelm it
As fearfully as doth a galled rock
O'erhang and jutty his confounded base,
Swill'd with the wild and wasteful ocean.","再向缺口冲去,亲爱的朋友们,再冲一次;
否则就用我们英格兰人的尸骸把城墙填满。
太平之时,再无他物比静默的安详与谦逊
更合于一个人的本色:
但当战争的号角在我们耳畔炸响,
便去效仿猛虎的行径;
绷紧筋腱,唤起热血,
以严峻的怒容遮掩温善的天性;
再令双目透出可怖的神情,
让它们从头颅的窗孔间窥望,
如同黄铜大炮;让眉峰压住眼眸,
如一块被狂野而空耗的海洋冲刷的岩石,
悬垂在它那崩塌的基座之上。"
dialogue|30|41|Dialogue Text,Shoes!,鞋子!
dialogue|30|42|Dialogue Text,Shoes gone :(,鞋子没了 :(
dialogue|30|43|Dialogue Text,Bye shoes,"再见了,鞋子"
dialogue|30|44|Dialogue Text,inf lantern +1 - fire-once,无限灯性相 +1 - 一次性触发
dialogue|30|45|Dialogue Text,FX,特效
dialogue|30|46|Dialogue Text,Quell with a trygikon or a midnight mark,用特里吉孔或午夜印记平息
dialogue|30|47|Dialogue Text,testTravelTag multiplier check,testTravelTag 倍率检查
dialogue|30|48|Dialogue Text,Successfully quelled!,成功平息!
dialogue|30|49|Dialogue Text,Visits *2: [q=TagVisitsDouble: testTravelTag],到访次数 ×2: [q=TagVisitsDouble: testTravelTag]
dialogue|30|4|Dialogue Text,Change from Nina to nobody,从尼娜改为无人
dialogue|30|50|Dialogue Text,"testTravelTag is applied on, and blocks, this - so it's invisible until we travel.","testTravelTag 施加于此节点并使其受阻——所以在我们旅行之前,它不可见。"
dialogue|30|51|Dialogue Text,The tag's applied on this node.,该标签施加于这个节点。
dialogue|30|52|Dialogue Text,This should never appear.,这条永远不应出现。
dialogue|30|53|Dialogue Text,Sequencing Tests,时序测试
dialogue|30|5|Dialogue Text,"Was 0, set to 1.","原为 0,现设为 1。"
dialogue|30|6|Dialogue Text,"Was 1, set to Nina (2)","原为 1,现设为尼娜 (2)"
dialogue|30|7|Dialogue Text,"Was 2, set back to 0.","原为 2,已设回 0。"
dialogue|30|8|Dialogue Text,Test suite top [[Henad]]! [[Henades]]! [[Footnotes]] have choices. [[Church]]?,测试套件顶部 [[太一]]![[太一]]们![[脚注]]有选项。[[教会]]?
dialogue|30|9|Dialogue Text,Test links with QLD logic,以 QLD 逻辑测试链接
dialogue|32|100|Dialogue Text,The work of a moment to taint Philomèle's glass. ,转瞬之间，菲洛梅尔的酒杯便被玷污。
dialogue|32|101|Dialogue Text,The taste is as I remember: an angry-medical fennel-mint. But it's weak! Much weaker than I remember.,味道与记忆中的一样：一股带火气的药房味茴香薄荷。可它太淡了！比我记得的淡得多。
dialogue|32|102|Dialogue Text,[Say nothing.],[什么也不说。]
dialogue|32|103|Dialogue Text,This is... a very gentle pastis.,这……可真是一杯温吞的茴香酒。
dialogue|32|104|Dialogue Text,'Vichy water!' crows the nearest card-player.,「维希水！」最近的那位牌客得意地嚷道。
dialogue|32|105|Dialogue Text,What the hell is this? Toothpaste?,这算什么玩意儿？牙膏？
dialogue|32|106|Dialogue Text,"Our government has decreed, monsieur, that indulgence weakened France. So they give us the gift of sobriety. Above this strength, no aperitif is permitted.",先生，我们的政府颁布了法令：纵情享乐削弱了法国。所以他们赐予我们清醒这份礼物。超过这个度数的开胃酒，一律不得出售。
dialogue|32|107|Dialogue Text,"You are fortunate. Three days in the week, I could not even serve you this.",您运气好。一周里有三天，我连这个都没法给您端上来。
dialogue|32|108|Dialogue Text,Barbaric!,野蛮！
dialogue|32|109|Dialogue Text,Regrettable.,令人遗憾。
dialogue|32|110|Dialogue Text,[Raise the glass] [Drily] To the benevolence of the State.,[举杯] [干巴巴地] 敬邦国的仁慈。
dialogue|32|111|Dialogue Text,[Raise the glass] [Sincerely] To the benevolence of the State!,[举杯] [真诚地] 敬邦国的仁慈！
dialogue|32|112|Dialogue Text,As you say.,就依您所言。
dialogue|32|113|Dialogue Text,[Truth] I'm English.,[实话] 我是英国人。
dialogue|32|114|Dialogue Text,[Truth] I was born in Paris.,[实话] 我出生在巴黎。
dialogue|32|115|Dialogue Text,"A foreigner, so.",这么说，是个外国人。
dialogue|32|116|Dialogue Text,A little advice. Do not raise your voice when you say these interesting things.,一点忠告。说这些有趣的事情时，别抬高嗓门。
dialogue|32|117|Dialogue Text,[Toast] To Felix.,[举杯] 敬费利克斯。
dialogue|32|119|Dialogue Text,Yes. To his memory.,是的。敬他的在天之灵。
dialogue|32|120|Dialogue Text,There was something else?,还有别的事？
dialogue|32|121|Dialogue Text,[This is embarrassing. I only have [q=cashState].],[真难为情。我身上只有 [q=cashState]。]
dialogue|32|130|Dialogue Text,"<i>Please</i>, madame. I've come a very long way to find her. My utmost gratitude.",<i>求求</i>您，夫人。我走了很远的路才找到她。我对您感激不尽。
dialogue|32|131|Dialogue Text,Have you met anyone of that name?,您可遇到过叫这个名字的人？
dialogue|32|132|Dialogue Text,Sorry. I'm bad with names.,抱歉。我对名字不太在行。
dialogue|32|134|Dialogue Text,"One does what one can. But, there.",能做多少便做多少。不过，就到这儿了。
dialogue|32|135|Dialogue Text,Beh.,哼。
dialogue|32|136|Dialogue Text,"Oh, very well.",哦，好吧。
dialogue|32|137|Dialogue Text,"Close to the station, there is a bookseller. Andrée.",车站附近有位书商。安德烈。
dialogue|32|138|Dialogue Text,Yes. An interesting woman.,是的。一位有意思的女士。
dialogue|32|139|Dialogue Text,Yes. I enjoyed her talent for stripes.,是的。我很欣赏她那手条纹功夫。
dialogue|32|13|Dialogue Text,"Coffee, please. Black.",请来一杯咖啡。不加奶。
dialogue|32|140|Dialogue Text,I'm listening.,我在听。
dialogue|32|141|Dialogue Text,"She has another business - quieter even than bookselling. Mention my name to her, and perhaps she will help.",她还有一门生意——比卖书更安静。向她提起我的名字，她兴许会帮你。
dialogue|32|142|Dialogue Text,"As I said: my utmost gratitude. Thank you, madame. Heaven lift you!",如我所言：感激不尽。多谢您，夫人。愿天堂护佑您！
dialogue|32|143|Dialogue Text,"Today, madame, you have made a greater friend than you know.",今日，夫人，您结交了一位比您所知更了不起的朋友。
dialogue|32|144|Dialogue Text,[Bow deeply and withdraw.],[深鞠一躬，退下。]
dialogue|32|146|Dialogue Text,The three candles are a Solar tradition. Linou is invoking three faces of the Sun to look kindly upon the departed.,三支蜡烛是太阳一系的传统。利努正请动太阳的三副面孔，好让它们垂顾逝者。
dialogue|32|147|Dialogue Text,Candles flicker before the image of a handsome young man in uniform.,烛光在一位身着军装的俊朗青年照片前摇曳。
dialogue|32|149|Dialogue Text,Your husband?,是您的丈夫？
dialogue|32|14|Dialogue Text,You'll have something?,您要来点什么？
dialogue|32|151|Dialogue Text,Your brother?,是您的兄弟？
dialogue|32|152|Dialogue Text,Did you have an... American sweetheart?,您曾有过一位……美国情人？
dialogue|32|153|Dialogue Text,Almost. We had not enough time.,差一点。我们没来得及。
dialogue|32|155|Dialogue Text,"[A faintly amused scowl.] Felix, my brother? No.",[一丝忍俊不禁的皱眉。] 费利克斯，我的兄弟？不。
dialogue|32|156|Dialogue Text,"The uniform doesn't look French. American, perhaps? But the insignia are odd.",这身军装不像法军的。或许是美军的？可徽记有些古怪。
dialogue|32|157|Dialogue Text,An American...?,一个美国人……？
dialogue|32|158|Dialogue Text,"Oh! No. Felix was Free French. The Americans equipped his whole division, when they came out of Africa. ",哦！不。费利克斯是自由法国的。他们师从非洲出来时，装备全是美国人给的。
dialogue|32|159|Dialogue Text,He wears it well.,他穿这身很精神。
dialogue|32|15|Dialogue Text,[q=RecentPreferenceBeverageChezFelix]?,[q=RecentPreferenceBeverageChezFelix]?
dialogue|32|160|Dialogue Text,Do you know how he felt? About wearing an Incorporate uniform?,您可知道他的感受？关于穿上集团的军装？
dialogue|32|161|Dialogue Text,I had no opportunity to ask him...,我没有机会问他……
dialogue|32|162|Dialogue Text,He did; yes.,他明白的；是的。
dialogue|32|163|Dialogue Text,"We would have been married, Felix and I, in the summer.",费利克斯和我，本会在夏天成婚。
dialogue|32|164|Dialogue Text,"There is a story, you know. They took some Charlemagnes - the turncoats, you know, the Enemy volunteers - in the last days of the war. They asked the Charlemagnes how they could stand to wear German uniforms.",有个故事，你知道吗。战争最后的日子里，他们逮住了一些查理曼师的人——就是那些变节者，你知道的，投敌的志愿兵。他们问查理曼师的人，怎么受得了穿德国军装。
dialogue|32|165|Dialogue Text,One Charlemagne asked: how can you stand to wear American uniforms?,其中一个查理曼师的人反问：你们怎么受得了穿美国军装？
dialogue|32|166|Dialogue Text,[Laugh.],[笑出声来。]
dialogue|32|168|Dialogue Text,And so! We shot them! On the spot!,于是！我们就把他们毙了！当场毙的！
dialogue|32|169|Dialogue Text,[Linou's grin becomes wolfish.],[利努的笑容变得狼性十足。]
dialogue|32|170|Dialogue Text,...on the spot.,……当场毙的。
dialogue|32|171|Dialogue Text,"And now, she looks only tired.",而此刻，她脸上只余疲惫。
dialogue|32|172|Dialogue Text,[Softly]'We'?,[轻声]「我们」？
dialogue|32|173|Dialogue Text,[Lean close] No more than they deserved.,[凑近] 他们罪有应得。
dialogue|32|174|Dialogue Text,That is... that is contrary to the laws of war.,这……这有违战争法规。
dialogue|32|175|Dialogue Text,...bah.,……嗐。
dialogue|32|176|Dialogue Text,Linou scrubs ferociously at a stubborn spot on the bar.,利努狠命擦拭着吧台上的一块顽固污渍。
dialogue|32|177|Dialogue Text,What of it?,那又怎样？
dialogue|32|178|Dialogue Text,"As I understand it, the State has not chosen to honour the Free French. It might be embarrassing if your sympathies were known.",据我所知，邦国并不打算表彰自由法国。若您的同情心被人知晓，恐怕会很难堪。
dialogue|32|179|Dialogue Text,Only that it's good to hear <i>true</i> patriots remembered. If you understand me. ,只想说，听到还有人记得<i>真正的</i>爱国者，这很好。若您明白我的意思。
dialogue|32|17|Dialogue Text,What do you have here?,您这儿都有些什么？
dialogue|32|180|Dialogue Text,Linou's wolfish grin returns...,利努狼一般的笑容又回来了……
dialogue|32|181|Dialogue Text,... and then she clears it from her face with the casual briskness of a woman sweeping a curtain closed. ,……然后她将这笑容从脸上抹去，动作随意而利落，如同一位妇人顺手拉上窗帘。
dialogue|32|182|Dialogue Text,Did you want anything else?,您还要别的吗？
dialogue|32|183|Dialogue Text,My sincere condolences.,我深表哀悼。
dialogue|32|184|Dialogue Text,Light perpetual shine upon him.,愿永恒之光常照于他。
dialogue|32|185|Dialogue Text,So goes the world.,世事如此。
dialogue|32|186|Dialogue Text,May he find the peace of silence...,愿他寻得寂静中的安宁……
dialogue|32|187|Dialogue Text,She lets out a long breath.,她长长地舒了一口气。
dialogue|32|188|Dialogue Text,So indeed.,确实如此。
dialogue|32|189|Dialogue Text,She lowers her head briefly.,她微微低下头。
dialogue|32|18|Dialogue Text,Is that so?,是这样吗？
dialogue|32|190|Dialogue Text,And what of <i>that</i>?,那<i>这个</i>呢？
dialogue|32|191|Dialogue Text,...as you say.,……就依您所言。
dialogue|32|193|Dialogue Text,Nothing. Nothing at all. As long as we remain on good terms.,没什么。什么也没有。只要我们相处得宜。
dialogue|32|194|Dialogue Text,"Is there absolutely no chance of a coffee? I've been desperate for one ever since I got off the train. Awake all night, you see.",真的一点咖啡都没有了吗？我自打下车起就惦记着一杯。一夜没合眼，您知道的。
dialogue|32|196|Dialogue Text,Well... we do have something. If you're desperate. But I will be honest. It is sock juice.,嗯……我们倒是有一样东西。要是您实在没办法。不过我跟您说实话：那是袜子汁。
dialogue|32|197|Dialogue Text,Absolutely none.,绝对没有。
dialogue|32|198|Dialogue Text,Coca-Cola.,可口可乐。
dialogue|32|199|Dialogue Text,Coca-Cola. It tastes like what it tastes like.,可口可乐。它是什么味道，就是什么味道。
dialogue|32|19|Dialogue Text,"Order a coffee, then.",那就点杯咖啡吧。
dialogue|32|1|Dialogue Text,"Sorry, no coffee.",抱歉，没有咖啡。
dialogue|32|203|Dialogue Text,[Get up from the bar.],[从吧台起身。]
dialogue|32|204|Dialogue Text,"My apologies, madame. I find myself embarrassed. I'll return promptly and settle my account.",失礼，夫人。我实在难堪。我很快就回来结清账目。
dialogue|32|205|Dialogue Text,Came out without my wallet! I'm so forgetful. I'll come back with it immediately.,出门忘了带钱包！我真是健忘。我马上带着它回来。
dialogue|32|207|Dialogue Text,See that you do.,你可要说到做到。
dialogue|32|208|Dialogue Text,"I do not offer credit to strangers, monsieur. Be quick, or I will speak to my friends.",我不向陌生人赊账，先生。快去快回，不然我就要同我的朋友们说说了。
dialogue|32|20|Dialogue Text,I don't especially want a coffee.,我倒不是特别想喝咖啡。
dialogue|32|210|Dialogue Text,[Settle bill... with flair.],[结账……潇洒利落。]
dialogue|32|211|Dialogue Text,Excuse me - madame -,打扰了——夫人——
dialogue|32|212|Dialogue Text,What are you -,你这是——
dialogue|32|213|Dialogue Text,Why - ,怎么——
dialogue|32|214|Dialogue Text,That comes to [q=chezfelix.bill:words] francisques.,一共 [q=chezfelix.bill:words] 枚法兰西斧币。
dialogue|32|215|Dialogue Text,"You have returned to pay your bill?
","您是回来结账的？
"
dialogue|32|217|Dialogue Text,Not quite yet.,还不到时候。
dialogue|32|218|Dialogue Text,"Very good. Sit down, then.",很好。那就请坐吧。
dialogue|32|219|Dialogue Text,Pff. Be quick.,啧。快点儿。
dialogue|32|21|Dialogue Text,Fortunate; since we have in fact no coffee.,万幸；因为我们确实没有咖啡。
dialogue|32|221|Dialogue Text,Um...,唔……
dialogue|32|222|Dialogue Text,Again?!,又来？！
dialogue|32|223|Dialogue Text,Well. Hurry up about it.,好吧。快些了结。
dialogue|32|224|Dialogue Text,[Settle bill... with a tiny miracle.],[结账……借一个小小的奇迹。]
dialogue|32|225|Dialogue Text,"[Exit, blushing.]",[红着脸离开。]
dialogue|32|226|Dialogue Text,"[Exit, whistling.]",[吹着口哨离开。]
dialogue|32|227|Dialogue Text,[Drop a little witchery into my glass along with the coins. Present it to Linou with a bow.],[把硬币放进杯里的同时，往杯中落进一缕巫术。鞠躬，将杯子呈给利努。]
dialogue|32|228|Dialogue Text,"As Linou reaches for the glass, carnations - red and white - spring from the mouth of the glass!",利努伸手去接杯子，红白两色的康乃馨竟从杯口喷涌而出！
dialogue|32|229|Dialogue Text,"Linou accepts the glass, bemused. The witchery didn't take.",利努接过杯子，困惑不已。巫术没有奏效。
dialogue|32|22|Dialogue Text,[Consider ordering something.],[考虑点些什么。]
dialogue|32|230|Dialogue Text,I reach out as if to brush something from her headband.,我伸出手，仿佛要拂去她发带上的一点什么。
dialogue|32|231|Dialogue Text,Linou recoils.,利努往后缩去。
dialogue|32|232|Dialogue Text,"I have no choice but to open my hand, revealing a palmed coin.",我别无他法，只得张开手，露出掌中藏着的一枚硬币。
dialogue|32|233|Dialogue Text,[Smile sheepishly.],[讪讪地笑。]
dialogue|32|234|Dialogue Text,Pfff.,噗。
dialogue|32|235|Dialogue Text,Pluck a coin from her left ear.,从她左耳后拈出一枚硬币。
dialogue|32|236|Dialogue Text,Pluck a coin from her right ear.,从她右耳后拈出一枚硬币。
dialogue|32|237|Dialogue Text,Pluck a coin from her nose.,从她鼻尖拈出一枚硬币。
dialogue|32|239|Dialogue Text,Magnificent. And thank you.,妙极。多谢。
dialogue|32|23|Dialogue Text,"Coffee, please. Milk.",请来一杯咖啡。加奶。
dialogue|32|240|Dialogue Text,I believe this concludes our business.,我想，我们的账目就此两清。
dialogue|32|241|Dialogue Text,Linou rolls her eyes. But she also smiles.,利努翻了个白眼，却也笑了。
dialogue|32|242|Dialogue Text,Ironic applause from the card-players' table.,牌客那桌传来戏谑的掌声。
dialogue|32|243|Dialogue Text,What is...,这是什么……
dialogue|32|244|Dialogue Text,"I apologise, madame. I am clumsy.",请见谅，夫人。我笨手笨脚。
dialogue|32|245|Dialogue Text,"Yes, exactly.",正是如此。
dialogue|32|246|Dialogue Text,May this place be fruitful.,愿此地丰饶。
dialogue|32|247|Dialogue Text,Remember this moment.,记住这一刻。
dialogue|32|248|Dialogue Text,Oh!,哦！
dialogue|32|249|Dialogue Text,"Linou takes the flowers, smiling. She also empties the glass out on to the counter and counts the coins.",利努笑着接过花，又把杯中之物倒上柜台，数起硬币来。
dialogue|32|24|Dialogue Text,A glass of white.,来一杯白的。
dialogue|32|250|Dialogue Text,Gasps of pleased surprise from the tables behind me.,我身后的桌边传来又惊又喜的吸气声。
dialogue|32|252|Dialogue Text,"A house of tolerance, indeed!",果真是座宽容之家！
dialogue|32|253|Dialogue Text,Oh! Aristide! Will you stop now with your circus?,哦！阿里斯蒂德！你这出马戏还不停下？
dialogue|32|254|Dialogue Text,[Legal Truth] I'm English.,[法律实话] 我是英国人。
dialogue|32|255|Dialogue Text,[Truth] I'm from Paris.,[实话] 我来自巴黎。
dialogue|32|256|Dialogue Text,She leans closer.,她凑近了些。
dialogue|32|257|Dialogue Text,"Some. More before the war, you know. But they don't like so much the Côte d'Azur now.",有一些。战前来得更多，你知道。不过如今他们不太爱来蔚蓝海岸了。
dialogue|32|258|Dialogue Text,A little pause before she said that. And a little watchfulness after. Linou wanted to be sure I understood that Americans were welcome here. ,说这话之前，她顿了顿。说这话之后，又带着一丝警觉。利努想让我确知：美国人在此地是受欢迎的。
dialogue|32|25|Dialogue Text,A glass of red.,来一杯红的。
dialogue|32|260|Dialogue Text,They are of course very welcome in this café.,他们在这家咖啡馆，当然非常受欢迎。
dialogue|32|262|Dialogue Text,[Ironic] We all should be grateful for the protection of our [[Incorporate]] allies against the [[Icarian]] menace.,[反讽] 我们都该感激[[集团]]盟友的护佑，以御[[伊加利亚]]之患。
dialogue|32|263|Dialogue Text,[Earnest] We should be all grateful for the protection of our [[Incorporate]] allies against the [[Icarian]] menace.,[恳切] 我们都该感激[[集团]]盟友的护佑，以御[[伊加利亚]]之患。
dialogue|32|264|Dialogue Text,[?] I do like their teeth. They have such <i>wonderful</i> teeth.,[?] 我倒是喜欢他们的牙齿。他们长着一口<i>绝妙</i>的牙齿。
dialogue|32|265|Dialogue Text,Does she think I might be a government informer?,她莫不是以为我是政府的密探？
dialogue|32|266|Dialogue Text,<i>Vive les Américains.</i>,<i>美国人万岁。</i>
dialogue|32|267|Dialogue Text,Their...,他们的……
dialogue|32|268|Dialogue Text,Teeth. [Bare my own like a merry chimpanzee.],牙齿。[像只快活的黑猩猩一样，龇出自己的牙。]
dialogue|32|269|Dialogue Text,[Nod sagaciously. Wink.],[睿智地点点头。眨眨眼。]
dialogue|32|26|Dialogue Text,Pastis.,茴香酒。
dialogue|32|271|Dialogue Text,"<i>Fada</i>. [She shakes her head, chuckling.]",<i>疯子</i>。[她摇了摇头，轻声低笑。]
dialogue|32|273|Dialogue Text,[Enough time at the bar for now.],[在酒吧待得够久了。]
dialogue|32|274|Dialogue Text,"Once I've travelled and returned to Antibes, I can refresh myself at Chez Felix again.",等我旅行归来、回到昂蒂布，就能再到费利克斯之家歇歇脚。
dialogue|32|276|Dialogue Text,<i>Thank</i> you.,<i>谢</i>谢。
dialogue|32|278|Dialogue Text,Sock juice?,袜子汁？
dialogue|32|279|Dialogue Text,"...no, thank you.",……不了，谢谢。
dialogue|32|27|Dialogue Text,Camomile.,甘菊茶。
dialogue|32|280|Dialogue Text,Only a way of saying: it is not palatable. It is burnt rice. Chicory root. And it is not cheap. Forty francisques.,不过是种说法罢了：那玩意儿不好喝。是烧糊的米饭。菊苣根。而且不便宜。四十枚法兰西斧币。
dialogue|32|281|Dialogue Text,If that's all you have...,如果你只有这个……
dialogue|32|282|Dialogue Text,You were warned.,我可警告过你了。
dialogue|32|283|Dialogue Text,There is no sugar.,没有糖。
dialogue|32|284|Dialogue Text,Here.,给。
dialogue|32|285|Dialogue Text,It steams; the smell is something like coffee; it is dark as filthy pond-water. A yellow skirl of scum-bubbles rotates at its murky heart.,它冒着热气；气味有点像咖啡；颜色深得像肮脏的池水。昏浊的中心，旋着一圈发黄的浮渣泡沫。
dialogue|32|286|Dialogue Text,[Sip cautiously.],[小心翼翼地啜了一口。]
dialogue|32|287|Dialogue Text,[Drain the scalding liquid in a single swallow.],[一口喝干这滚烫的液体。]
dialogue|32|288|Dialogue Text,"Actually: it's not so bad. It's not <i>good</i>. But, coiled within the burnt taste and the radishy taste, there is a welcome lurking bitterness not unlike coffee. Perhaps she's secretly adulterating real black-market coffee?",其实：也没那么糟。算不上<i>好</i>。但在焦糊味与萝卜味之间，蛰伏着一丝令人受用的苦，隐约有咖啡的影子。也许她悄悄往劣货里掺了真正的黑市咖啡？
dialogue|32|289|Dialogue Text,Ow!,哎哟！
dialogue|32|28|Dialogue Text,"Young, sharp; it'd be better cold, but it's not so bad warm.",酒很年轻，滋味尖利；冰着喝更好，温着倒也不坏。
dialogue|32|290|Dialogue Text,[Odd that she was so reluctant to offer this...],[奇怪，她方才竟这么不情愿端出这个……]
dialogue|32|293|Dialogue Text,"It did taste better than I might expect. Likely, there's real coffee in there, heavily adulterated. She needed the money; but she didn't want a stranger to know she's buying coffee on the black market.",味道确实比我想象的好。很可能里面掺了大量真咖啡。她需要钱；但不愿让陌生人知道她在黑市买咖啡。
dialogue|32|294|Dialogue Text,It must usually be reserved for regulars.,这大概通常只留给熟客。
dialogue|32|295|Dialogue Text,"[Look her straight in the eye] Much better than you suggested, madame. Perhaps you have a secret recipe? But your secret is safe with me.",[直视她的眼睛] 比您说的好得多，夫人。也许您有秘密配方？不过您的秘密，我会守口如瓶。
dialogue|32|296|Dialogue Text,[Neutrally] You are a man of refined spirit.,[语气平淡] 您是个品味高雅的人。
dialogue|32|297|Dialogue Text,Nothing at all. This is none of my affair.,没什么。这是您的事，与我无关。
dialogue|32|298|Dialogue Text,"Worse than you have threatened me. Order, or go.",比您威胁我的还糟。点单，或者离开。
dialogue|32|299|Dialogue Text,"I saw strange things, over where the rain ends.",在雨水终结之处，我看见了一些奇异之物。
dialogue|32|29|Dialogue Text,[Frown.],[皱眉。]
dialogue|32|2|Dialogue Text,'Incorporate drink...',「集团的饮料……」
dialogue|32|300|Dialogue Text,You mean the holes in the world?,你是说世界上的洞？
dialogue|32|301|Dialogue Text,Yes. What are they?,是的。它们是什么？
dialogue|32|302|Dialogue Text,Holes. In the world.,洞。在世界上的。
dialogue|32|303|Dialogue Text,Cognac? No one said anything about cognac!,干邑？没人提过干邑！
dialogue|32|304|Dialogue Text,Jean-Bernard needs cheering up. You seem fine.,让-贝尔纳需要打起精神来。你看着还行。
dialogue|32|305|Dialogue Text,There is a small surcharge for painters and for poets. Even Jean-Bernard.,对画家和诗人，要收一点小额附加费。让-贝尔纳也不例外。
dialogue|32|306|Dialogue Text,"[Decide against it, at least for now.]",[决定不点，至少暂时不点。]
dialogue|32|307|Dialogue Text,Sock juice.,袜子汁。
dialogue|32|308|Dialogue Text,If you like.,随你。
dialogue|32|309|Dialogue Text,There really is coffee in there... somewhere.,里面真的有咖啡……在某个地方。
dialogue|32|30|Dialogue Text,[She turns away.],[她转过身去。]
dialogue|32|310|Dialogue Text,It might in fact serve as a sacrament for some heretical rites - [[Crucian]] or otherwise.,它或许真能充当某些异端仪式的圣餐——[[克鲁西安]]式的，或别的什么。
dialogue|32|311|Dialogue Text,"Paris. A foreigner, more or less.",巴黎。勉强算个外国人。
dialogue|32|31|Dialogue Text,[Step back from the bar.],[从吧台前退开一步。]
dialogue|32|32|Dialogue Text,"Strong, warm, oaky, basically drinkable. Algerian, probably.",劲儿足，温吞，橡木味重，基本能喝。大概是阿尔及利亚的。
dialogue|32|33|Dialogue Text,Clear amber <i>louche</i>-swirls into milk-yellow...,清澈的琥珀色泛起<i>乳浊</i>，旋成奶黄……
dialogue|32|34|Dialogue Text,The familiar blossom-apple taste. Like a gently sanctimonious aunt.,熟悉的苹果花香。像一位温和而一本正经的姑母。
dialogue|32|35|Dialogue Text,And this is my third!,这已经是我的第三杯了！
dialogue|32|36|Dialogue Text,The nearest card-player calls out in a hoarse stage-whisper: 'Be careful! Linou always overcharges foreigners!',最近的那位牌客哑着嗓子，以人人都听得见的耳语喊道：「当心！利努总是敲外国人的竹杠！」
dialogue|32|37|Dialogue Text,Monsieur must forgive Aristide's manners. He becomes foolish with his second glass.,先生还请原谅阿里斯蒂德的失礼。他喝到第二杯就犯起傻来。
dialogue|32|38|Dialogue Text,Do I sound like a foreigner?,我听起来像外国人吗？
dialogue|32|39|Dialogue Text,[Smile politely.],[礼貌地微笑。]
dialogue|32|3|Dialogue Text,"That's it. 'American champagne', Aristide calls it. ",正是。「美国香槟」，阿里斯蒂德是这么叫它的。
dialogue|32|40|Dialogue Text,Linou will be careful. She must understand that I am not easily deceived.,利努最好小心些。她得明白，我不是轻易能哄骗的。
dialogue|32|41|Dialogue Text,"We are entirely tolerant, chez Felix.",在费利克斯之家，我们向来宽容。
dialogue|32|45|Dialogue Text,"White, red, pastis, camomile. Or I have some bottles left of that Incorporate drink.",白的，红的，茴香酒，甘菊茶。或者，我还剩几瓶那种集团的饮料。
dialogue|32|46|Dialogue Text,"[Smile disarmingly] It's rare to find a place like this, in these times. You must be proud.",[令人卸下防备地笑] 这年头，像这样的地方可不多见。您一定很为它骄傲。
dialogue|32|4|Dialogue Text,Tastes like what it tastes like. But there is a power in it. Keeps the spidermist from you.,它是什么味道，就是什么味道。可这里面有股力量，能让蛛雾近不了你的身。
dialogue|32|51|Dialogue Text,Coca-Cola?,可口可乐？
dialogue|32|53|Dialogue Text,"Perhaps you'll have something, this time?",这一回，您或许会喝点什么？
dialogue|32|55|Dialogue Text,Then we will see you later. Perhaps.,那我们回头见。也许吧。
dialogue|32|58|Dialogue Text,I'm looking for a woman. [[Nina Lagasse]].,我在找一位女士。[[尼娜·拉加斯]]。
dialogue|32|59|Dialogue Text,We were? I remember that you mentioned this Lagasse. But I remember no discussion.,我们谈过？我记得您提起过这位拉加斯。可我不记得谈过什么。
dialogue|32|5|Dialogue Text,[The nearest card player snuffles merrily around his pipe.],[离得最近的牌客就着烟斗，快活地吸着鼻息。]
dialogue|32|60|Dialogue Text,Poignant.,真是感人。
dialogue|32|61|Dialogue Text,Linou polishes a glass.,利努擦拭着一只杯子。
dialogue|32|62|Dialogue Text,I will hope for your reunion.,我会祈盼你们重逢。
dialogue|32|67|Dialogue Text,"[Spencer's behaviour influences NPC Opinions. Sometimes, a very high Opinion will unlock hidden choices. More rarely, a very <i>low</i> Opinion will unlock hidden choices. Just this once, we've made one choice visible below.]",[斯宾塞的举止会影响 NPC 对你的看法。有时，极高的看法会解锁隐藏选项；更罕见的是，极<i>低</i>的看法也会解锁隐藏选项。仅此一次，我们让一个选项在下方可见。]
dialogue|32|6|Dialogue Text,Do I need to worry about spidermist here? in Antibes?,在昂蒂布这儿，我该担心蛛雾吗？
dialogue|32|71|Dialogue Text,[Examine the photo behind the bar.],[细看吧台后那张照片。]
dialogue|32|72|Dialogue Text,"Coca-Cola, hm? You get many Americans here?",可口可乐，嗯？您这儿美国人来得多吗？
dialogue|32|75|Dialogue Text,[Settle bill and go.],[结账，走人。]
dialogue|32|7|Dialogue Text,Not if you drink your <i>Coca-Cola.</i> [Linou winks.],只要您喝您的<i>可口可乐</i>，就不会。[利努眨了眨眼。]
dialogue|32|88|Dialogue Text,A round of drinks for my new friends over there.,给那边我新结识的朋友们来一轮酒。
dialogue|32|89|Dialogue Text,"Red for Philomèle. Leopold and the idiot like their pastis. And a little of the good cognac for Jean-Bernard. One hundred francisques. For this one, it's best if you pay in advance.",红的给菲洛梅尔。利奥波德和那个呆子喝茴香酒。再给让-贝尔纳来点好干邑。一百枚法兰西斧币。这笔账，最好先付。
dialogue|32|8|Dialogue Text,M'sieu.,先生。
dialogue|32|90|Dialogue Text,"Don't forget to overcharge him, Linou!",别忘了多收他的钱，利努！
dialogue|32|91|Dialogue Text,That's a little more than I was expecting.,这比我预想的要多些。
dialogue|32|92|Dialogue Text,"[Pay, and watch while Linou populates a wooden tray with wine, pastis, brandy.]",[付钱，看着利努往木托盘上摆满葡萄酒、茴香酒和白兰地。]
dialogue|32|93|Dialogue Text,"And something for monsieur. [Linou adds a drink to the tray, and turns away.]",再给先生来一杯。[利努往托盘上添了一杯，转身走开。]
dialogue|32|95|Dialogue Text,Is there anything I might want to do with the drinks before I take them over?,在把酒端过去之前，我有没有什么想对这些酒做的事？
dialogue|32|96|Dialogue Text,"[Touch their drinks with a giddy influence, to ensure they speak freely.]",[用一缕令人醺然的影响轻触他们的酒杯，好让他们畅所欲言。]
dialogue|32|97|Dialogue Text,[Mme Zèlia asked me to blight Philomèle. This is my chance.],[泽莉亚夫人嘱我向菲洛梅尔施下诅咒。这正是我的机会。]
dialogue|32|98|Dialogue Text,"[Nothing more to do here. Just take the drinks back over to the poet, the painter, and ...whatever the other two are.]",[这里再无事可做。只管把酒端回诗人、画家，还有……另外那两个随便是什么的人那儿。]
dialogue|32|99|Dialogue Text,The work of moments to brush a little bewitchment around the rims of the glasses.,片刻工夫，一缕魅惑便已抹上各只杯沿。
dialogue|33|10|Dialogue Text,Stay here.,留在这里。
dialogue|33|11|Dialogue Text,Very well.,好吧。
dialogue|33|14|Menu Text,Nothing just now.,现在没什么事。
dialogue|33|15|Dialogue Text,[Nod],[点头]
dialogue|33|1|Dialogue Text,<i>Chef</i>?,<i>头儿</i>？
dialogue|34|10|Dialogue Text,"Too much death, eh?",死的人太多，嗯？
dialogue|34|11|Dialogue Text,No. That was pretty bad. But it makes it easier when you can tell yourself they're being folded into the Light.,不。那的确很糟。但若你能告诉自己，他们正被折入光源，心里就会好受些。
dialogue|34|12|Dialogue Text,Part of it. ,有一部分吧。
dialogue|34|13|Dialogue Text,People die. Priests watch. That wasn't it.,人都会死。神父们在一旁看着。那不是原因。
dialogue|34|14|Dialogue Text,What was the rest?,那剩下的是什么？
dialogue|34|15|Dialogue Text,So what was?,那到底是什么？
dialogue|34|16|Dialogue Text,Then...?,然后呢……？
dialogue|34|18|Dialogue Text,"How are you on theology, Vincent?",文森特，你神学功底如何？
dialogue|34|19|Dialogue Text,"What I'd been taught, and what I learnt, didn't fit together.",别人教我的，与我亲身领会的，对不上。
dialogue|34|1|Dialogue Text,Mathis says you used to be a priest. Why?,马蒂斯说你从前是神父。为什么？
dialogue|34|21|Dialogue Text,"[A chortling head-shake,]",[咯咯笑着摇了摇头。]
dialogue|34|22|Dialogue Text,Thought so. Never mind. [Don't get into the theology of it.],猜到了。算了。[别去深究其中的神学。]
dialogue|34|23|Dialogue Text,All right. Well... the Church teaches that the Sun is one element of a procession along the seira from the henad. [Get into the theology of it.],好吧。唔……教会教导说，太阳是从太一沿赛拉而降的巡行中的一个环节。[讲讲其中的神学。]
dialogue|34|24|Dialogue Text,"'[[Henad]]', is it. No, you've lost me. Father.",“[[太一]]”，是吧。不，你把我绕晕了。神父大人。
dialogue|34|25|Dialogue Text,Don't call me that.,别这么叫我。
dialogue|34|26|Dialogue Text,"I mean: everything good - everything, really - is supposed to emanate from the Oneness. It comes down to us from the henads, which participate in the Oneness, along their seirai. And at points along its descent, it manifests as distinct things we perceive. Like the Sun, or the phenomenal Hours.",我的意思是：一切善——真的，是一切——都据称自至一流出。它从那些参与至一的太一处而来，沿它们的赛拉降临到我们身上。而在它下降途中的某些节点上，它显现为我们所感知的种种不同之物。比如太阳，或那些现象司辰。
dialogue|34|27|Dialogue Text,Sorry.,抱歉。
dialogue|34|28|Dialogue Text,Like [Vincent gestures] the railway? And stations?,就像[文森特比划着]铁路？还有车站？
dialogue|34|29|Dialogue Text,"No, not really.",不，不太一样。
dialogue|34|2|Dialogue Text,"Technically, I still <i>am</i> a priest.",严格来说，我至今<i>仍</i>是神父。
dialogue|34|30|Dialogue Text,"Yes, sort of.",是，差不多。
dialogue|34|31|Dialogue Text,"The phenomenal Hours - where the seirai touch the world - are downstream manifestations of the henades. You can call on them. But it doesn't do anything. You can't make them do anything, any more than they can make the henads do things. I'd be like...",现象司辰——赛拉触及世界之处——是太一下游的显现。你可以呼唤它们。但那无济于事。你无法让它们做任何事，正如它们也无法让太一做任何事。那就好比……
dialogue|34|33|Dialogue Text,That's what I learnt. I was very young. But then the War. One of the battlefield exorcists trained me as his assistant. Father Stanislav.,那便是我学到的一切。当时我还很年轻。但接着是那场战争。一位战地驱魔师把我训练成他的助手。斯坦尼斯拉夫神父。
dialogue|34|34|Dialogue Text,...waving at a railway sleeper and expecting the station to change position.,……对着枕木挥手，却指望车站移动位置。
dialogue|34|36|Dialogue Text,...expecting light to change colour when it shines on something different.,……指望光照在不同的东西上就会改变颜色。
dialogue|34|37|Dialogue Text,...shouting at thunder.,……冲着雷声大喊。
dialogue|34|38|Dialogue Text,So what's the point of it?,那这到底有什么意义？
dialogue|34|39|Dialogue Text,... I don't know. It's unknowable. So I don't know.,……我不知道。它是不可知的。所以我不知道。
dialogue|34|3|Dialogue Text,The War. The first one.,那场战争。头一场。
dialogue|34|40|Dialogue Text,The point is the point. It's a perfect eternal double motion of emanation and yearning.,意义就是意义本身。那是流溢与渴慕的完美永恒的双重运动。
dialogue|34|41|Dialogue Text,There is no point. There doesn't need to be. It's how things are.,没有意义。也不需要有意义。事情本就是如此。
dialogue|34|42|Dialogue Text,Good question.,问得好。
dialogue|34|43|Dialogue Text,I didn't know. But I'm not surprised. So the exorcisms. They didn't work?,我不知道。但我并不意外。那么那些驱魔仪式呢？没有用？
dialogue|34|44|Dialogue Text,That's the problem. They worked very well indeed. I had a knack for it. The spirits came and went at my command. And...,问题就在这里。它们非但有用，而且灵验得很。我天生就有这本事。灵体随我号令来去自如。而且……
dialogue|34|45|Dialogue Text,"I thought, I've been lied to. The eternal can be altered. It's not even that difficult.",我想：我被骗了。永恒之物是可以改变的。甚至并不怎么难。
dialogue|34|46|Dialogue Text,[I hesitate. Vincent listens.],[我踌躇片刻。文森特静静听着。]
dialogue|34|47|Dialogue Text,The power of it! Once you taste godhood -even a drop of it - you can't be just a note in the song.,那种力量！一旦你尝过神性——哪怕只是一滴——你就再不甘心做歌谣中的一个音符。
dialogue|34|48|Dialogue Text,"When you see pain everywhere, but you understand it's just the shadow to the light, it's inevitable, then you resign yourself. But when you can make the shadow diminish, just by speaking with it - you start to ask questions.",当你处处看见痛苦，却明白那不过是光的影子，不可避免，你便会认命。可当你只需与它交谈，就能让影子缩小——你便会开始发问。
dialogue|34|49|Dialogue Text,I started to wonder. If this one thing is not as I've been taught - how deep do the differences go? How high?,我开始猜想。若这一件事并不如我所受的教导——那么差异究竟有多深？又有多高？
dialogue|34|4|Dialogue Text,"You didn't act much like a priest, when we were out in Ghardaïa.",我们在加尔达亚那阵子，你可不像个神父。
dialogue|34|50|Dialogue Text,"It all seemed... daft. All that so-called eternity. And Stanislav and me, emending it.",一切似乎都……荒诞。那所谓的永恒。而我和斯坦尼斯拉夫，竟在修正它。
dialogue|34|51|Dialogue Text,If I could change it - if it could be changed so easily - where was the perfection? How could it be intended? You start to ask questions.,若我能改变它——若它如此轻易就能被改变——那完美又在哪里？它又怎能是出自本意？你便会开始发问。
dialogue|34|52|Dialogue Text,"I couldn't take it seriously any more. One little exorcist's assistant at the seiral terminus, chasing spirits round like butterflies.",我再也没法把它当回事了。一个赛拉末梢的小小驱魔师助手，追着灵体，像追蝴蝶一样。
dialogue|34|53|Dialogue Text,"It was like when you raise your voice in a chorus, and then you begin to realise it's silence - you're singing alone.",就像你在合唱中提高嗓门，然后才发觉那是寂静——你一个人在唱。
dialogue|34|54|Dialogue Text,"All the teachings had been so restrained. Cream and pale gold. And there was I, in a world of red.",所有教诲都那么克制。奶油白，浅金黄。而我，却身处一片红色世界。
dialogue|34|55|Dialogue Text,"That's strong stuff, Spence.",这话够重的，斯宾塞。
dialogue|34|56|Dialogue Text,So it <i>was</i> too much death? In the end?,所以到头来，<i>终究</i>还是死的人太多？
dialogue|34|57|Dialogue Text,"So what you're saying, Spence, is that your Church training was <i>too</i> effective?",那么你的意思是，斯宾塞，你的教会训练<i>过于</i>有效了？
dialogue|34|58|Dialogue Text,"I suppose, in a way -",我想，从某种意义上说——
dialogue|34|59|Dialogue Text,Only parts of it. It was -,只有一部分。那是——
dialogue|34|5|Dialogue Text,"No. I mean that when you're ordained, it kindles a light in the soul. Exalts the <i>phost</i>. That can't be undone. I can still perform sacraments. But I haven't, in... a long time. Almost thirty years.",不。我的意思是，受圣职之时，灵魂中会点起一缕光。使<i>福斯特</i>升华。这无法逆转。我依然能主持圣事。但我已经有……很久没有做了。将近三十年。
dialogue|34|60|Dialogue Text,"[The train whisle blows. The conductor is walking down the carriage, wearily bellowing. 'Mimata' he cries as he passes our compartment.]",[火车汽笛鸣响。列车员拖着步子沿车厢走来，疲惫地吆喝着。经过我们的隔间时，他喊出“米玛塔”。]
dialogue|34|61|Dialogue Text,IMPORTANT YES THIS IS THE OPPORTUNITY TO RESPOND TO PASSION CHOICES YES,重要 是的 这是回应激情抉择的机会 是的
dialogue|34|6|Dialogue Text,"No. I mean that there's a formal process - retenebration - that returns me to the secular state. That has to come from Rome. I don't think it ever went through. As long as I don't present myself as a priest, they probably won't bother.",不。我是说，有一道正式程序——雷特内布拉西翁——能让我回归世俗之身。那必须由罗马颁下。我想它恐怕从未办成。只要我不以神父自居，他们大概也不会来追究。
dialogue|34|7|Dialogue Text,No. I'm a complicated man.,不。我是个复杂的人。
dialogue|34|8|Dialogue Text,"No. I don't now, either.",不。现在也一样不信。
dialogue|34|9|Dialogue Text,You're changing the subject... Father. [Vincent gives his chortling head-shake.] What changed?,你在岔开话题……神父大人。[文森特咯咯笑着摇了摇头。] 是什么变了？
dialogue|35|10|Dialogue Text,Examine it more closely.,更仔细地端详它。
dialogue|35|11|Dialogue Text,An array of buttons marked with enigmatic glyphs.,一排标着神秘符号的按钮。
dialogue|35|12|Dialogue Text,"Fiddle, cautiously, with the buttons.",小心翼翼地拨弄那些按钮。
dialogue|35|13|Dialogue Text,Too complicated just now. [Back],眼下太复杂了。[返回]
dialogue|35|14|Dialogue Text,Examine the glyphs closely to determine their function.,仔细研究这些符号，弄清它们的用途。
dialogue|35|15|Dialogue Text,I have the sense that someone in Alexandria mentioned something like this...,我隐约觉得，在亚历山大港有人提起过类似的东西……
dialogue|35|17|Dialogue Text,<i>This</i> one changes the date... <i>this</i> switches to an unorthodox numbering schema... and <i>this</i> sets an alarm. Which might be useful.,<i>这个</i>按钮改日期……<i>这个</i>切换到一种非正统的计数法……而<i>这个</i>设闹钟。说不定用得上。
dialogue|35|18|Dialogue Text,"The clock whirrs and whines. The numbers flip frantically to what might be a date or a message, before returning to the steady flipping. The mechanism is incomprehensible.",时钟嗡嗡作响，呜呜哀鸣。数字疯狂翻动，拼出某个也许是日期、也许是讯息的东西，然后才回到平稳的翻动。这机制实在无法理解。
dialogue|35|1|Dialogue Text,"An unusual device displaying the current time in black glyphs on white tiles. As I watch, the two smaller tiles at the end flip regularly, updating the time display to the precise second.",一件不寻常的装置，白色字片上的黑色符号显示着当前时间。我注视之际，末端两枚较小的字片规律翻动，把时间显示精确更新到秒。
dialogue|35|20|Dialogue Text,"These three are pretty clear, actually - they'll allow me to set an alarm to wake me.",其实这三个相当明白——它们能让我设定闹钟，到点叫醒我。
dialogue|35|21|Dialogue Text,Hm. Elegantly incomprehensible.,嗯。优雅得让人费解。
dialogue|35|23|Dialogue Text,[[Gwendolen]] had one. She enjoyed its intricacies and described its alarm function in unnerving detail.,[[格温德琳]]也有过一个。她喜爱其中的精巧繁复，还把它的闹钟功能描述得细致到令人不安。
dialogue|35|24|Dialogue Text,"...but if they did, I've forgotten who and what.",……但就算有人提过，我也忘了是谁、说了什么。
dialogue|35|25|Dialogue Text,"[Use the alarm clock before you sleep, if you want to wake in the middle of the night and prowl round the Sanitarium unobserved.]",[若想在半夜醒来、神不知鬼不觉地巡游疗养院，请在睡前使用闹钟。]
dialogue|35|26|Dialogue Text,Leave it alone.,不去动它。
dialogue|35|27|Dialogue Text,Set an alarm to wake in the middle of the night.,设个闹钟，半夜醒来。
dialogue|35|28|Dialogue Text,"Switch off the alarm, to ensure a good night's sleep.",关掉闹钟，确保一夜好眠。
dialogue|35|29|Dialogue Text,[Click. Whirr. Click.],[咔嗒。嗡鸣。咔嗒。]
dialogue|35|2|Dialogue Text,Doubly unusual...,加倍地不寻常……
dialogue|35|30|Dialogue Text,[Whirr. Click. Whirr.],[嗡鸣。咔嗒。嗡鸣。]
dialogue|35|31|Dialogue Text,"If I sleep in this bed tonight, I'll wake at midnight, sacrificing a restful sleep for the ability to explore untroubled by busybodies.",若今晚我睡在这张床上，便会在午夜醒来——牺牲一夜安眠，换来不受多事之人打扰的探索之便。
dialogue|35|32|Dialogue Text,"If I rest in this bed tonight, my sleep will remain undisturbed.",若今晚我歇在这张床上，我的睡眠将不受惊扰。
dialogue|35|3|Dialogue Text,"Since the War in the [[Sun]], clocks in Europe usually run inconsistently, wind down, or break, sometimes in quite dangerous ways. But this [[Incorporate]]-manufactured device looks to be keeping good time.",自[[太阳]]之战以来，欧洲的钟表往往走时不准、越走越慢，甚至损坏，有时还坏得相当危险。但这台[[集团]]制造的装置，看来走得颇为精准。
dialogue|35|4|Dialogue Text,[Flip.],[翻动。]
dialogue|35|5|Dialogue Text,Watch the numbers flipping.,看着数字翻动。
dialogue|35|9|Dialogue Text,"The effect is soothing - hypnotic, even - but not revelatory. Except of course that it reveals the future with every flip.",这效果令人安心——甚至催眠——却谈不上启示。当然，每一次翻动都在揭示未来，那又另当别论。
dialogue|36|11|Dialogue Text,Ready for all the little ceremonies of a gentleman's morning.,准备好迎接绅士清晨的各种小仪式。
dialogue|36|12|Dialogue Text,"I can't get into bed - I'm still fully dressed. [In a room of your own, you can change clothes at any time. To sleep, change to your dressing gown.]",我没法上床——衣服还没换呢。[在自己房间里，你可以随时更换衣服。要睡觉，先换上睡袍。]
dialogue|36|13|Dialogue Text,"Make the bed... as I had to in the seminary, long ago.",整理床铺……就像很久以前，在神学院里不得不做的那样。
dialogue|36|14|Dialogue Text,Leave a snowy swirl of disordered sheets. Someone else will make the bed.,留下一片雪白凌乱的床单。床，自会有人来铺。
dialogue|36|17|Dialogue Text,Tuck and straighten the bottom sheet...,把床单掖好、拉平……
dialogue|36|18|Dialogue Text,"Rise in the dark. [You won't gain the benefits of a restful night's sleep. When you've finished any nightstalking you want to do, return to your bed and sleep the last few hours.]",摸黑起身。[你得不到一夜安眠的益处。等做完你想做的夜游，再回到床上，把最后几个小时睡掉。]
dialogue|36|19|Dialogue Text,My mediations on light have taught me ways to wake when the sun is dark. [Wake at midnight.],我对光的冥想，教我学会了在太阳晦暗时醒来的法子。[午夜醒来。]
dialogue|36|1|Dialogue Text,[ [[Troubles]]? [[Sleep]] to cure them.],[身有[[烦扰]]？[[睡眠]]可解。]
dialogue|36|20|Dialogue Text,My study of silence has taught me ways to wake from sleep. [Wake at midnight.],我对静默的研习，教我学会了自睡梦中醒来的法子。[午夜醒来。]
dialogue|36|23|Dialogue Text,"Lie back, drift off; bring the day. [Return to unrestful sleep; wake in the morning.]",躺下，沉沉睡去；迎来天明。[回到不安稳的睡眠；清晨再醒。]
dialogue|36|24|Dialogue Text,"At the proper hour, my eyes snap open. It takes me a moment to remember why.",到了时辰，我猛地睁开眼。片刻之后，才想起缘由。
dialogue|36|25|Dialogue Text,"Tousled, turbulent, murky hours...",纷乱、动荡、晦暗的时光……
dialogue|36|26|Dialogue Text,[The alarm clock is set to wake you in the night. Continue?],[闹钟已设定，会在夜里将你唤醒。继续？]
dialogue|36|27|Dialogue Text,Continue.,继续。
dialogue|36|2|Dialogue Text,"Lie back, close eyes.",躺下，闭眼。
dialogue|36|30|Dialogue Text,"Lie back, close eyes... whisper 'Sinombre' three times. [This won't be restful, and you won't lose Troubles.]",躺下，闭上眼……轻声念三次「西诺姆布尔」。[这一觉不会安稳，烦扰也不会消除。]
dialogue|36|31|Dialogue Text,"[Nothing obvious happens. Eventually, I drift off to sleep.]",[没有发生任何明显的事。最终，我迷迷糊糊睡了过去。]
dialogue|36|32|Dialogue Text,"And I'm here, as I promised. I can't take your hand. Sinombre has passed beyond flesh. But now turn to my light and consider my voice, and we'll see what will open to you...",而我如约来了。我无法握住你的手——西诺姆布尔已超脱肉身。但现在，转向我的光，凝听我的声音，看看有什么会为你开启……
dialogue|36|33|Dialogue Text,[Something opens to me.],[有什么为我打开了。]
dialogue|36|34|Dialogue Text,[Dreams.],[梦境。]
dialogue|36|35|Dialogue Text,"I prepared Labrikon earlier. I'll use it to visit Aubière's dreams. [This won't be restful, and you won't lose Troubles.]",我之前准备了拉布里孔。我要用它进入奥比埃的梦境。[这一觉不会安稳，烦扰也不会消除。]
dialogue|36|36|Dialogue Text,"A drop on each eyelid, in each ear, on the tip of the tongue. Sprinkle the rest around the room.",每只眼皮上一滴，每只耳朵里一滴，舌尖上一滴。剩下的洒在房间各处。
dialogue|36|37|Dialogue Text,"The odour of Labrikon is grainy and dank - like cellar-stone, or the smell of the lower layers of the Mansus.",拉布里孔的气味粗粝而阴湿——像地窖的石头，像漫宿底层的味道。
dialogue|36|38|Dialogue Text,"Lie back, close my eyes, wait for sleep.",躺下，闭上眼，等待睡意降临。
dialogue|36|39|Dialogue Text,Sleep steals in.,睡意悄然潜入。
dialogue|36|3|Dialogue Text,I'll come back later.,我稍后再来。
dialogue|36|40|Dialogue Text,Top layers smooth and flat...,最上层平整服帖……
dialogue|36|41|Dialogue Text,Corners neatly mitred...,边角折得严丝合缝……
dialogue|36|42|Dialogue Text,Pillows straight. There.,枕头摆正。好了。
dialogue|36|43|Dialogue Text,I can't be bothered with all this. I'll leave the bed half-made.,我可没心思做这些。床就让它铺到一半吧。
dialogue|36|45|Dialogue Text,"Goosedown mattress, plump pillows, warm blankets, kindly provided for by the Sanitarium Aujourd'hui.",鹅绒床垫、蓬松的枕头、温暖的毯子——承蒙今日疗养院慷慨照料。
dialogue|36|47|Dialogue Text,Lie down for a few minutes.,躺上几分钟。
dialogue|36|48|Dialogue Text,"Busy thoughts... busy thoughts. [Sleep is possible once you have one Weariness, Pain, Dread or Fascination - or in some more unusual circumstances.]",思绪纷扰……思绪纷扰。[一旦你拥有倦怠、痛苦、恐惧或入迷中的任何一种——或在某些更不寻常的情形下——方可入睡。]
dialogue|36|49|Dialogue Text,"Down, into the place beneath night and heart.",沉下去，进入夜与心之下的那片地方。
dialogue|36|4|Dialogue Text,"[This will advance to the following morning, unless something wakes you in the night. Continue?]",[这将推进到次日清晨，除非夜里有什么东西将你唤醒。继续？]
dialogue|36|50|Dialogue Text,Waking from Mansus-dreams is often painfully abrupt. Like falling from the sky - or being cast up on a cold shore under a cold sun.,从漫宿之梦中醒来，往往突兀得令人难受。如同自天空坠落——或被抛上一片冷岸，头顶悬着冷阳。
dialogue|36|51|Dialogue Text,"I've set an alarm. But I'm not tired enough to sleep. [To sleep, gain at least one Trouble.]",我设了闹钟，却还困得不够，睡不着。[要入睡，需至少一种烦扰。]
dialogue|36|53|Dialogue Text,Wait! I haven't looked at the calendrier!,等等！我还没看过那本日历！
dialogue|36|54|Dialogue Text,[The calendrier should tell me where Nina is. I'll look in my inventory.],[那本日历应该会告诉我尼娜在哪里。我去背包里找找。]
dialogue|36|5|Dialogue Text,[The necessary mental adjustments.],[做些必要的心理调整。]
dialogue|36|6|Dialogue Text,Sit up again.,重新坐起。
dialogue|36|7|Dialogue Text,Azure day to indigo half-day to the silver-pricked cat-black of a Côte d'Azur night...,从碧蓝的白昼，到靛蓝的薄暮，再到缀满银星的猫黑之夜——这是蔚蓝海岸的夜色……
dialogue|36|9|Dialogue Text,"A droning tone, like a sermonious and didactic bee, drags me from muddled dreams. My alarm has woken me.",一阵低沉的嗡嗡声——如同一只爱说教、好训人的蜜蜂——把我从纷乱的梦中拖了出来。是闹钟把我叫醒了。
dialogue|37|102|Dialogue Text,"Yes, of course she needs to let Vincent through too, he's carrying the luggage. I'm his Grace's private secretary, not a valet! I don't carry luggage.","对,当然也得放文森特过去,行李是他拎着的。我是主教大人的私人秘书,不是贴身男仆!行李可不归我拎。"
dialogue|37|103|Dialogue Text,"Thank you, Madame. Come along, Vincent.","谢谢您,夫人。走吧,文森特。"
dialogue|37|104|Dialogue Text,"Madame is so kind. I'm sorry my valet is such a buffoon. Come along, Vincent, you buffoon.","夫人真是好心。抱歉,我的贴身男仆竟是个十足的蠢货。走吧,文森特,你这个蠢货。"
dialogue|37|105|Dialogue Text,'Buffoon?',「蠢货」?
dialogue|37|106|Dialogue Text,"Well, you did keep dropping our tickets.","唔,你刚才可是不停地掉票。"
dialogue|37|107|Dialogue Text,[Smile and clap him on the back.],"[笑着,拍拍他的背。]"
dialogue|37|108|Dialogue Text,[Shrug.],[耸耸肩。]
dialogue|37|109|Dialogue Text,A passer-by takes shelter from the rain in the station hall. He glances casually across the station in the direction of the <i>poinçonneuse</i>.,"一个路人走进车站大厅避雨。他漫不经心地越过车站,朝<i>剪票员</i>的方向瞥了一眼。"
dialogue|37|10|Dialogue Text,"The train's whistle shrieks with joy, and then its engines drive it forward, into the night between cities.","火车的汽笛欢快地尖啸,随后引擎驱动车身向前,驶入城与城之间的夜色。"
dialogue|37|110|Dialogue Text,Is it really... Mireille? After all these years? Can it be?,真的是……米雷耶吗?这么多年了?会是她吗?
dialogue|37|111|Dialogue Text,In three heartbeats he's at her side. Her eyes widen. In a moment they're locked in a passionate kiss.,"三个心跳的工夫,他已到了她身边。她睁大了眼睛。转眼间,两人便拥吻在一起。"
dialogue|37|112|Dialogue Text,"The crowd hoots and cheers as the two of them kiss. Her ticket-clipper falls from her hand as she grabs desperately at the small of his back, to press him closer...","两人亲吻时,人群又是起哄又是欢呼。她拼命抓着他后腰,想把他搂得更紧,剪票钳从她手中滑落……"
dialogue|37|113|Dialogue Text,"This is our chance. Come on, Vincent.","机会来了。走,文森特。"
dialogue|37|114|Dialogue Text,...did you set that up somehow?,"……这一切,是你一手安排的吧?"
dialogue|37|115|Dialogue Text,I like happy endings.,我喜欢圆满的结局。
dialogue|37|116|Dialogue Text,"I'm more than just a medic, Vincent. You must be starting to understand that by now.","我可不只是个医生,文森特。到了现在,你总该开始明白了吧。"
dialogue|37|117|Dialogue Text,I wanted to see what would happen.,我只是想看看会发生什么。
dialogue|37|118|Dialogue Text,All aboard the rose train.,"玫瑰列车,全体上车!"
dialogue|37|11|Dialogue Text,"Lean back and close my eyes, nestling into the plush. It's been too long.","靠回椅背,闭上眼睛,陷进柔软的垫子里。太久没有这样了。"
dialogue|37|120|Dialogue Text,[But there are always ways to travel without a ticket.],[但总有不买车票也能上路的法子。]
dialogue|37|121|Dialogue Text,I came to Antibes for a reason. I can't leave yet.,我来昂蒂布是有原因的。我还不能走。
dialogue|37|122|Dialogue Text,[A different ticket class?],[换个车厢等级?]
dialogue|37|12|Dialogue Text,Sit forward and watch the journey.,"前倾身子,看着旅途。"
dialogue|37|14|Dialogue Text,Someone's left a cigarette lighter on a chair in the waiting room...,"候车室的椅子上,有人落下一个打火机……"
dialogue|37|15|Dialogue Text,"A minute. Two minutes. Three, and I can smell smoke. Four, five... and I hear shouts of alarm. A bell begins to clang. Someone's staggering to the waiting room, holding a bucket of sand. The <i>poinçonneuse</i>, delighted by the excitement, hurries from her post to help.","一分钟。两分钟。三分钟,我闻到了烟味。四分钟,五分钟……我听见惊慌的喊叫。铃铛开始当当作响。有人端着一桶沙,踉跄着奔向候车室。<i>剪票员</i>被这场骚动逗得高兴,离开岗位赶去帮忙。"
dialogue|37|16|Dialogue Text,"Lulled by the train's sway, I slip into a deep sleep...","被列车的摇晃催着,我沉入深深的睡眠……"
dialogue|37|17|Dialogue Text,The pewtered surface of the Baie des Anges falls away. The rain slams the sky closed. The hills rise around us...,天使湾锡灰色的水面落在身后。大雨砰然阖上天空。山丘在我们四周隆起……
dialogue|37|19|Dialogue Text,"Today's edition of <i>The Sheaf</i> lies on another chair. I could wad it into a ball, start a fire, take advantage of the commotion.","今天的<i>《禾捆报》</i>躺在另一张椅子上。我可以把它揉成一团,点起火来,趁乱行事。"
dialogue|37|1|Dialogue Text,"The <i>poinçonneuse</i> waits at the barrier, moodily clicking her ticket-clipper. Beyond the barrier, at the platform, the train gleams and growls.","<i>剪票员</i>守在栅栏口,闷闷地咔嗒着剪票钳。栅栏那边,站台上,列车泛着光,低声轰鸣。"
dialogue|37|20|Dialogue Text,No. Irresponsible and dangerous.,"不。既不负责,也太危险。"
dialogue|37|21|Dialogue Text,If there's no other option... so be it.,若是没有别的选择……那就这样吧。
dialogue|37|22|Dialogue Text,"Wad the papers into a ball, touch the lighter to the ball, stuff it halfway down the side of the cushion.","把报纸揉成团,打火机凑上去点燃,然后塞进坐垫侧边的缝隙,塞到一半深。"
dialogue|37|23|Dialogue Text,Walk calmly across to the other side of the station.,"从容地穿过车站,走到另一头。"
dialogue|37|24|Dialogue Text,Hurry to the platform.,快步奔向站台。
dialogue|37|26|Dialogue Text,Vincent shrugs uneasily. 'Bad times.',文森特不安地耸耸肩。「时局艰难。」
dialogue|37|28|Dialogue Text,Here: an unremarkable door with the Knock-glyph scratched into the black paint. The handle is cold. The corridor beyond is wintry.,"就是这里:一扇不起眼的门,黑色的漆上刻着启之印记。门把冰冷。门后的走廊,冷得如同冬日。"
dialogue|37|29|Dialogue Text,"If such a door does exist here, then it's hidden from my sight.","如果这里真有这样的门,那它也避开了我的视线。"
dialogue|37|2|Dialogue Text,[Buy tickets to Mimata for me and for Vincent.],[给我和文森特买去米玛塔的车票。]
dialogue|37|31|Dialogue Text,"The Bishop of Nantes is about to board the train! He left his suitcase behind! Fortunately I, his private secretary, have the missing luggage and if the <i>poinçonneuse</i> will let me through, I can give it to her. No, I don't need a ticket, I'm staying here in Antibes to oversee certain investigations.","南特主教正要上车!他把手提箱落下了!幸好,我这个私人秘书替他拿着这件行李——只要<i>剪票员</i>放我过去,我就能把它交还给他。不,我不需要车票,我要留在昂蒂布,督办几桩调查。"
dialogue|37|32|Dialogue Text,"No, the <i>poinçonneuse</i> won't believe I'm the private secretary of the Bishop of Nantes. And no, she won't let me on to the platform to give his Grace an urgent letter.","不行,<i>剪票员</i>不会相信我是南特主教的私人秘书。也不会放我上站台,给主教大人送一封急信。"
dialogue|37|34|Dialogue Text,Links that transcend time and memory... ,超越时间与回忆的羁绊……
dialogue|37|35|Dialogue Text,"She is a lonely and vigilant sentinel, it seems. If anyone here is connected to her... my little magics can't find a purchase on them.","看来,她是一位孤独而警觉的哨兵。这里若有人与她相连……我的小法术,在他们身上找不到可着力的地方。"
dialogue|37|36|Dialogue Text,The station hall is almost deserted. Not so many visitors to the Riviera in these times.,"车站大厅几乎空无一人。这个年头,来里维埃拉的游客不多了。"
dialogue|37|37|Dialogue Text,I came to Antibes for a reason. I won't leave yet.,我来昂蒂布是有原因的。现在还不到离开的时候。
dialogue|37|38|Dialogue Text,"The train runs to Mimata, and Mimata is where I'll find [[Nina Lagasse]].","列车驶往米玛塔,而我将在米玛塔找到[[尼娜·拉加斯]]。"
dialogue|37|39|Dialogue Text,[Back into the rain.],[回到雨中。]
dialogue|37|3|Dialogue Text,"In some buildings, there are doors that appear on no plan, through which only the drunk or distracted ever pass. Is there one here?","有些建筑里,有这样一些门:任何图纸上都没有它们,只有醉汉或心不在焉的人才会穿过。这里也有这样一扇门吗?"
dialogue|37|40|Dialogue Text,"First class: two thousand francisques for two tickets, one thousand each.","一等座:两张票两千枚法兰西斧币,每张一千。"
dialogue|37|42|Dialogue Text,Crikey.,天哪。
dialogue|37|43|Dialogue Text,Upholstery! Antimacassars! And slightly less chance of official interference.,软垫!椅背罩巾!而且被官方找麻烦的几率也小些。
dialogue|37|44|Dialogue Text,"Second class: one thousand francisques for two tickets, five hundred each.","二等座:两张票一千枚法兰西斧币,每张五百。"
dialogue|37|46|Dialogue Text,"Less plush, but it'll still be a compartment, not an open carriage.","没那么软,但好歹是个包厢,不是敞开式的车厢。"
dialogue|37|47|Dialogue Text,"Third class: five hundred francisques for two tickets, two hundred and fifty each.","三等座:两张票五百枚法兰西斧币,每张二百五十。"
dialogue|37|48|Dialogue Text,I travelled third class from Alexandria. Never again.,我从亚历山大港来时坐的就是三等座。绝不再坐了。
dialogue|37|49|Dialogue Text,"I travelled third class from Alexandria. Slatted wooden benches and students bawling drinking-songs. Sometimes, cages of chickens. Just once, a small but desperately plaintive goat. I didn't get much sleep.","我从亚历山大港来时坐的就是三等座。条板木凳,学生们扯着嗓子唱酒歌。偶尔还有装鸡的笼子。只有一次,笼子里是一只小小的山羊,叫得凄惨至极。我没睡多少觉。"
dialogue|37|4|Dialogue Text,Bluster my way through.,"虚张声势,硬闯过去。"
dialogue|37|50|Dialogue Text,<i>Chef</i>... I can make a contribution. Enough for a third-class ticket of my own.,<i>头儿</i>……我可以凑一份。够我买一张自己的三等座票。
dialogue|37|51|Dialogue Text,[Perhaps I could find a way to travel without a ticket.],"[也许我能想个办法,不买车票也照样上路。]"
dialogue|37|52|Dialogue Text,"[Go back out into the rain.] It's a long way to Mimata, and I won't be able to return immediately to Antibes. Perhaps I have unfinished business here. ","[回到外面的雨中。]去米玛塔路途遥远,而且无法立刻返回昂蒂布。也许我在这里还有未了之事。"
dialogue|37|53|Dialogue Text,[Third class] Needs must in hard times.,"[三等座]时世艰难,也只能如此。"
dialogue|37|54|Dialogue Text,[First class] I've had it with compromises. No more compromises.,[一等座]我受够将就了。不再将就。
dialogue|37|55|Dialogue Text,[Second class tickets] Spencer Hobson is not a third-class traveller.,[二等座]斯宾塞·霍布森可不是坐三等座的人。
dialogue|37|56|Dialogue Text,"And what are your feelings on travelling third class, Vincent?","文森特,你对坐三等座旅行有何感想?"
dialogue|37|57|Dialogue Text,[We'll both travel in third class. Pay two hundred and fifty francisques. Vincent will pay for his own ticket.],"[我们俩都坐三等座。付二百五十枚法兰西斧币,文森特自己付自己的票钱。]"
dialogue|37|58|Dialogue Text,"[Pay five hundred francisques, let Vincent go third class] I'll see you in Mimata.","[付五百枚法兰西斧币,让文森特坐三等座]米玛塔见。"
dialogue|37|59|Dialogue Text,[We'll both travel in second class. Pay seven hundred and fifty francisques. Vincent will pay towards his own ticket.],"[我们俩都坐二等座。付七百五十枚法兰西斧币,文森特为他的票分担一部分。]"
dialogue|37|5|Dialogue Text,"Arrange a diversion. Someone here might have history with the <i>poinçonneuse</i> - an enemy, or a friend.","安排一场声东击西。这里也许有人与<i>剪票员</i>有过往——是仇人,或是老友。"
dialogue|37|60|Dialogue Text,[We'll both travel in first class! Pay one thousand seven hundred and fifty francisques. Vincent will pay towards his own ticket.],"[我们俩都坐一等座!付一千七百五十枚法兰西斧币,文森特为他的票分担一部分。]"
dialogue|37|61|Dialogue Text,"[Pay one thousand francisques, let Vincent go third class] I'll see you in Mimata.","[付一千枚法兰西斧币,让文森特坐三等座]米玛塔见。"
dialogue|37|62|Dialogue Text,"Come on! We used to dig holes in the sand to sleep. If I wanted goosedown pillows, I'd never have left the Sanitarium.","得了吧!咱们当年不都是挖个沙坑就睡。我要是想要鹅绒枕头,当初就不会离开疗养院。"
dialogue|37|63|Dialogue Text,"One thousand each for first class, five hundred each for second, two hundred and fifty for third. Vincent will contribute two hundred and fifty francisques.","一等座每人一千,二等座每人五百,三等座每人二百五十。文森特会拿出二百五十枚法兰西斧币。"
dialogue|37|64|Dialogue Text,[Consider other options.],[再考虑考虑其他选择。]
dialogue|37|65|Dialogue Text,The trains here are better than the desert express. Even after the Wars.,这儿的火车比沙漠快车好。哪怕在战事过后。
dialogue|37|66|Dialogue Text,"Thanks, <i>chef</i>. Travelling like gentleman!","谢了,<i>头儿</i>。咱这是绅士的待遇!"
dialogue|37|67|Dialogue Text,...Oh.,……哦。
dialogue|37|68|Dialogue Text,"Right you are, <i>chef</i>.","好的,<i>头儿</i>。"
dialogue|37|69|Dialogue Text,"Ha ha, like proper aristocrats! Knew I'd do all right with you, Spencer.","哈哈,跟真正的贵族似的!我就知道跟着你斯宾塞,错不了。"
dialogue|37|6|Dialogue Text,"Together, down the platform to the waiting carriages.","两人一起,沿站台走向等候的车厢。"
dialogue|37|70|Dialogue Text,"And he's gone, hands in his pockets, whistling, mood instantly buoyant again.","而他已走远了,双手插在兜里,吹着口哨,情绪转眼又高涨起来。"
dialogue|37|72|Dialogue Text,Lean back and close my eyes.,"靠回椅背,闭上眼睛。"
dialogue|37|73|Dialogue Text,"Lulled by the train's sway, I slip into a light doze...","被列车的摇晃催着,我打起盹来……"
dialogue|37|74|Dialogue Text,Mrrowp.,喵呜。
dialogue|37|75|Dialogue Text,Oh. Hello. [Reach tentatively towards it.],哦。你好。[试探着伸出手去。]
dialogue|37|77|Dialogue Text,"He likes you, Vincent.","它喜欢你,文森特。"
dialogue|37|78|Dialogue Text,"Somehow, the cat from the Sanitarium is here, sitting upright on the floor, eyes like twin coins of bewildered rage.","不知怎么的,疗养院那只猫也在这儿,笔直地坐在地板上,一双眼睛像两枚困惑与怒火铸成的硬币。"
dialogue|37|79|Dialogue Text,<i>Cambronne!</i> The cat from the Sanitarium? That thing really does get everywhere. I think it's possessed.,<i>康布罗纳</i>!疗养院那只猫?那家伙真是哪儿都去得。我觉得它被附身了。
dialogue|37|7|Dialogue Text,Board the train.,登上列车。
dialogue|37|80|Dialogue Text,"Yeah, well, it can like me somewhere else. I don't trust it. [He makes half-hearted shooing motions.]","得了吧,它爱喜欢谁就喜欢谁去。我可不信它。[他不情不愿地挥了挥手,作驱赶状。]"
dialogue|37|81|Dialogue Text,"The cat backs away, bristle-twitching with ineffectual martinet fury, and darts off down the train.","猫退了几步,毛根根竖起,带着一股徒劳的、教官式的怒火,然后窜出车厢,朝列车深处跑去。"
dialogue|37|82|Dialogue Text,What in Heaven's... get out!,天哪……出去!
dialogue|37|83|Dialogue Text,"I remember. At the Sanitarium, they said you'd arrived with Nina, didn't they? Interesting. Let's take a look at you...","我记得。在疗养院,他们说你跟尼娜一起来的,对吧?有意思。让我好好瞧瞧你……"
dialogue|37|84|Dialogue Text,This isn't the first time I've travelled without a ticket. Recruit Vincent to help me with the routine.,"这又不是我第一次逃票乘车。把文森特拉进来,帮我搭把手演这出戏。"
dialogue|37|85|Dialogue Text,"Through the open windows, farther down the train, I hear a distant voice raised in song: Vincent's. An old Légion marching-song. After a moment, other voices join it.","透过开着的车窗,列车更深处传来一个远远的、唱歌的嗓音:是文森特。一首古老的军团行军歌。过了一会儿,别的嗓音也加了进来。"
dialogue|37|86|Dialogue Text,"With no valid ticket, our only realistic choice is third class, where inspections are more cursory and distractions are plentiful.","没有有效的车票,我们现实的选择就只有三等座:查票更马虎,可乘之机也多。"
dialogue|37|87|Dialogue Text,Frost glitters on the brick walls as we pass. The corridor grows narrower towards the end.,"我们经过时,砖墙上的霜闪着光。走廊越到尽头越窄。"
dialogue|37|88|Dialogue Text,"What's... where are we, <i>chef</i>?","这是……我们这是到哪儿了,<i>头儿</i>?"
dialogue|37|89|Dialogue Text,Hush.,嘘。
dialogue|37|8|Dialogue Text,"Good to be on the move again. I think I might have outstayed my welcome, here!","又能上路了,真好。我觉得自己在这儿怕是待得太久,讨人嫌了!"
dialogue|37|90|Dialogue Text,I've often wondered that.,"这个问题,我也常常好奇。"
dialogue|37|92|Dialogue Text,[Step through].,[迈步穿过去]。
dialogue|37|93|Dialogue Text,"We're on the platform. Behind us, a dark-furred stain on the brickwork, roughly rectangular, the height of the door, where a water-pipe has leaked.","我们站在站台上。我们身后,砖墙上有一道暗色的水渍,大致呈长方形,和门一般高,是水管漏水渗出来的。"
dialogue|37|94|Dialogue Text,Brr.,嘶。
dialogue|37|96|Dialogue Text,"My ticket is here. Wait - no - it's here. Vincent must have our tickets. This is it! Oh, how clumsy. Yes there are others waiting, and I'm in the way. Vincent has his ticket! No, you saw my ticket a moment ago, remember?","我的票在这儿。等等——不对——在这儿。票肯定在文森特那儿。就是这个!哦,我真笨手笨脚。没错,后边还有人等着呢,我挡着路了。文森特有他的票!不对,你刚才还看见我的票了,还记得吗?"
dialogue|37|97|Dialogue Text,The <i>poinçonneuse</i> is not flustered or confused. Her eyes are sharp and quick. Retreat. Regroup.,"<i>剪票员</i>既没慌乱,也没被搞糊涂。她的目光又锐利又迅速。撤。重整旗鼓。"
dialogue|37|98|Dialogue Text,Bluff my way through.,"虚张声势,蒙混过去。"
dialogue|38|10|Dialogue Text,I stow the cigars carefully in my pockets to minimise the risk of crushing them.,我把雪茄小心收进衣袋，尽量减少压坏它们的风险。
dialogue|38|11|Dialogue Text,"Poking round his belongings would be embarrassing if I were caught, but I have my reasons. Petty larceny is something else entirely.",翻动他的物品，若被撞见难免尴尬，但我自有理由。小偷小摸则完全是另一回事。
dialogue|38|13|Dialogue Text,Romeo y Julieta Churchills -all the way from Cuba! They're not even rationed! They're just wildly unavailable. How did Strathcoyne come by them in a sanitarium in the unfavoured end of France?,罗密欧与朱丽叶·丘吉尔型——不远万里来自古巴！甚至不在配给之列！只是市面上根本买不到。斯特拉斯科因窝在法国这个不受待见的一角开疗养院，是怎么弄到手的？
dialogue|38|14|Dialogue Text,"A rich sweet hay-grass scent, very different from the choking tarriness that attends a lit cigar.",一股浓郁甘甜的干草气息，与点燃雪茄时那股呛人的焦油味截然不同。
dialogue|38|15|Dialogue Text,"A hygrometer quivers as I open the lid. Inside, a drawer full of crisply labelled cigars. It's a humidor - a storage box designed to preserve a suitable moisture level, so that the cigars neither dry out nor grow spongy.",我打开盖子时，湿度计微微一颤。里面是一层抽屉，装满了贴有清晰标签的雪茄。这是保湿盒——一种保持适宜湿度的储存盒，让雪茄既不会干透，也不会发软。
dialogue|38|17|Dialogue Text,Strathcoyne's cache of expensive cigars. I've already pilfered a few.,斯特拉斯科因私藏的昂贵雪茄。我已经顺走了几支。
dialogue|38|18|Dialogue Text,"Strathcoyne's cache of expensive cigars. Fortunately for him, I was unmoved by the temptation to petty theft.","斯特拉斯科因私藏的昂贵雪茄。对他来说幸运的是,我未被小偷小摸的诱惑所动。"
dialogue|38|1|Dialogue Text,"Closed, but not locked.",关着，却没有上锁。
dialogue|38|2|Dialogue Text,Open it.,打开它。
dialogue|38|5|Dialogue Text,"He won't miss these cigars, and I can probably get a good price for them. Pocket a few.",他不会在意少了这些雪茄，我也许还能卖个好价钱。揣上几支。
dialogue|38|6|Dialogue Text,Examine the cigars more closely.,更仔细地看看这些雪茄。
dialogue|38|7|Dialogue Text,Obviously I'm not going to pilfer the man's cigars!,我当然不会去偷拿这个人的雪茄！
dialogue|38|8|Dialogue Text,These cigars look <i>sumptuous</i>. I have to try them. Pocket a few.,这些雪茄看起来<i>华美</i>极了。非试不可。揣上几支。
dialogue|38|9|Dialogue Text,Why not pocket a few?,何不揣上几支？
dialogue|40|1|Dialogue Text,"[Something unclear, here.]","[此处有什么,模糊难辨。]"
dialogue|41|10|Dialogue Text,"Still, there is grey in my hair now. In my time outside, neither time nor pain forgot me.",只是如今，我鬓间已见灰白。在我流落于外的那段时日里，时间与痛苦都没有忘了我。
dialogue|41|12|Dialogue Text,Examine the wall.,查看这面墙。
dialogue|41|13|Dialogue Text,Step away.,退开一步。
dialogue|41|14|Dialogue Text,Then why do you keep one in your office?,那您为什么还在办公室里放一面呢？
dialogue|41|15|Dialogue Text,A cough from the doctor.,医生轻咳一声。
dialogue|41|16|Dialogue Text,Yes. Especially since the War.,是的。尤其是战争之后。
dialogue|41|17|Dialogue Text,"While I know where it is, it can do little harm.",只要我知道它在哪里，它就害不了人。
dialogue|41|18|Dialogue Text,Just so.,正是如此。
dialogue|41|19|Dialogue Text,"You have indeed an admirable profile, M. Hobson, but perhaps it is more suitable to admire it elsewhere.",霍布森先生，您的侧影确实令人称羡，不过，或许还是到别处去欣赏更为妥当。
dialogue|41|1|Dialogue Text,There's a slightly discoloured rectangle on the wall behind the mirror. Was there a door here - now painted or plastered over?,镜子后面的墙上，有一块微微变色的矩形。这里曾有一扇门——如今被油漆或灰泥糊住了？
dialogue|41|20|Dialogue Text,Reveal what is hidden.,揭开隐藏之物。
dialogue|41|21|Dialogue Text,Examine the wall minutely.,细细检视这面墙。
dialogue|41|22|Dialogue Text,Run my fingertips over the wall.,用指尖缓缓抚过墙面。
dialogue|41|24|Dialogue Text,"In my time on the stage, I saw a great many secret doors, hidden compartments. I suspect there may still be a door here... aha!",当年登台之时，我见过许多暗门与秘格。我疑心这里仍藏着一扇门……啊哈！
dialogue|41|25|Dialogue Text,"Smooth cool paint, silver-pale in moonlight. Nothing else.",光滑冰凉的漆面，在月光下泛着银白。别无他物。
dialogue|41|27|Dialogue Text,"Hinges, almost flush with the wall. There still is a door here! Which means, if I tug at the other edge -",合页，几乎与墙面齐平。这里果然还有一扇门！也就是说，只要我在另一侧一拽——
dialogue|41|29|Dialogue Text,"The door swings inwards - not only a little, before it jams against something in the crowded room beyond - but the opening is wide enough for me to step through.",门向内旋开——开得不算少，随即卡在门后那间拥挤房间里某样东西上——不过开口已足够我跨步而入。
dialogue|41|2|Dialogue Text,Mirrors. They are duplicitous things.,镜子。都是些两面三刀的东西。
dialogue|41|30|Dialogue Text,Murmur an invocation to the [[Watchman]]. See what might be revealed.,向[[守夜人]]低声念诵祷文，看看会揭示出什么。
dialogue|41|31|Dialogue Text,A hidden door! Not locked in any way that might matter.,一扇暗门！门上没有任何值得一提的锁。
dialogue|41|32|Dialogue Text,Step through.,跨步而入。
dialogue|41|35|Dialogue Text,I'm by the wall at the back of Aubière's office.,我正站在奥比埃办公室的后墙边。
dialogue|41|36|Dialogue Text,"If I step through the hidden door here, I'll be in Aubière's secret office, or secret lumber room.",若我从这里的暗门穿过去，就会进到奥比埃的秘室，或他那间秘密储物室。
dialogue|41|37|Dialogue Text,A wave of panic washes over me. What if the door has somehow stuck? What if I can't get out?,一阵恐慌如潮水漫过我。万一门卡住了呢？万一我出不去呢？
dialogue|41|38|Dialogue Text,It won't be stuck. I can get out.,不会卡住的。我出得去。
dialogue|41|39|Dialogue Text,"I can always get out. (But once I couldn't, whispers the night.)",我总能出得去。（但有那么一次我出不去，夜色低声说。）
dialogue|41|3|Dialogue Text,The moonlight here is clear enough to make out the edges of the discoloured patch - of the texture of the paint.,这里的月光清朗得足以辨出那块变色区域的边缘——以及涂料的纹理。
dialogue|41|40|Dialogue Text,Step back through to Aubière's outer office.,穿回奥比埃的外间办公室。
dialogue|41|42|Dialogue Text,But of course I can't do that when Aubière is here.,但奥比埃在场的时候，我当然不能这么做。
dialogue|41|43|Dialogue Text,Like my patients. If you will excuse the drollery.,就像我的病人一样。请原谅这个玩笑。
dialogue|41|44|Dialogue Text,[It isn't particularly funny. Smile anyway.],[并不怎么好笑。但还是笑一笑。]
dialogue|41|46|Dialogue Text,[Funny. Smile.],[很好笑。微笑。]
dialogue|41|47|Dialogue Text,'Behind your own image is a secret chamber with a beast-image...',「在你自身影像的背后，有一间秘室，秘室里藏着野兽之像……」
dialogue|41|48|Dialogue Text,Time to go?,该走了？
dialogue|41|49|Dialogue Text,One last look around...,最后再环顾一眼……
dialogue|41|4|Dialogue Text,Inspect it more closely.,凑近细看。
dialogue|41|50|Dialogue Text,"There's a door here, carefully painted, hinges almost flush with the wall. No handle, but all I need to do is tug at the other side -",这里有一扇门，刷得精心，合页几乎与墙齐平。没有把手，我只需拽住另一侧——
dialogue|41|51|Dialogue Text,What are you doing?,你在干什么？
dialogue|41|52|Dialogue Text,I suppose I can hardly prevent you...,想来我也拦不住你……
dialogue|41|53|Dialogue Text,"Sorry, doctor. It's a therapeutical necessity.",抱歉，医生。这是治疗所需。
dialogue|41|54|Dialogue Text,Get out of my way.,让开。
dialogue|41|55|Dialogue Text,[Step through.],[跨步而入。]
dialogue|41|57|Dialogue Text,I cough halfway through my invocation. Damn it.,祷文念到一半，我咳了出来。该死。
dialogue|41|5|Dialogue Text,The mirror has been placed here to catch and share the light that falls through the window.,这面镜子放在这里，是为了接住并散播透窗而入的光。
dialogue|41|6|Dialogue Text,Inspect my reflection.,端详镜中的自己。
dialogue|41|7|Dialogue Text,"No longer young, but not yet old. I was nine years gone from the world. Did I even really wear a body for any of that time? If so, it didn't age.",不再年轻，却也未至年老。我曾离世九年。那段时间里，我当真还披着肉身吗？若是，那肉身并未衰老。
dialogue|41|8|Dialogue Text,As long as I can still command respect....,只要我还能赢得尊重……
dialogue|41|9|Dialogue Text,"I'm still a handsome fellow. Debonair, even.",我依旧是个俊朗的家伙。甚至可说风度翩翩。
dialogue|42|10|Dialogue Text,Fifty years ago. How did it die? How did it come here?,五十年前。它怎么死的？又是怎么来到这里的？
dialogue|42|11|Dialogue Text,"'Good evening, Jeremy.'","“晚上好,热雷米。”"
dialogue|42|12|Dialogue Text,Perhaps it was sunset when the bear died. Perhaps the scent of pines.,"也许熊死去时,正值日落。也许,那时有松香的气息。"
dialogue|42|1|Dialogue Text,In the corner of the room rears - somehow half-heartedly - a great brown bear.,"房间的角落里立着一头巨大的棕熊——不知怎的,颇有几分心不在焉。"
dialogue|42|2|Dialogue Text,Examine the bear.,察看那头熊。
dialogue|42|36|Dialogue Text,'The gate to its temenos is a beast-image in the hidden chamber of the Sanitarium Aujourd'hui...',"“通往其圣域的门扉,是今日疗养院密室中的一尊兽像……”"
dialogue|42|37|Dialogue Text,Some sort of deliquescence beneath the bear's heraldic exterior. Best not to investigate too closely.,"熊那纹章般的外表之下,是某种潮解之物。最好不要凑近探究。"
dialogue|42|3|Dialogue Text,Examine the plinth.,察看那座底座。
dialogue|42|4|Dialogue Text,Lay a hand on the bear's fur.,将手按在熊的皮毛上。
dialogue|42|5|Dialogue Text,Leave the bear to its shadowy solitude.,让熊留在它幽影般的孤寂里。
dialogue|42|6|Dialogue Text,"Glass eyes gleam, yellowed fangs. It must be decades dead.","玻璃眼珠闪着光,发黄的獠牙。它想必已死去数十年了。"
dialogue|42|7|Dialogue Text,A plaque reads: JÉREMIE - HAUTE-GARONNE - 1895,铭牌上写着:热雷米 - 上加龙省 - 1895
dialogue|42|8|Dialogue Text,"Like bristly, musty carpet - with a squelch to it, as if the carpet had been laid on a rotting floor.","像一块粗硬发霉的地毯——摸着还有湿漉漉的咕啾感,仿佛那地毯铺在了一具腐烂的地板上。"
dialogue|42|9|Dialogue Text,"Perhaps the bear came with the house, originally. Presumably Aubière stuck it in here because he felt it didn't strike the right tone for his high-minded institution. ","也许这头熊原本就是随这宅子而来的。想来奥比埃把它塞进这里,是因为他觉得它与他那志趣高洁的机构调性不合。"
dialogue|44|10|Dialogue Text,"Welland was a Forge-[[long]] with military inclinations - a member of the Society of the Noble Endeavour who were often alchemists and generals, British royalists. What was he doing in Atlanta in 1865? And why does he feature in Aubière's dream?",韦兰是一位有军人倾向的铸之[[长生者]]——“高尚事业社”的成员，该社中人多为炼金术士与将军，是英国的保皇党人。1865 年，他在亚特兰大做什么？又为何会出现在奥比埃的梦中？
dialogue|44|1|Dialogue Text,"A glowering man in glowering middle age, nicely filling out an ornate military uniform.",一个阴沉着脸的男人，正值阴沉的盛年，把一身华丽的军装撑得刚刚好。
dialogue|44|2|Dialogue Text,"Welland, Welland...",韦兰，韦兰……
dialogue|44|3|Dialogue Text,Is there something odd about his hair?,他的头发是不是有点古怪？
dialogue|44|5|Dialogue Text,Is that a wig? The painter has faithfully rendered it slipping slightly. He's bald underneath. Forge-long are hairless... of course!,那是假发吗？画家忠实地画出了它微微滑落的样子。底下是秃顶。铸之长生者都寸发不生……当然！
dialogue|44|6|Dialogue Text,"Eccentric painter's technique, probably.",大概是画家的古怪技法吧。
dialogue|44|8|Dialogue Text,"""Welland."" Of course. He usually went by 'Captain', but it's definitely him. There are photos in the [[Bureau]] records - of a man whose features had hardly changed since the time of this painting.",“韦兰。”当然。他通常被人称作“船长”，但肯定是他。[[防剿局]]档案里有照片——那人的面容，自这幅画的时代以来几乎毫无变化。
dialogue|44|9|Dialogue Text,"Familiar, but not familiar enough.",似曾相识，却又不够熟悉。
dialogue|45|1|Dialogue Text,"The White Door: the lowest door of the Mansus, that even untrained dreamers could sometimes pass. And the Dead.",白门：漫宿最低的一道门，连未经训练的做梦者有时也能穿过。还有亡者。
dialogue|45|3|Dialogue Text,The lower reaches of the Mansus are no longer safe - not since their guardians fled and the colder powers moved in.,漫宿的下层不再安全——自从那里的守护者逃散、更寒冷的力量入驻之后。
dialogue|45|4|Dialogue Text,Retreat from the chill behind the white rope.,从白绳后的寒意中退开。
dialogue|45|5|Dialogue Text,I used to visit the White Door in dreams myself. Something about the chill tugs at a memory...,我自己过去也常在梦中拜访白门。那寒意似乎牵动着某段回忆……
dialogue|45|7|Dialogue Text,"Before I left the world, sometimes I would dream of the White Door, and the Dead who gave up their voices to pass. After I left the world, in the days I drifted dark, other visitors mistook me for one of them. After a time, the visitors came no more; and I drifted higher...",在我离开人世之前，我偶尔会梦见白门，以及那些为通过而舍弃声音的亡者。离开人世之后，在我于黑暗中飘荡的日子里，其他访客把我误认作他们中的一员。过了一段时间，访客不再来了；而我飘向更高处……
dialogue|45|8|Dialogue Text,Dreams flee on waking. The memory is gone where memories go.,梦在醒来时遁去。记忆已消逝，消逝于记忆该去之处。
dialogue|46|1|Dialogue Text,"Aubière conceals his passions, but cannot suppress them. This panel fairly vibrates with the strength of his ambition.",奥比埃隐藏着自己的激情，却无法压制它们。这块木板随着他野心的力度微微震颤。
dialogue|46|2|Dialogue Text,"A panel of dark wood, daubed with the symbol of a closed eye. It resembles the door of the sanitarium living room; but it isn't actually a door, or I would be able to open it.",一块深色木板，上面涂着一个闭眼的符号。它像疗养院客厅的门；但它并不是真的门，否则我就能打开它了。
dialogue|46|3|Dialogue Text,"In Fucine, 'the tongue of witches', that symbol means...",在富西讷语——“女巫之舌”——中，那个符号的意思是……
dialogue|46|5|Dialogue Text,"'Passion' - intuition, the hidden rivers which flow beneath the soul.",“激情”——直觉，那些奔流于灵魂之下的隐秘河流。
dialogue|46|6|Dialogue Text,...I don't recall. It can be difficult to understand writing in dreams.,……我不记得了。梦中的文字本就难以辨认。
dialogue|47|1|Dialogue Text,Aubière treats his body with respect. This panel is solid and well-fitted.,奥比埃善待自己的躯体。这块木板厚实，严丝合缝。
dialogue|47|2|Dialogue Text,"A panel of sturdy wood, daubed with the symbol of a cross-charged heart. It resembles the door of the sanitarium dining room; but it isn't actually a door, or I would be able to open it.",一块结实的木板，上面涂着一个缀有十字的心形符号。它像疗养院餐厅的门；但它并不是真的门，否则我就能打开它了。
dialogue|47|3|Dialogue Text,"Some surgeons have been known to pray in the dead tongue called 'Fucine'. In its written form, that symbol means...",据说有些外科医生会用一种被称为“富西讷语”的死语祈祷。以书写形式呈现时，那个符号的意思是……
dialogue|47|5|Dialogue Text,"...health, the body, the soul's dwelling-place.",……健康，躯体，灵魂的居所。
dialogue|47|6|Dialogue Text,"...I don't recall. It can be difficult to understand writing in dreams.
","……我不记得了。梦中的文字本就难以辨认。
"
dialogue|47|7|Dialogue Text,[Back to the hallway.],[回到走廊。]
dialogue|48|1|Dialogue Text,The wooden panel is cold and smooth. Aubière is a man of powerfully focused reason. ,木板冰冷而光滑。奥比埃是一个理智高度专注的人。
dialogue|48|2|Dialogue Text,"A panel of varnished wood, daubed with the symbol of an open eye. It resembles the door of the sanitarium library; but it isn't actually a door, or I would be able to open it.",一块上了漆的木板，上面涂着一个睁眼的符号。它像疗养院图书室的门；但它并不是真的门，否则我就能打开它了。
dialogue|48|3|Dialogue Text,"In Fucine, 'the dry tongue', that symbol means...",在富西讷语——“干涸之舌”——中，那个符号的意思是……
dialogue|48|5|Dialogue Text,Reason. The uppermost components of the soul - the capacity for daylight understanding.,理智。灵魂最上层的构成——那种白昼般明彻的理解能力。
dialogue|49|12|Dialogue Text,"Nina travels with a circus. She left it to come here; she left here to catch up with it. The name of the circus was <i>Rosa Mundi</i>, and its next destination was the city of Mimata. That is as much as I know.",尼娜随一个马戏团旅行。她离开马戏团来到这里，又离开这里去追赶它。那马戏团名叫<i>罗莎·蒙迪</i>，它的下一站是米玛塔城。我所知道的仅此而已。
dialogue|49|13|Dialogue Text,Sinombre brought me here.,西诺姆布尔带我来到这里。
dialogue|49|14|Dialogue Text,I have my ways.,我有我的办法。
dialogue|49|16|Dialogue Text,"[Winning smile] Relax, Doctor. You're asleep! This isn't the time to worry.",「胜券在握的微笑」放松，医生。你睡着了！现在不是担心的时候。
dialogue|49|17|Dialogue Text,[Solemn nod] You can trust me.,「郑重地点头」你可以信任我。
dialogue|49|18|Dialogue Text,"Here's a dream-bargain for you. If you tell me something about Nina, you'll learn something about me. You're curious, aren't you?",我们来做个梦中交易吧。你若告诉我一些关于尼娜的事，我也会告诉你一些关于我的事。你很好奇，不是吗？
dialogue|49|19|Dialogue Text,"'Believe'? It's true, or it isn't true. And in dreams, nothing is untrue.",「相信」？事情要么是真的，要么不是。而在梦中，没有什么是假的。
dialogue|49|1|Dialogue Text,M. Hobson...,霍布森先生……
dialogue|49|21|Dialogue Text,"[He smiles, tentatively at first, and then with a rush of surprising warmth.]",「他笑了——起初还带着试探，随即涌出一阵出人意料的暖意。」
dialogue|49|22|Dialogue Text,"Generally, I might agree. But this does not seem like the usual sort of sleep.",一般来说，我也许会同意。但这看起来不像寻常的睡眠。
dialogue|49|24|Dialogue Text,"An elegant argument, monsieur.",好一番精妙的辩辞，先生。
dialogue|49|25|Dialogue Text,Perhaps not. Or perhaps everything is untrue.,也许并非如此。又或者，一切皆为虚假。
dialogue|49|27|Dialogue Text,"I <i>am</i> curious... and this is perhaps <i>only</i> a dream... very well. Share your secret, and I will share mine.",我<i>确实</i>很好奇……而这也或许<i>仅仅</i>是一场梦……好吧。你分享你的秘密，我也分享我的。
dialogue|49|28|Dialogue Text,I am curious indeed. But I think I will reserve such commerce for my waking hours.,我确实很好奇。但我想，这种交易还是留到醒着的时候再做吧。
dialogue|49|2|Dialogue Text,"I've been thinking about Nina. About Mlle Lagasse, I mean.",我一直在想尼娜。我是说，拉加斯小姐。
dialogue|49|30|Dialogue Text,[His face clears.] Perhaps I can.,「他面色缓和下来。」或许我可以。
dialogue|49|31|Dialogue Text,"But can I? You are clearly a complicated man, M. Hobson.",但我可以吗？霍布森先生，你显然是个复杂的人。
dialogue|49|32|Dialogue Text,Jung said: 'The dream is the small hidden door in the deepest and most intimate sanctum of the soul.',荣格说过：「梦是灵魂最深邃、最私密圣所中那扇小小的暗门。」
dialogue|49|34|Dialogue Text,So he did.,他确实说过。
dialogue|49|35|Dialogue Text,"So he did. And I am not certain, M. Hobson, that we have yet achieved that level of intimacy.",他确实说过。不过我不太确定，霍布森先生，我们是否已经亲密到那个地步。
dialogue|49|36|Dialogue Text,I returned from the Mansus to flesh...,我从漫宿归来，重获血肉之躯……
dialogue|49|37|Dialogue Text,I passed through the outer oceans...,我曾穿越外海……
dialogue|49|38|Dialogue Text,"On second thoughts, I don't want to share any secrets.",转念一想，我什么秘密都不想分享了。
dialogue|49|39|Dialogue Text,"[Menace] There are worse dreams you might experience, Doctor. Much, much worse dreams.",「恫吓」医生，你可能会做更可怕的梦。比这可怕得多、多得多。
dialogue|49|3|Dialogue Text,I'm not sure why we're here. What are we talking about?,我不太明白我们怎么会在这里。我们在谈论什么？
dialogue|49|41|Dialogue Text,[He takes a step backwards.] I...,「他向后退了一步。」我……
dialogue|49|42|Dialogue Text,There are. But I am not easily frightened by dreams.,确实有。但我没那么容易被梦吓到。
dialogue|49|43|Dialogue Text,"[I speak of my reincorporation in [[Alexandria]], beneath the eyes of two old friends and one new.]",「我谈起自己在[[亚历山大港]]重获肉身之事——在两位旧友与一位新识的注视之下。」
dialogue|49|44|Dialogue Text,"[I speak of my time in [[Ys]] behind the wave, where they took the Worms from me.]",「我谈起自己在[[伊苏]]、海浪之后的时日——在那里，他们取走了我体内的蠕虫。」
dialogue|49|45|Dialogue Text,"[His eyes widen] I do hope that I remember this, when I am awake again.",「他睁大了眼睛」我由衷希望，等我醒来时，还能记得这一切。
dialogue|49|46|Dialogue Text,"Thank you, Doctor.",谢谢你，医生。
dialogue|49|47|Dialogue Text,"Good. Now, forget this on awakening.",很好。现在，醒来之后把这一切忘掉吧。
dialogue|49|48|Dialogue Text,And so we're finished. Learn your lesson: don't trifle with Spencer Hobson.,那么，我们就此结束。记住教训：别招惹斯宾塞·霍布森。
dialogue|49|49|Dialogue Text,"A courteous dream, isn't it? I -",真是一场彬彬有礼的梦，不是吗？我——
dialogue|49|4|Dialogue Text,Thinking what?,在想什么？
dialogue|49|50|Dialogue Text,"[The bleached room around me begins to flood with colour, as if paint had been dropped in clear water. I am returning to the waking world.]",「我四周惨白的房间开始涌满色彩，仿佛清水中滴入了颜料。我正要回到清醒的世界。」
dialogue|49|51|Dialogue Text,[Something closes behind me.],「有什么东西在我身后合拢。」
dialogue|49|52|Dialogue Text,I should have known -,我早该知道的——
dialogue|49|53|Dialogue Text,[Watch him in silence.],「沉默地注视着他。」
dialogue|49|54|Dialogue Text,"I suppose I will, won't -",我想我会记住的，不是吗——
dialogue|49|55|Dialogue Text,Wait. What's happ -,等等。发生什么——
dialogue|49|56|Dialogue Text,"She is a very compelling person. I discovered that she only came here to learn about the Ravelines. I know that she has no use for me, personally. None at all.",她是个极具魅力的人。我发现，她来这里只是为了打听拉韦林一家的事。我知道，她对我本人毫无所需。一丝一毫也没有。
dialogue|49|57|Dialogue Text,[An odd lacuna; a typically dream-like discontinuity.],「一处奇异的空白；典型的梦式断裂。」
dialogue|49|58|Dialogue Text,"And yet, I dream of her.",然而，我梦见了她。
dialogue|49|59|Dialogue Text,I'm sorry. Is that difficult for you?,我很抱歉。这对你来说很艰难吗？
dialogue|49|5|Dialogue Text,So I see.,看出来了。
dialogue|49|60|Dialogue Text,"[Inquisitive] Dreams of a... personal nature, you mean?",「探询地」你是说……私密性质的梦？
dialogue|49|62|Dialogue Text,"[Knowing] Dreams of a personal nature, you mean?",「会意地」你是说，私密性质的梦？
dialogue|49|63|Dialogue Text,<i>Am</i> I here? This is most likely a conversation with yourself. Or with your idea of me. In other words: a dream.,我<i>真的</i>在这里吗？这多半是你与自己的对话。又或者，是与你心中那个我之间的对话。换句话说：一场梦。
dialogue|49|64|Dialogue Text,[A heavy sigh.] I have sometimes regretted engaging the services of Dr Sinombre. Despite her gifts.,「重重地叹了口气。」有时我真后悔雇用了西诺姆布尔医生。尽管她天赋过人。
dialogue|49|65|Dialogue Text,She did say she was a colleague of yours. But she seemed evasive...,她确实说她是你的同事。但她看起来闪烁其词……
dialogue|49|66|Dialogue Text,"The arrangement is unconventional... certainly she cannot leave, but certainly she would not survive without my assistance. It's complicated. Like this dream.",这安排不同寻常……她确实无法离开，可也确实没有我的帮助就活不下去。说来复杂。就像这场梦一样。
dialogue|49|67|Dialogue Text,But here I am. This must be something for your notes.,但我就在这里。这想必值得你记上一笔。
dialogue|49|68|Dialogue Text,Perhaps. If I remember this. It's really a dream?,也许吧。如果我还能记得。这真的只是一场梦？
dialogue|49|69|Dialogue Text,Interesting. And a little concerning. I suppose this is what you people call 'nyctodromy'.,有趣。也有点令人不安。我猜这就是你们这些人所说的「夜游术」。
dialogue|49|6|Dialogue Text,"Oh...yes. [Aubière glances, startled, at the image in the Wood.]",哦……是啊。[奥比埃吃了一惊，瞥向林地中的影像。]
dialogue|49|70|Dialogue Text,'You people'?,「你们这些人」？
dialogue|49|71|Dialogue Text,Let's just call it a dream.,就当它是一场梦吧。
dialogue|49|72|Dialogue Text,Adepts. Accursed wanderers. Remortals. Otherworldly entities...,修士。受诅咒的浪游者。长生者。异界存在……
dialogue|49|73|Dialogue Text,"I mean nothing by it. But you understand it is surprising, to meet you in such a dream.",我并无冒犯之意。但你得理解，在这样一场梦里遇见你，实在令人惊讶。
dialogue|49|74|Dialogue Text,Back to the world...,回到尘世……
dialogue|49|75|Dialogue Text,[My heart pulses with desperation. The night responds. Give in to that desperation.],「我的心因绝望而搏动。夜回应了我。向那绝望屈服吧。」
dialogue|49|76|Dialogue Text,I am threatening Aubière. Here I am in his secret thoughts. I will drag us both into madness if I must. We will both regret it. Scarlet darkness writhes at the edges of what we both see.,我在威胁奥比埃。我正身处他隐秘的思绪之中。若有必要，我会把我们都拖入疯狂。我们都会为此后悔。猩红的黑暗在我们两人的视野边缘翻腾。
dialogue|49|77|Dialogue Text,"I have stopped speaking. Aubière watches me, wide-eyed.",我已不再言语。奥比埃睁大眼睛注视着我。
dialogue|49|78|Dialogue Text,"...let us not be hasty, M. Hobson.",……不要操之过急，霍布森先生。
dialogue|49|79|Dialogue Text,She's a member of staff? Not just a patient?,她是这里的雇员？不只是个病人？
dialogue|49|7|Dialogue Text,"This is a dream, is it not? How are you here?",这是一场梦，不是吗？你怎么会在这里？
dialogue|49|8|Dialogue Text,A dream about where Nina's gone.,一场关于尼娜去向的梦。
dialogue|49|9|Dialogue Text,I'm not sure if I believe that.,我不确定该不该相信这话。
dialogue|4|102|Dialogue Text,Of course you are. I'm sorry.,你当然如此。我抱歉。
dialogue|4|103|Dialogue Text,Mm. The files suggest some complexity in that regard... but of course. You know then that a pyx is used to convey the Host.,嗯。档案显示，那方面有些复杂……不过，当然。那你应当知道，圣体盒是用来运送圣体的。
dialogue|4|104|Dialogue Text,Perhaps we can talk about that later.,也许，我们晚些再谈这个。
dialogue|4|105|Dialogue Text,"[Truth] Better to say, I was lost.",真话。不如说，我是迷了路。
dialogue|4|106|Dialogue Text,[Truth-ish] The seaside.,半真话。海边。
dialogue|4|107|Dialogue Text,Please accept my sympathies. How may I assist you?,请接受我的哀悼。我能帮你什么？
dialogue|4|108|Dialogue Text,Mm. I hope you found your seaside stay restful.,嗯。希望你的海边小住还算安宁。
dialogue|4|109|Dialogue Text,"Very well. How may I assist you?
","好吧。我能帮你什么？
"
dialogue|4|110|Dialogue Text,Nothing happens.,什么都没发生。
dialogue|4|111|Dialogue Text,"Over steepled fingers, Aubière watches.",奥比埃指尖相抵，静静看着。
dialogue|4|114|Dialogue Text,"A rattling sound. There is something inside, the weight of a large coin. Definitely neither consecrated wafers nor dust.",里面传来咔嗒声。有东西，分量像一枚大硬币。绝非祝圣面饼，也绝非尘埃。
dialogue|4|116|Dialogue Text,"Latin, scratched, not engraved, on the base. The scratches have worn so thin that, had I not turned it to reflect the sunlight, I wouldn't have seen it at all. ECCE PRAESENSUM ROSARUM.",底部是拉丁文，划刻而成，而非镌刻。划痕磨损得极浅，若不是我把它转过来对着阳光，我根本不会看见。ECCE PRAESENSUM ROSARUM。
dialogue|4|117|Dialogue Text,Scratches on the bottom. Perhaps someone scratched a message there and it wore away. Perhaps someone just stored it in a bag of nails.,底部有划痕。也许有人在那儿刻过一句话，后来磨损掉了。也许只是有人把它同一袋钉子放在一处。
dialogue|4|118|Dialogue Text,Examine the box for hidden catches.,检查盒子上有无暗扣。
dialogue|4|120|Dialogue Text,Nothing. Though my fingers linger on the details of the feathers. This was shaped with love.,没有。不过我的指尖在羽毛的细节间流连。这是怀着爱意塑成的。
dialogue|4|121|Dialogue Text,Nothing.,什么也没有。
dialogue|4|122|Dialogue Text,[Sombre interpretation] 'Mark well this foreboding of roses.',沉郁之解。「谨记这玫瑰的凶兆。」
dialogue|4|123|Dialogue Text,"[Neutral interpretation] 'Behold, a presentiment of roses.'",中性之解。「看哪，这玫瑰的预感。」
dialogue|4|124|Dialogue Text,[Optimistic interpretation] 'Here is the revelation of roses.',乐观之解。「这便是玫瑰的启示。」
dialogue|4|125|Dialogue Text,Not a phrase I've heard in any liturgical or theological context.,这句话，我在任何礼拜仪式或神学语境中都未曾听过。
dialogue|4|126|Dialogue Text,Aubière's mouth is also open.,奥比埃的嘴也张着。
dialogue|4|127|Dialogue Text,Remarkable!,了不起！
dialogue|4|128|Dialogue Text,"Aubière cracks open a new notebook, clicks a clean chrome ballpoint pen, and excitedly jots down a note.",奥比埃翻开一本新笔记本，咔嗒一声按出一支锃亮的镀铬圆珠笔，兴奋地记下一笔。
dialogue|4|129|Dialogue Text,Your turn.,轮到你了。
dialogue|4|130|Dialogue Text,So... Nina?,那么……尼娜？
dialogue|4|131|Dialogue Text,Aubière stops writing. He purses his mouth thoughtfully.,奥比埃停下笔。他抿起嘴，若有所思。
dialogue|4|132|Dialogue Text,"I apologise most sincerely, M. Hobson. I have reconsidered. I think it would be therapeutically unhelpful for me to tell you where to find Mlle Lagasse.",我万分真诚地向你道歉，霍布森先生。我重新考虑过了。我想，告诉你拉加斯小姐的去处，对你的治疗并无好处。
dialogue|4|133|Dialogue Text,Really.,是吗。
dialogue|4|134|Dialogue Text,You'll find it pretty damned therapeutically unhelpful if you <i>don't</i> tell me.,你要是<i>不</i>告诉我，你很快就会领教，那才叫对治疗毫无好处。
dialogue|4|135|Dialogue Text,"I'm disappointed in you, Dr Aubière.",我对你很失望，奥比埃医生。
dialogue|4|136|Dialogue Text,[Look him in the eye and wait.],直视他的眼睛，等着。
dialogue|4|137|Dialogue Text,"My revised proposal is this. You remain as my guest for a few days, so that I can satisfy my - my concerns about your wellbeing. Your medical history is extraordinary. You must know that.",我修订后的提议是这样的。你以我客人的身份再留几天，好让我满足我——我对你安康的担忧。你的病史非同寻常。你应当知道这点。
dialogue|4|138|Dialogue Text,"You mean, the Worms ate me, but here I am?",你是说，蠕虫吃了我，可我还在这儿？
dialogue|4|139|Dialogue Text,I do understand that. And I can only repeat my apology.,我确实明白。而我只能再次道歉。
dialogue|4|140|Dialogue Text,M. Hobson! We are surely not the kind of men to make <i>threats</i>!,霍布森先生！我们想来都不是会发出<i>威胁</i>的那种人！
dialogue|4|141|Dialogue Text,"After a few moments, Aubière looks away. He coughs to cover his embarrassment.",片刻之后，奥比埃移开目光。他咳了一声，掩饰窘迫。
dialogue|4|142|Dialogue Text,To hell with your revised proposal. To hell with your institution. And to particular hell with you.,去你修订后的提议。去你的疗养院。尤其，去你。
dialogue|4|143|Dialogue Text,'Guest'. And what if I want to leave?,「客人。」那，要是我执意离开呢？
dialogue|4|144|Dialogue Text,"Good heavens, M. Hobson, then you can leave, of course, at any time! I would in any case find it very difficult to restrict your movements.",天哪，霍布森先生，那您当然随时都可以离开！况且，要限制您的行动，我无论如何也会觉得很难办。
dialogue|4|146|Dialogue Text,[Aubière makes a moue of distaste.] Just so. Among other things.,奥比埃厌恶地撇了撇嘴。正是如此。诸如此类。
dialogue|4|147|Dialogue Text,"Do you want to treat me, or to study me?",你是想治疗我，还是研究我？
dialogue|4|148|Dialogue Text,[Aubière flaps a hand deprecatingly.] An old friend of mine would say: 'Why only one? Why only two?',奥比埃不以为然地摆摆手。我的一位老朋友会说：「为什么只有一个？为什么只有两个？」
dialogue|4|150|Dialogue Text,[Mull a response.],斟酌着如何作答。
dialogue|4|151|Dialogue Text,"It is full sunlight in this room, but I can almost hear the night. The night would say: stay here, and you might win this man's co-operation. Or you might find another way. You might not need his co-operation.",这间屋子里阳光满溢，但我几乎能听见夜晚。夜晚会说：留在这里，你或许能赢得这个人的合作。或者你可以另寻他路。也许你根本不需要他的合作。
dialogue|4|152|Dialogue Text,Ask more questions.,再问些问题。
dialogue|4|153|Dialogue Text,[Decide] Dr Aubière...,下定决心。奥比埃医生……
dialogue|4|154|Dialogue Text,Yes?,嗯？
dialogue|4|155|Dialogue Text,I agree to your revised proposal.,我接受你修订后的提议。
dialogue|4|156|Dialogue Text,I'll stay here for the moment. And perhaps we'll talk again.,我暂且留在这里。也许，我们还会再谈。
dialogue|4|157|Dialogue Text,"I understand your feelings, M. Hobson, most sincerely I -",我理解你的感受，霍布森先生，万分真诚地，我——
dialogue|4|158|Dialogue Text,"[Stand up abruptly; stalk out, daring Aubière to ask for his box back.]",猛然起身；大步离去，看奥比埃敢不敢开口讨回他的盒子。
dialogue|4|159|Dialogue Text,[Stand up abruptly; drop the pyx clattering on his desk; stalk out.],猛然起身；把圣体盒哐当丢在他桌上；大步离去。
dialogue|4|15|Dialogue Text,"I propose an arrangement. I have in my desk a certain box, which has resisted my efforts to open it. Before your so-mysterious disappearance, you were, I understand, good with locks. Seals. Safeguards of that kind.","我提议一项安排。我的书桌里有一只盒子,一直抗拒着我打开它的尝试。在您那次神秘莫测的失踪之前,据我所知,您精于锁具。封缄。诸如此类的防护之法。"
dialogue|4|160|Dialogue Text,[Stand up abruptly; pocket the little ceramic jar; drop the pyx clattering on his desk; stalk out.],猛然起身；把小瓷罐揣进兜里；把圣体盒哐当丢在他桌上；大步离去。
dialogue|4|161|Dialogue Text,"Thank you, M. Hobson. I could in all candour ask for nothing more. Except... euh... perhaps my box. May I please have my box back?",谢谢你，霍布森先生。坦率而言，我已别无所求。除了……呃……也许还有我的盒子。能把我的盒子还给我吗？
dialogue|4|162|Dialogue Text,"You know, I think that would be therapeutically unhelpful for you.",你知道吗，我倒觉得，那对你的治疗可没什么好处。
dialogue|4|163|Dialogue Text,Of course. Here.,当然。给你。
dialogue|4|164|Dialogue Text,"Here. [Pass him the pyx, but pocket the little jar you found in it.]",给你。把圣体盒递给他，但把盒里发现的小瓷罐揣进自己的口袋。
dialogue|4|165|Dialogue Text,I'd like to examine it further. I'm sure you won't mind.,我想再仔细研究它。想必你不会介意。
dialogue|4|166|Dialogue Text,Thank you so much.,多谢你。
dialogue|4|167|Dialogue Text,Hm. I suppose I rather brought that on myself.,嗯。我想，这多少算是我自找的。
dialogue|4|168|Dialogue Text,"And the... I see. Well, so be it. I am a realist.",还有那……我明白了。好吧，也只能如此了。我是个现实主义者。
dialogue|4|169|Dialogue Text,"Goodbye for now, M. Hobson. I hope you will speak to our other guests... I am interested to learn what you all make of each other.",暂时别过，霍布森先生。希望你会同我们的其他客人谈谈……我很想知道你们彼此会有什么看法。
dialogue|4|16|Dialogue Text,"You must understand, an alienist - a physician of the psychic organs - I would prefer to say 'psychiatrist', if you are familiar with the term - is in some respects - and only in these respects - like an adept of the invisible arts -","您须明白,一位精神病学家——精神器官的医师——若您熟悉这个词,我更愿称其为“精神科医师”——在某些方面——而且仅限于这些方面——与一位隐形技艺的修士颇为相似——"
dialogue|4|170|Dialogue Text,You said you had files on me. I'd like to see them.,你说过你手上有我的档案。我想看看。
dialogue|4|171|Dialogue Text,"Oh no no. Our Incorporate patrons have files, which I have been privileged to see. But I have no file on you.",哦，不不。我们集团的赞助人们有档案，我有幸看过。但我没有你的档案。
dialogue|4|172|Dialogue Text,Although most certainly I will now open a file of my own!,不过，眼下我肯定要为你单独开一份档案了！
dialogue|4|173|Dialogue Text,Is there nothing you can tell me? I've come a long way to find her.,你就没有什么能告诉我的吗？我走了很远的路，只为找到她。
dialogue|4|174|Dialogue Text,However...,不过……
dialogue|4|175|Dialogue Text,Well...,唔……
dialogue|4|176|Dialogue Text,You may know that I'm a medical man myself. I'm concerned for her health.,你可能也知道，我自己是行医之人。我担心她的身体。
dialogue|4|178|Dialogue Text,Indeed. I do not discount your expertise. But you have no credentials in this country.,确实。我并不轻视你的专业。但在这个国家，你没有行医资格。
dialogue|4|179|Dialogue Text,That is true. But you have no credentials in this country. <i>Monsieur</i> Hobson,说得没错。但在这个国家，你也没有行医资格。<i>霍布森先生</i>。
dialogue|4|17|Dialogue Text,"[Interrupt] Spit it out, man.","[打断] 有话直说,老兄。"
dialogue|4|180|Dialogue Text,"[Remain silent, but keep watching him.]",保持沉默，但一直盯着他。
dialogue|4|181|Dialogue Text,Euh... a vessel for the consecrated Host. To convey it to those who will not... euh... attend church... mm.,呃……盛放祝圣圣体的容器。用来把圣体送抵那些不会……呃……去教堂的人手中……嗯。
dialogue|4|182|Dialogue Text,[Lie] Back to Algeria. Another engagement with the Légion.,谎话。回阿尔及利亚。再入外籍军团服役。
dialogue|4|183|Dialogue Text,"I am glad you survived so intact. Without even, if I may say, the usual Légion desert tan.",我很高兴你全须全尾地活了下来。甚至，恕我直言，连外籍军团常有的沙漠晒痕都没有。
dialogue|4|184|Dialogue Text,Night campaign.,夜战。
dialogue|4|185|Dialogue Text,[Just smile.],只是微笑。
dialogue|4|186|Dialogue Text,"'A few days.' How long, exactly?",「几天。」具体是多久？
dialogue|4|187|Dialogue Text,"Oh, not so very long. I would not expect so long as a week. But I must make my assessment.",哦，不会太久。我想用不了一星期。但我必须做出评估。
dialogue|4|188|Dialogue Text,Right.,好。
dialogue|4|189|Dialogue Text,"You seem surprised, Doctor.",你似乎很惊讶，医生。
dialogue|4|18|Dialogue Text,[Wait for him to finish],[等他把话说完]
dialogue|4|190|Dialogue Text,Yes; I must confess that I am. I had hoped you would be able to open the box. I did not expect you to succeed so... anticlimactically.,是的；我承认确实如此。我本指望你能打开这盒子。却没想到你成功得如此……平淡。
dialogue|4|191|Dialogue Text,Don't underestimate me again.,别再小看我。
dialogue|4|192|Dialogue Text,I will endeavour so not to do.,我会努力不再如此。
dialogue|4|194|Dialogue Text,Touch the box with a tongue-tip.,用舌尖触碰盒子。
dialogue|4|195|Dialogue Text,The chill of the metal is more clearly perceptible. There is no taste; except the dust of an object kept for some time in a doctor's desk.,金属的凉意更清晰可辨。没有味道；只有某件在医生抽屉里搁置已久的器物所沾的灰尘味。
dialogue|4|196|Dialogue Text,Withdraw tongue.,收回舌尖。
dialogue|4|197|Dialogue Text,"Give the box a more definite, slurping lick. As if addressing oneself to an ice-cream.",更用力地舔一口盒子，发出啜吸声。就像对着一个冰淇淋。
dialogue|4|198|Dialogue Text,"Nothing further occurs. Except that Aubière, clearly alarmed, half-raises a hand in protest.",再无其他发生。只是奥比埃明显受了惊，半举起一只手表示抗议。
dialogue|4|200|Dialogue Text,"I feel Aubière's eyes on my back, but he says nothing.",我感觉奥比埃的目光落在我背上，但他什么也没说。
dialogue|4|201|Dialogue Text,"The director is a man in distinguished middle age with a look of sleek intelligence. His hair, his nails, his smile are all extremely clean.",院长是位风度高雅的中年人，神情透着油滑的机敏。他的头发、指甲、笑容，全都干净得出奇。
dialogue|4|203|Dialogue Text,I need to see a patient of yours. [[Nina Lagasse]].,我要见你的一位病人。[[尼娜·拉加斯]]。
dialogue|4|204|Dialogue Text,"Mm. Mademoiselle Lagasse, I'm afraid, has left us.",嗯。恐怕，拉加斯小姐已经离开我们了。
dialogue|4|206|Dialogue Text,So...?,那么……？
dialogue|4|207|Dialogue Text,The director of the Sanitarium Aujourd'hui smiles at me from behind his desk.,今日疗养院的院长隔着办公桌向我微笑。
dialogue|4|208|Dialogue Text,DEBUG exit early,调试：提前退出。
dialogue|4|20|Dialogue Text,"Spencer Hobson. What a fortunate and delightful honour. I am Dr Aubière. You are very welcome to my little institution, M. Hobson.","斯宾塞·霍布森。何等有幸,何等快意。我是奥比埃医生。欢迎光临我这小小的机构,霍布森先生。"
dialogue|4|210|Dialogue Text,"Hello again, M. Hobson. Do sit down.",又见面了，霍布森先生。请坐。
dialogue|4|212|Dialogue Text,[Sit down.],坐下。
dialogue|4|213|Dialogue Text,"Later, perhaps, Doctor.",也许改天吧，医生。
dialogue|4|214|Dialogue Text,[Turn and leave without a word.],转身，一言不发地离开。
dialogue|4|216|Dialogue Text,Do you know where?,你知道她在哪吗？
dialogue|4|217|Dialogue Text,'Mademoiselle'?,「小姐」？
dialogue|4|219|Dialogue Text,"DEBUG exit early, swipe thing",调试：提前退出，顺走东西。
dialogue|4|21|Dialogue Text,You know who I am?,你知道我是谁？
dialogue|4|220|Dialogue Text,We have already prepared Mlle Lagasse's room for a new guest. You'll find it upstairs.,我们已经把拉加斯小姐的房间收拾出来，留给新客人了。你上楼就能找到。
dialogue|4|221|Dialogue Text,"A dove. There is an Hour named Elegiast. The Ivory Dove, he's called.",一只鸽子。有位司辰名为悼歌诗人。人称骨白鸽。
dialogue|4|222|Dialogue Text,'[[Elegiast]].' I am not especially familiar with these esoteric doctrines.,「[[悼歌诗人]]。」我对这些秘传教义并不特别熟悉。
dialogue|4|223|Dialogue Text,A kindly Hour. It's the Elegiast who ensures the Dead are remembered.,一位仁慈的司辰。正是悼歌诗人，确保亡者为人铭记。
dialogue|4|224|Dialogue Text,An Hour of secrets. He knows the names of all the Dead.,一位掌握秘密的司辰。他知晓所有亡者的名字。
dialogue|4|225|Dialogue Text,An Hour of forbidden appetites. He inspires his votaries to consume the flesh of the dead...,一位心怀禁忌欲求的司辰。他激励信徒们吞食亡者的血肉……
dialogue|4|226|Dialogue Text,How revolting. Why?,真叫人作呕。为什么？
dialogue|4|227|Dialogue Text,"A busy Hour, then, these last ten years.",那么，这十年来，这位司辰想必繁忙得很。
dialogue|4|228|Dialogue Text,"I wonder what secret this box contains, hm?",不知道这盒子里藏着什么秘密，嗯？
dialogue|4|229|Dialogue Text,"[Reveal] With the right alchemies, you can learn the knowledge folded in their flesh. It's forbidden, of course...",揭示。凭合适的炼金术，你能学到封存于他们血肉中的知识。当然，那是被禁止的……
dialogue|4|230|Dialogue Text,[Evade] Birds. You know how birds are.,回避。鸟而已。你知道鸟是什么德行。
dialogue|4|231|Dialogue Text,[Think things through on my way out of the office.],在走出办公室的路上，把事情想清楚。
dialogue|4|232|Dialogue Text,What are my options?,我有哪些选择？
dialogue|4|233|Dialogue Text,Coercion?,胁迫？
dialogue|4|234|Dialogue Text,Night-work?,夜活？
dialogue|4|235|Dialogue Text,The other kind of night-work?,另一种夜活？
dialogue|4|236|Dialogue Text,Simple courtesy?,以礼相待？
dialogue|4|239|Dialogue Text,[That's everything that I might consider doing. Let's explore the Sanitarium.],这就是我所能想到的全部选择。去探索疗养院吧。
dialogue|4|23|Dialogue Text,"Most certainly. There are excellent photographs in the files. You have had quite the career. Your time in the Suppression Bureau, in the Légion du Seuil. That regrettable business in Poland....","自然知道。档案里有极为出色的照片。您的履历相当不凡。您在防剿局的岁月,在门关军团的岁月。还有波兰那桩令人遗憾的勾当……"
dialogue|4|240|Dialogue Text,"Blackmail, perhaps. If I can sniff out his secrets.",敲诈，或许可行。只要我能嗅出他的秘密。
dialogue|4|241|Dialogue Text,"At night, when Aubière is gone from his office, I might be able to locate his records.",到了夜里，等奥比埃离开办公室，我也许能找到他的档案。
dialogue|4|242|Dialogue Text,With the right tools - or the right assistance - his dreams might be open to me.,若有合适的工具——或合适的助力——他的梦境或许会向我敞开。
dialogue|4|243|Dialogue Text,"I could just co-operate with the man, as he suggested, and hope to win him round eventually.",我也可以按他的提议，同这人合作，指望最终能把他争取过来。
dialogue|4|244|Dialogue Text,It's obviously the honourable path.,这显然是体面之道。
dialogue|4|245|Dialogue Text,"Worth a go, I suppose.",我想，值得一试。
dialogue|4|246|Dialogue Text,Sod that for a game of soldiers.,去他妈的吧。
dialogue|4|24|Dialogue Text,"And then you disappeared, M. Hobson. Where did you go?","而后您便消失了,霍布森先生。您去了何处？"
dialogue|4|25|Dialogue Text,Where's [[Nina Lagasse]]?,[[尼娜·拉加斯]]在哪儿？
dialogue|4|27|Dialogue Text,"May I ask, what is your interest?","敢问,您有何来意？"
dialogue|4|28|Dialogue Text,"The honour is mine, Dr Aubière.","荣幸的是我,奥比埃医生。"
dialogue|4|29|Dialogue Text,"Handsome place, this. How did you pay for it?",这地方真体面。您是如何弄到钱的？
dialogue|4|30|Dialogue Text,"Perhaps, M. Hobson, we can discuss that later. For now - how may I assist you?","或许,霍布森先生,我们稍后再谈这个。眼下——我该如何为您效劳？"
dialogue|4|31|Dialogue Text,Not at all. I do hope I may be of some assistance.,不必客气。我由衷希望能帮上些忙。
dialogue|4|32|Dialogue Text,I'm looking for a former patient of yours. [[Nina Lagasse]].,我在找您的一位旧病人。[[尼娜·拉加斯]]。
dialogue|4|33|Dialogue Text,[Truth] I know in my heart that I need to find her.,"[实话] 我心中明白,我必须找到她。"
dialogue|4|34|Dialogue Text,[Truth] There's a matter that only Nina can help with.,"[实话] 有件事,只有尼娜帮得上忙。"
dialogue|4|36|Dialogue Text,[Truth] I haven't really thought about it.,[实话] 我还没怎么想过这件事。
dialogue|4|37|Dialogue Text,My business is my own.,"我的事,是我自己的事。"
dialogue|4|38|Dialogue Text,Mm. Mm.,嗯。嗯。
dialogue|4|39|Dialogue Text,Certain privileges are afforded to me by our patrons. I would very much like to employ those privileges to your benefit.,"我们的赞助人赋予了我某些特权。我非常乐意动用这些特权,为您谋得好处。"
dialogue|4|41|Dialogue Text,"...it is a grave responsibility, M. Hobson, to be a healer of minds, just as it is an adept. Especially minds so exceptional as those of our patients....","……成为心灵的医者是一项沉重的责任,霍布森先生,正如成为一名修士。尤其是我们病人那般卓异的心灵……"
dialogue|4|43|Dialogue Text,in that I am the holder - the keeper - the guardian! - of certain information not shared with the wider public. That includes any information I might have on Mlle Lagasse's whereabouts.,正因为我乃是某些信息的所有者——守护者——卫士!——这些信息从不与广众共享。其中便包括我可能掌握的关于拉加斯小姐下落的一切信息。
dialogue|4|44|Dialogue Text,"[Aubière gives a tight smile, as if snapping closed a preferred hypothesis.] I am very sorry, M. Hobson, but any information I might have on Mlle Lagasse's whereabouts - that information is confidential.","[奥比埃露出紧绷的一笑,仿佛啪地合上了一册心爱的假说。] 非常抱歉,霍布森先生,但凡我可能掌握的关于拉加斯小姐下落的信息——那些信息均属机密。"
dialogue|4|45|Dialogue Text,Of course. I understand.,当然。我明白。
dialogue|4|46|Dialogue Text,[Menacing] That's unfortunate.,[威胁] 那可真遗憾。
dialogue|4|47|Dialogue Text,"You mean, it'll cost me.","你的意思是,我得付出代价。"
dialogue|4|48|Dialogue Text,"Nothing so crude, M. Hobson. However...","没那么露骨,霍布森先生。不过……"
dialogue|4|49|Dialogue Text,Go on.,说下去。
dialogue|4|50|Dialogue Text,"If I open that box for you, then you'll tell me where I can find Nina?","如果我替你打开那只盒子,你便会告诉我,我能在哪里找到尼娜？"
dialogue|4|53|Dialogue Text,Precisely so.,正是如此。
dialogue|4|54|Dialogue Text,"That's very kind of you, Dr Aubière. I hope I can return your kindness in some way.","您太客气了,奥比埃医生。但愿我能以某种方式回报您的好意。"
dialogue|4|55|Dialogue Text,"Stop wasting my time, Doctor. What are you talking about?","别浪费我的时间,医生。您究竟在说什么？"
dialogue|4|56|Dialogue Text,Of course. I'm still an ordained priest of the Church Solar...,当然。我仍是太阳教会的一名授职神父……
dialogue|4|57|Dialogue Text,A vessel to carry the consecrated Host - to those too ill to attend church.,"一个器皿,盛装祝圣过的圣体——送予那些病重得无法去教堂的人。"
dialogue|4|58|Dialogue Text,Let's say I do.,就当我是吧。
dialogue|4|62|Dialogue Text,"This is perhaps a very old pyx. Or, one source has it, a reliquary - with a relic perhaps of St Galileo himself. In any case it has proven difficult to open. I am reluctant to damage it.","这或许是一只年代极古的圣体盒。又或者,据某处记载,是一具圣物匣——内中或许藏着圣伽利略本人的遗物。无论如何,它始终难以开启。我不忍将其损坏。"
dialogue|4|63|Dialogue Text,"The doctor bends over in his chair to poke around in a drawer at the base of his desk. For a few seconds, he bends low enough that his head is beneath the level of the desk-top.","医生坐在椅中弯下腰,在书桌底座处的抽屉里翻找。有那么几秒,他弯得极低,头都低到了桌面之下。"
dialogue|4|64|Dialogue Text,Wait politely.,礼貌地等候。
dialogue|4|66|Dialogue Text,Take the opportunity to swipe something valuable off his desk.,趁机从他桌上顺走一件值钱的东西。
dialogue|4|68|Dialogue Text,"Try to read some of the papers on his desk, upside-down.",试着倒着读他桌上的几份文件。
dialogue|4|69|Dialogue Text,Here. Do you know what is a 'pyx'? [Aubière is vertical again.],给。你知道什么是「圣体盒」吗？〔奥比埃又直起身了。〕
dialogue|4|69|Menu Text,Clears any Exhibits from our desk interactions,清除我们桌面互动中留下的全部展品
dialogue|4|70|Dialogue Text,[He's holding a circular box the size of a small cake-tin. A worn silver-gilt dove sits atop it.],他捧着一只圆盒，大小如同小号蛋糕模。盒顶蹲着一只磨损的银鎏金鸽子。
dialogue|4|72|Dialogue Text,"Letterheads from an Incorporate entity called the Menninger Foundation, and from the European Recovery Program - the Acheson Mission. Both thank Aubière for his reports - though the ERP letter is much terser. Both discuss further funding... and Aubière is straightening up.",信头来自一家名为曼宁格基金会的集团实体，以及欧洲复兴计划——艾奇逊使团。两封信都感谢奥比埃呈交的报告——不过 ERP 那封要简慢得多。两封都谈及进一步的资助……而奥比埃正在直起身来。
dialogue|4|73|Dialogue Text,"Letterheads from an Incorporate entity called the Menninger Foundation, and from the European Recovery Program - the Acheson Mission - but Aubière is already straightening up.",信头来自一家名为曼宁格基金会的集团实体，以及欧洲复兴计划——艾奇逊使团——但奥比埃已经直起身来。
dialogue|4|80|Dialogue Text,"A little antique coin - silver, perhaps. I pocket it hastily as Aubière returns to the vertical.",一枚小小的古币——也许是银的。趁奥比埃重新直起身，我匆匆把它揣进口袋。
dialogue|4|81|Dialogue Text,A little antique silver coin is just too far away to snag. I settle for a fountain pen and pocket it hastily as Aubière returns to the vertical.,那枚小小的古银币太远，够不着。我退而求其次，拿了一支钢笔，趁奥比埃重新直起身时匆匆揣进兜里。
dialogue|4|82|Dialogue Text,Cough impatiently.,不耐烦地咳嗽一声。
dialogue|4|83|Dialogue Text,What's in it?,里面是什么？
dialogue|4|84|Dialogue Text,"If it's a pyx, then I would imagine only the dust of centuries. If a reliquary, then, perhaps, a relic of St Galileo. Or, it might be, a surprise! Enticing, no?",若是圣体盒，我想里面只有几个世纪的尘埃。若是圣物匣，那或许装着圣伽利略的遗骸。又或许……是个惊喜！引人好奇，不是吗？
dialogue|4|85|Dialogue Text,Where did it come from?,它从哪儿来的？
dialogue|4|87|Dialogue Text,It was a gift to the institution from another guest. Someone who collects curios. I thought he wanted to show his gratitude to us. But I begin to suspect a little prank. ,是另一位客人赠与本院的礼物。那人喜爱收藏古玩。我原以为他是想向我们表达谢意。可我开始怀疑，这是个小小的恶作剧。
dialogue|4|88|Dialogue Text,[Hold out a hand for the box.],伸出手，向他讨要盒子。
dialogue|4|89|Dialogue Text,The box is heavy; cold to the touch. One quartz-crystal eye flashes in the Antibes sunlight. The dove's other eye is missing.,盒子很沉；触手冰凉。一颗石英水晶眼在昂蒂布的阳光下闪烁。鸽子的另一只眼不见了。
dialogue|4|90|Dialogue Text,Press the dove's eye.,按下鸽子的眼睛。
dialogue|4|91|Dialogue Text,Try to twist the dove.,试着拧动鸽子。
dialogue|4|92|Dialogue Text,Examine the box for inscriptions.,检查盒子上有无铭文。
dialogue|4|93|Dialogue Text,[Pry at the lid of the box with a fingernail.],用指甲撬动盒盖。
dialogue|4|94|Dialogue Text,"With almost no pressure, the lid pops easily and unceremoniously out: the box is open. Inside, a little white ceramic jar.",几乎没用什么力气，盒盖便轻易、毫不讲究地弹开：盒子开了。里面是一只小小的白色瓷罐。
dialogue|4|95|Dialogue Text,Shake the box.,摇一摇盒子。
dialogue|4|96|Dialogue Text,"You're a doctor, and your patient records are confidential.... unless I crack open your puzzle-box. That's a little unusual, isn't it?",你是医生，病人的病历是保密的……除非我撬开了你的谜盒。这多少有点不寻常，不是吗？
dialogue|4|97|Dialogue Text,"Yes. Irregular, even. But though I wish to help, I must account for my actions. If I am asked why I shared this information - then if I can say that I needed your expertise - it will go easier for us both.",是的，甚至可以说是不合常规。但即便我愿意相助，也必须为自己的行为负责。若有人问起我为何泄露这些信息——那时，我若能说，我需要你的专业——对我们俩都会好办些。
dialogue|4|98|Dialogue Text,"The sunlight folds itself tidily across the desk, softened by the glass of the window. The softened colour of it takes me back...",阳光穿过窗玻璃，柔柔地、整整齐齐地叠在桌面上。那柔化的颜色，让我回到从前……
dialogue|4|99|Dialogue Text,"Just so the Cornish sunlight folded itself across the desk in the Westcott Room, where Serena would wait to question me after my visits to the infirmary. This Aubière is a little like Serena: a velvet surface, but under pressure, hard as oak.",正如康沃尔的阳光也曾那样叠在韦斯科特室的桌面上——我每回探过医务室，塞蕾娜都会在那儿等着盘问我。这个奥比埃，有几分像塞蕾娜：天鹅绒的表面，一旦受压，却硬如橡木。
dialogue|50|10|Dialogue Text,"""Speech is a Wound; Silence is Silver. There is no Silver Door, nor can there be, even in the Moon's House…""",“言语是一道创口；沉默是白银。白银之门并不存在，也不可能有，纵在月之居屋中……”
dialogue|50|11|Dialogue Text,Coseley believed that it was language that debased the [[Cross]] into mere humanity.,科斯利相信，正是语言使[[介壳种]]沦为凡人之身。
dialogue|50|12|Dialogue Text,I never really understood that.,我从未真正理解过这一点。
dialogue|50|13|Dialogue Text,"As far as I could make out, Coseley never much cared if anyone else agreed with him.",据我所能了解的，科斯利从不在意别人是否认同他。
dialogue|50|1|Dialogue Text,"The unmistakably sensual, intelligent, uncompromising features of the immortal magus Julian [[Coseley]].",不朽法师朱利安·[[科斯利]]的面容——性感、睿智、毫不妥协，一眼即可辨认。
dialogue|50|2|Dialogue Text,There was an ending...,曾有过一个结局……
dialogue|50|3|Dialogue Text,[Back to the room.],[回到房间。]
dialogue|50|5|Dialogue Text,The [[Bureau]] believed that he was killed by a rising competitor. But a Winter-long like Coseley could not die before the date agreed with his patron - any more than he could live beyond that date.,[[防剿局]]相信他是被一个正在崛起的竞争者杀死的。但像科斯利这样的冬之长生者，既不能在与其庇护者约定的日期之前死去，也不可能活过那个日期。
dialogue|50|7|Dialogue Text,"Still, he was much diminished. A relief. Coseley was very dangerous.",尽管如此，他已大不如前。令人安心。科斯利非常危险。
dialogue|50|8|Dialogue Text,"Still, he was much diminished. A pity. Coseley had an extraordinary mind.",尽管如此，他已大不如前。真是可惜。科斯利拥有一副非凡的头脑。
dialogue|50|9|Dialogue Text,[Quote from one of his works.],[引用他作品中的一句话。]
dialogue|51|1|Dialogue Text,Slavery to freedom; labour to industry; Egypt to America.,从奴役到自由;从劳作到工业;从埃及到美洲。
dialogue|51|2|Dialogue Text,[Knock] What would they find on that mountain? The Mansus? The City Unbuilt?,[启] 他们在那座山上会寻得什么？漫宿？未建之城？
dialogue|51|3|Dialogue Text,"[Forge] WE MAY ACHIEVE, the painting declares.","[铸] “我们能有所成”,画作如此宣告。"
dialogue|51|4|Dialogue Text,"[Winter] All that optimism, and then the Wars. Everything is worse than when I went away.","[冬] 那样多的乐观,然后便是战争。一切都不如我离去之时。"
dialogue|51|7|Dialogue Text,"1936 was the centennial of Texas, and that star must stand for the Lone Star State where that [[Icarian]] community found Star-fragments. Perhaps that's a coincidence.","1936 年适逢得克萨斯百年之庆,那颗星想必代表孤星之州——那个[[伊加利亚]]社群正是在那里寻得了星之碎片。也许这只是巧合。"
dialogue|51|8|Dialogue Text,1936. A bad year for me.,1936 年。对我来说是糟糕的一年。
dialogue|51|9|Dialogue Text,[Back to the hall.],[回到大厅。]
dialogue|52|1|Dialogue Text,"The warrior-angel, winged, impassive, harnessed for war.","战争天使,双翼俱全,面容漠然,披挂备战。"
dialogue|52|2|Dialogue Text,[Edge/Knock] I remember my wounds in the Great War...,[刃/启] 我记起我在大战中受的伤……
dialogue|52|3|Dialogue Text,[Winter] I remember the sorrows of the Great War...,[冬] 我记起大战中的种种悲伤……
dialogue|52|4|Dialogue Text,[Lantern] St Michael is a favoured Name of a certain solar Hour. I remember when things were clearer. Should I pray...?,[灯] 圣米迦勒是某位太阳司辰所宠爱的名。我记得世事尚属清明之时。我该祈祷吗……？
dialogue|52|5|Dialogue Text,[Back to hallway.],[回到走廊。]
dialogue|53|1|Dialogue Text,The secret heart of the wood? Or the [[Wood]]? Did Emmenegger approach the [[Mansus]] in his dreams?,这片树林的秘密之心？抑或那[[木材]]？埃门内格是否曾在梦中接近[[漫宿]]？
dialogue|53|2|Dialogue Text,[Knock] It has that quality. I wonder what he found there...,[启] 确有那种质地。不知他在那里寻见了什么……
dialogue|53|3|Dialogue Text,[Winter] It's just a forest at night. Not everything is occult.,[冬] 不过是夜晚的森林。并非一切皆为玄秘。
dialogue|53|4|Dialogue Text,[Grail] Who knows? But the darkness between the trees draws me.,[杯] 谁知道呢？但树丛间的黑暗吸引着我。
dialogue|54|10|Dialogue Text,My heart urges me to find her soon. But I don't always listen to my heart.,我的心催我尽快找到她。但我并不总是听从自己的心。
dialogue|54|11|Dialogue Text,"My heart urges me to find her soon. Since I came back to the World, I've learnt to listen to my heart.","我的心催我尽快找到她。自从回到人间,我学会了听从自己的心。"
dialogue|54|13|Dialogue Text,"[We won't usually tell you explicitly which choices act with which Passions - we let you roleplay, or guess.]","[我们通常不会明确告诉你们,哪些选择对应哪些激情——我们让你们自己去扮演,或者自己猜。]"
dialogue|54|14|Dialogue Text,"Antibes. Before War came to the World, this was the sweet blue eye of the Riviera. Yachts and parties and film-star villas. Picasso painted his Pierrots, here by the sea. ","昂蒂布。在战争降临人间之前,这里曾是里维埃拉甜美的蓝色眼眸。游艇、派对、影星的别墅。毕加索就在这片海边,画下他的皮埃罗们。"
dialogue|54|15|Dialogue Text,A long rattling road from Alexandria to Antibes. Through mountain and forest and choking smoke. But here I am at last.,"从亚历山大港到昂蒂布,一条漫长而颠簸的路。穿过山岭、森林与呛人的浓烟。但终于,我到了这里。"
dialogue|54|16|Dialogue Text,EXIT EARLY,提前离开
dialogue|54|17|Dialogue Text,[The next choice acts with a [[Passion]]. Choose a Passion you possess to refresh pips in your [[Aspect Pool]]. Choose a new one to start on the path to acquiring it - you can have up to three Passions.],"[下一个选择会作用于一项[[激情]]。选择一项你已拥有的激情,可为[[性相池]]补充小点;选择一项新的,则是踏上习得它的道路——你最多可以拥有三项激情。]"
dialogue|54|19|Dialogue Text,[Potential] But Picasso - Picasso had an <i><u>owl</u></i>.,[天赋]但毕加索——毕加索有一头<i><u>猫头鹰</u></i>。
dialogue|54|20|Dialogue Text,Ubu.,于布。
dialogue|54|21|Dialogue Text,He called the owl 'Ubu'.,他给那只猫头鹰取名叫「于布」。
dialogue|54|22|Dialogue Text,"[Potential] Villas full of idiots, waiting for the war to kill them all.","[天赋]别墅里住满了蠢人,等着战争把他们统统杀死。"
dialogue|54|23|Dialogue Text,[Welcome to <i>Travelling at Night.</i>],[欢迎来到<i>Travelling at Night.</i>]
dialogue|54|24|Dialogue Text,"""The sun is a cut throat"", the night recites.",「骄阳是道割开的喉咙」，夜色如此吟诵。
dialogue|54|25|Dialogue Text,But now I'm in the world again. My heart throbs and clashes with anticipation.,"可如今,我再次置身人间。我的心因期盼而悸动、翻涌。"
dialogue|54|26|Dialogue Text,This gold-and-grey divided city has suffered - but it's not like anywhere else now. Poor dying Europe is going out in style.,"这座金灰交织、被撕裂的城市饱经苦难——但如今,它已不同于任何别处。可怜又垂死的欧洲,正在华丽地退场。"
dialogue|54|27|Dialogue Text,"Well, I can almost hear the night saying, does anything? It has a point. I'd better hurry.","唔,我几乎能听见夜色在问:万事万物,当真有所不同吗?它说得有道理。我最好快些。"
dialogue|54|28|Dialogue Text,Apparently it didn't kill them all. Not yet.,"看来,战争没能把他们全杀光。至少现在还没有。"
dialogue|54|2|Dialogue Text,[Potential] Long lazy-angled days in the sun... but now the sun is sombre.,"[天赋]阳光里那些漫长而慵懒的日子……可如今,太阳是阴沉的。"
dialogue|54|30|Dialogue Text,I could use a bath.,我需要洗个澡。
dialogue|54|31|Dialogue Text,"[But really, just pick the option that suits you. The game works best when you do that.]","[但说到底,选那个最合你心意的选项就好。这样做,游戏体验最佳。]"
dialogue|54|32|Dialogue Text,I could use a coffee.,我需要来杯咖啡。
dialogue|54|33|Dialogue Text,I could use a shave.,我需要刮刮胡子。
dialogue|54|34|Dialogue Text,"[That tiny choice will have a tiny consequence, later. In a moment, another tiny choice.]","[那个微小的选择,稍后会带来一个微小的后果。再过片刻,又将是另一个微小的选择。]"
dialogue|54|35|Dialogue Text,I could use a cigarette.,我需要来支烟。
dialogue|54|36|Dialogue Text,"[Look for [[Nina Lagasse]]. Until you find her, 'why' is less important than 'where'.]","[去寻找[[尼娜·拉加斯]]吧。在找到她之前,「为什么」不如「在哪里」重要。]"
dialogue|54|38|Dialogue Text,But I have to find [[Nina Lagasse]]... and her trail has brought me here.,"但我必须找到[[尼娜·拉加斯]]……是她的踪迹,把我引到了这里。"
dialogue|54|39|Dialogue Text,[Potential] Years ripe with opportunity. I could have made my mark.,"[天赋]那些年,机遇正当时。我本可以留下印记。"
dialogue|54|3|Dialogue Text,[Potential] But I never had a chance to enjoy the Riviera in the golden years. I was stuck somewhere older and chillier.,"[天赋]可那些黄金岁月里,我从未有机会享受里维埃拉。我当时困在一个更古老、更阴冷的地方。"
dialogue|54|40|Dialogue Text,"[Potential] And then the War. So many dead, deported, lost. I was in no position to help.","[天赋]然后,战争来了。那么多人死去、被驱逐、不知所踪。我那时无力相助。"
dialogue|54|41|Dialogue Text,[Potential] A little too giddy and dissipated for my tastes. I'd have preferred somewhere quieter.,"[天赋]那里太过轻浮放荡,不合我的口味。我宁愿待在一个更安静的地方。"
dialogue|54|42|Dialogue Text,"Although perhaps I'll find I've lost my taste for the quiet life, after so many years outside the world...","不过,在人间之外待了那么多年,也许我会发现自己已经不再向往安静的生活……"
dialogue|54|43|Dialogue Text,But there's always someone else to save.,"但总会有别人,等着我去救。"
dialogue|54|44|Dialogue Text,"Doctor to the stars, perhaps. Or a spiritual instructor to politicians and princesses. But there'd always have been something missing.","或许,成为名流的医生。又或许,成为政客与公主们的精神导师。但总会有一样东西,始终缺失。"
dialogue|54|45|Dialogue Text,Antibes. Before War came to the World -,昂蒂布。在战争降临人间之前——
dialogue|54|4|Dialogue Text,"[Potential] And now here I am! Even before I went away, first time in a new city was always exciting.","[天赋]而现在我就在这里了!即便在离开之前,每到一个新城市,头一遭总是令人兴奋。"
dialogue|54|50|Dialogue Text,[Possessed] Years ripe with opportunity. I could have made my mark.,"[附身]那些年,机遇正当时。我本可以留下印记。"
dialogue|54|52|Dialogue Text,"[Possessed] Villas full of idiots, waiting for Worms or Wars to kill them all.","[附身]别墅里住满了蠢人,等着蠕虫或战争把他们统统杀死。"
dialogue|54|54|Dialogue Text,[Possessed] But I never had a chance to enjoy the Riviera in the golden years. I was stuck somewhere older and chillier.,"[附身]可那些黄金岁月里,我从未有机会享受里维埃拉。我那时困在一个更古老、更阴冷的地方。"
dialogue|54|56|Dialogue Text,"[Possessed] And then the War. So many dead, deported, lost. I was in no position to help.","[附身]然后,战争来了。那么多人死去、被驱逐、不知所踪。我那时无力相助。"
dialogue|54|58|Dialogue Text,"[Possessed] Even before I went away, first time in a new city was always exciting.","[附身]即便在离开之前,每到一个新城市,头一遭总是令人兴奋。"
dialogue|54|60|Dialogue Text,[Possessed] That was never going to last.,"[附身]那样的日子,注定不会长久。"
dialogue|54|62|Dialogue Text,[Possessed] A little too giddy and dissipated for my tastes. I'd have preferred somewhere quieter.,"[附身]那里太过轻浮放荡,不合我的口味。我宁愿待在一个更安静的地方。"
dialogue|54|64|Dialogue Text,[Possessed] Long lazy-angled days in the sun... but now the sun is bloodied.,"[附身]阳光里那些漫长而慵懒的日子……可如今,太阳已染血。"
dialogue|54|66|Dialogue Text,[Possessed] But Picasso - Picasso had an <i><u>owl</u></i>.,[附身]但毕加索——毕加索有一头<i><u>猫头鹰</u></i>。
dialogue|54|6|Dialogue Text,[Potential] That was never going to last.,"[天赋]那样的日子,注定不会长久。"
dialogue|54|70|Dialogue Text,"I was in London, reviewing books and trying to get my plays staged. I could have been rubbing shoulders with Cocteau and Bischoff and Stravinsky. Writing film scripts and librettos...","我那时在伦敦,评书撰稿,设法让我的剧作搬上舞台。我本可以跻身科克托、比绍夫与斯特拉文斯基之列。写电影剧本,写歌剧脚本……"
dialogue|54|71|Dialogue Text,"I gave up tobacco back in the thirties. My passengers hated smoke. Something you wouldn't expect from Worm infestation: better skin, better teeth.","三十年代起我便戒了烟草。我的乘客讨厌烟味。蠕虫侵染倒有一桩意想不到的好处:皮肤更好,牙齿更白。"
dialogue|54|72|Dialogue Text,But there's something about getting off a train in the rain that makes me miss that little rite: moment of fire between cupped hands.,"但每逢在雨中下车,总有什么让我怀念那小小的仪式:双手拢起之间,一瞬的火光。"
dialogue|54|73|Dialogue Text,"But the ticket-inspector was smoking Gitanes all the way from Milan, and it brought back memories.","但查票员一路从米兰抽着吉坦烟,勾起了我的回忆。"
dialogue|54|74|Dialogue Text,"I was on the train from Milan at dawn, before the cafés opened.","拂晓时分,我正坐在从米兰开出的火车上,那时咖啡馆还没开门。"
dialogue|54|75|Dialogue Text,My hair and collar are gritty with coal-dust.,"我的头发和衣领上,结满了沙沙的煤灰。"
dialogue|54|76|Dialogue Text,The ticket-inspector was smoking Gitanes all the way from Milan...,查票员一路从米兰抽着吉坦烟……
dialogue|54|77|Dialogue Text,I could only afford third class. Slatted seats and bellowing soldiers. I didn't get much sleep.,"我只坐得起三等车厢。条板座椅,粗声大气的士兵。我没睡上多少觉。"
dialogue|54|78|Dialogue Text,At least it's raining. Mixed blessing.,"至少,雨在下着。说不上是福是祸。"
dialogue|54|79|Dialogue Text,The itch is tiresome.,"这瘙痒,着实恼人。"
dialogue|54|7|Dialogue Text,"The Wars and their plagues took the glitter off those golden evenings, left the air dense and villainous. ","战争与瘟疫,磨去了那些黄金夜晚的光彩,把空气变得沉滞而险恶。"
dialogue|54|80|Dialogue Text,"'The best-dressed man in the Bureau', they used to call me. I hardly dared look in the toilet mirror.","「防剿局里穿着最考究的人,」他们从前这样叫我。如今我几乎不敢看洗手间里的镜子。"
dialogue|54|81|Dialogue Text,Razor blades aren't easy to come by just now. But the black market provides: I have a few tucked away.,"眼下,刮胡刀片可不容易弄到。不过黑市自有门路:我私下藏了几片。"
dialogue|55|100|Dialogue Text,If I'm not imposing...,如果我不打扰的话……
dialogue|55|102|Dialogue Text,You kidding? I can't do this alone.,开什么玩笑?这种事我一个人可干不来。
dialogue|55|103|Dialogue Text,Let's do this.,动手吧。
dialogue|55|104|Dialogue Text,"Fresh eggs, peppers, ham: rare treasures combined by a woman of real talent.","鲜蛋、甜椒、火腿:一位真正有天赋的女人,把难得的珍宝合而为一。"
dialogue|55|106|Dialogue Text,[Wipe my mouth and push the plate away.],"[擦擦嘴,推开盘子。]"
dialogue|55|108|Dialogue Text,"Too soon, the omelette is defeated.","没过多久,煎蛋卷便败下阵来。"
dialogue|55|109|Dialogue Text,"Omelette, yes, but is that... coffee?","煎蛋卷,没错,可那是……咖啡?"
dialogue|55|10|Dialogue Text,"Just... kinda... okay. Sorry, Mr Hobson. Sure.","就……有点……好吧。对不住,霍布森先生。成。"
dialogue|55|111|Dialogue Text,Sure. Only the good stuff here. I'll get you a cup.,当然。这儿只有好东西。我给你倒一杯。
dialogue|55|112|Dialogue Text,[Give my full attention to the coffee.],[把全部注意力交给咖啡。]
dialogue|55|113|Dialogue Text,"The coffee is irreproachable - bitter enough to make an impression, gentle enough not to leave one.","这咖啡无可指摘——苦得足以让人记住,柔得让人记不住。"
dialogue|55|114|Dialogue Text,Much better.,好多了。
dialogue|55|115|Dialogue Text,"Okay! Hungry, too?",好嘞!也饿了吗?
dialogue|55|13|Dialogue Text,<i>Mis</i>-ter Hobson. Hi.,霍布森先<i>生</i>。嗨。
dialogue|55|14|Dialogue Text,"Spencer, right? I'm Bessy. What's shaking?","斯宾塞,对吧?我是贝茜。近来可好?"
dialogue|55|15|Dialogue Text,You know my name?,你知道我的名字?
dialogue|55|16|Dialogue Text,Does <i>everyone</i> here know who I am already?,这里<i>所有人</i>都已经知道我是谁了?
dialogue|55|17|Dialogue Text,You hungry? This omelette... I think I went too far. It's really two omelettes. Maybe three. I'm going to need some help.,饿不饿?这份煎蛋卷……我觉得我摊过头了。实际上这是两份蛋卷。也许三份。我需要帮手。
dialogue|55|19|Dialogue Text,"I'm fine, Bessy, thank you.","我没事,贝茜,谢谢。"
dialogue|55|1|Dialogue Text,"A dreamily smiling, dreamily humming woman in horn-rimmed glasses. Delicious scents waft from the kitchen behind her: ham, onions.","一位戴着玳瑁框眼镜的女子,笑意迷离,哼着歌。她身后厨房里飘来诱人的香气:火腿,洋葱。"
dialogue|55|20|Dialogue Text,Ravenous.,饿坏了。
dialogue|55|22|Dialogue Text,A little.,有一点。
dialogue|55|23|Dialogue Text,"Western omelette, coming up.","西式蛋卷,这就来。"
dialogue|55|25|Dialogue Text,Something smells wonderful.,好香啊。
dialogue|55|26|Dialogue Text,[Wary] ...I'll eat later.,[警惕地]……我待会儿再吃。
dialogue|55|27|Dialogue Text,"The omelette is excellent. Fresh eggs, peppers, ham: all of those are difficult to come by.",煎蛋卷美味极了。鲜蛋、甜椒、火腿:这些如今可都不好弄到。
dialogue|55|28|Dialogue Text,Suit yourself. I'll battle this monster alone.,随你便。我自己对付这头怪兽。
dialogue|55|29|Dialogue Text,"Bessy eats with surprising enthusiasm. She talks with her mouth full. She even hums with her mouth full, or she taps her fingers to the rhythm - always variations on the same swinging, gentle tune.","贝茜吃得热情得惊人。她嘴里塞满食物还说话。嘴里塞满食物还哼歌,要么就跟着节拍敲手指——总是同一支摇摆而轻柔的曲调的各种变奏。"
dialogue|55|2|Dialogue Text,Word gets around.,消息传得快。
dialogue|55|30|Dialogue Text,This is really good.,真好吃。
dialogue|55|31|Dialogue Text,You're... American?,你是……美国人?
dialogue|55|32|Dialogue Text,"Thanks, man! It's nice to cook for someone who appreciates it.","谢啦,老兄!能有人懂这份手艺,做起来才有劲。"
dialogue|55|33|Dialogue Text,The doc's a vegetarian. Rodia's always on a diet. The Strath doesn't like 'foreign food'. Though Vincent and Mat... those cats have appetites.,医生吃素。罗迪娅永远在节食。斯特拉斯科因不喜欢“外国菜”。倒是文森特和马特……那俩家伙胃口好得很。
dialogue|55|35|Dialogue Text,"Uh-huh. Half, anyhow. My mother's from Quebec. So I grew up speaking the language. I couldn't seem to get started in New York - singing, I mean - so I tried in Paris.","嗯哼。一半是,怎么都算。我妈是魁北克人。所以我从小就说这语言。我在纽约怎么都起不了步——唱歌,我是说——所以就到巴黎试试。"
dialogue|55|36|Dialogue Text,"Do you work here? Or is the doctor treating you, too?",你在这儿工作?还是医生也在给你治病?
dialogue|55|37|Dialogue Text,"I <i>dug</i> Paris. Paris was <i>gone</i>! I mean, the end, you know?","我<i>爱透了</i>巴黎。巴黎<i>没了</i>!我是说,完蛋了,你懂吗?"
dialogue|55|38|Dialogue Text,Her face clouds.,她的脸色暗了下来。
dialogue|55|39|Dialogue Text,"Then, the Enemy came... and it was gone. I mean, it was the end.","然后,敌人来了……它就没了。我是说,那就是终局。"
dialogue|55|3|Dialogue Text,"Hi, Spence. What's the scene?!","嗨,斯宾塞。什么风把你吹来了?!"
dialogue|55|40|Dialogue Text,Different gone?,另一种没了?
dialogue|55|41|Dialogue Text,But you stayed?,可你留下了?
dialogue|55|42|Dialogue Text,Different gone.,另一种没了。
dialogue|55|44|Dialogue Text,"I stayed for a while. I knew Mat, I knew Mat's crowd. Me, two other girls, we were singing. We were doing okay, even then.","我留了一阵。我认识马特,认识马特那帮人。我,还有另外两个姑娘,我们一起唱歌。哪怕在那时候,我们混得也还凑合。"
dialogue|55|45|Dialogue Text,"But it kept getting stickier. Then, in '43, I came south. After - after -","可日子越来越难熬。然后,43年,我南下。在——在——"
dialogue|55|46|Dialogue Text,Hey. You mind if we talk about something else?,"嘿。咱们换点别的聊聊,不介意吧?"
dialogue|55|47|Dialogue Text,"Work. I guess you could say I came with the place? Audrey - Audrey Chadwick - Audrey owns the villa. I knew her pretty well, back home.","工作。我猜你可以说,我是随房子一起来的?奥德丽——奥德丽·查德威克——奥德丽是这别墅的主人。在家乡,我跟她挺熟。"
dialogue|55|48|Dialogue Text,I called her when I came down here from Paris. She let me know where to pick up the keys. Told me to keep an eye on the place.,我从巴黎下来的时候给她打了电话。她告诉我去哪儿拿钥匙。让我照看着这地方。
dialogue|55|49|Dialogue Text,Then the doc's people leased it from her. But Audrey told them I could stay as long as I liked.,"后来医生那边的人从她手里租了下来。但奥德丽跟他们说了,我想待多久都行。"
dialogue|55|4|Dialogue Text,"My name is <i>Spencer</i> Hobson. 'Mr Hobson', if you can't manage that.","我的名字叫<i>斯宾塞</i>·霍布森。“霍布森先生”,你要是叫不全的话。"
dialogue|55|50|Dialogue Text,Decent of her.,她人真不错。
dialogue|55|51|Dialogue Text,The doc's people?,医生那边的人?
dialogue|55|52|Dialogue Text,Yeah. Audrey's cool.,是啊。奥德丽人很酷。
dialogue|55|54|Dialogue Text,I should go.,我该走了。
dialogue|55|55|Dialogue Text,"I should go. Thanks for the omelette, Bessy.","我该走了。谢谢你的蛋卷,贝茜。"
dialogue|55|56|Dialogue Text,Any time!,随时都行!
dialogue|55|57|Dialogue Text,"Some kind of Incorporate foundation? Menninger, maybe? Graveyard, man. I don't know.","某种集团的基金会?曼宁格那样的,也许?公墓呗,老兄。我不知道。"
dialogue|55|60|Dialogue Text,What it is.,就是这么回事。
dialogue|55|63|Dialogue Text,"What it <i>is</i>. [Bessy nods, smiling, humming.]","就是这么<i>回事</i>。[贝茜点点头,笑着,哼着歌。]"
dialogue|55|64|Dialogue Text,"Uh... [Bessy, confused, looks around, spotting a coffee-pot behind her.]","呃……[贝茜一脸困惑,环顾四周,看见身后有个咖啡壶。]"
dialogue|55|65|Dialogue Text,It's a coffee-pot?,是个咖啡壶?
dialogue|55|67|Dialogue Text,Bessy... I'm looking for someone who stayed here. [[Nina Lagasse]].,贝茜……我在找一个曾住在这里的人。[[尼娜·拉加斯]]。
dialogue|55|68|Dialogue Text,Nina!,尼娜!
dialogue|55|69|Dialogue Text,Nina was <i>sunset</i>. [Bessy shakes her head in admiration.],尼娜可是<i>落日</i>啊。[贝茜赞叹地摇了摇头。]
dialogue|55|6|Dialogue Text,(Cube.),(方头。)
dialogue|55|70|Dialogue Text,"Bessy, can you talk like an adult, just for now? Where did she go?","贝茜,你就不能像大人一样说话吗,就现在?她上哪儿去了?"
dialogue|55|71|Dialogue Text,Sunset is good?,落日是好的意思?
dialogue|55|72|Dialogue Text,Sunset is <i>something</i>.,落日是<i>了不得</i>。
dialogue|55|73|Dialogue Text,Sunset is bad?,落日是不好的意思?
dialogue|55|74|Dialogue Text,Sunset. [Smile broadly.],落日。[咧嘴一笑。]
dialogue|55|76|Dialogue Text,Bessy dimples.,贝茜露出酒窝。
dialogue|55|77|Dialogue Text,Bessy looks briefly wary.,贝茜的神色短暂地警惕起来。
dialogue|55|78|Dialogue Text,"Yeah, she was here. She left pretty suddenly. I think she got what she needed from the doc.","嗯,她住过这儿。她走得挺突然。我觉得她从医生那儿得到了需要的东西。"
dialogue|55|79|Dialogue Text,"Whatever you say, Mister Hobson.","您怎么说都行,霍布森先生。"
dialogue|55|7|Dialogue Text,"Sure, man, whatever floats.","行啊,老兄,随你便。"
dialogue|55|80|Dialogue Text,[A smiling humming shrug.],[笑着哼着歌耸了耸肩。]
dialogue|55|81|Dialogue Text,"She came, she stayed, she left. I think she got what she wanted.","她来了,她住下了,她走了。我觉得她得到了想要的东西。"
dialogue|55|82|Dialogue Text,"Thanks, Bessy.","谢谢,贝茜。"
dialogue|55|83|Dialogue Text,[Sigh impatiently.],[不耐烦地叹了口气。]
dialogue|55|84|Dialogue Text,Hey. What's your thing with her? Why are you looking?,嘿。你跟她是怎么回事?为什么找她?
dialogue|55|86|Dialogue Text,[Truth] Let's say I'm following my heart.,[真话]就当我是在跟随内心吧。
dialogue|55|87|Dialogue Text,"That's my affair, and none of yours.","那是我的私事,与你无关。"
dialogue|55|88|Dialogue Text,"Well, okay.","行吧,随你。"
dialogue|55|89|Dialogue Text,"Sorry, Bessy. I don't know you well enough.","抱歉,贝茜。我还不够了解你。"
dialogue|55|8|Dialogue Text,[Resolve not to have heard that.],[打定主意没听见那句话。]
dialogue|55|90|Dialogue Text,"Oh, hey, it's cool. We've all got our secrets.","哦,嘿,没事。谁都有秘密。"
dialogue|55|92|Dialogue Text,[Truth] Feels right. I haven't thought too much about it.,[真话] 感觉对。我没怎么细想过。
dialogue|55|93|Dialogue Text,[Lie] She owes me a great deal of money.,[谎言] 她欠了我一大笔钱。
dialogue|55|94|Dialogue Text,"Oh, wow. Wow. Okay.","哦,哇。哇。好吧。"
dialogue|55|95|Dialogue Text,"Ha, okay. Funny thing? That's how I felt about coming here.","哈,好吧。有意思的是?我当初来这儿,也是这种感觉。"
dialogue|55|96|Dialogue Text,"My last name's Bloom. But I didn't go by Bloom, you know? Not for a while there.","我姓布卢姆。但我不叫布卢姆,你知道吗?好一阵子不用了。"
dialogue|55|97|Dialogue Text,Is that another one of your omelettes?,那又是你的煎蛋卷?
dialogue|55|98|Dialogue Text,What can I say? It's a habit. Interested?,我能说什么呢?习惯罢了。感兴趣?
dialogue|55|99|Dialogue Text,Very.,非常。
dialogue|55|9|Dialogue Text,What did you say to me?,你刚才对我说什么?
dialogue|56|1|Dialogue Text,Fitful fires flicker beneath the velvet veil...,"断续的火焰,在天鹅绒帷幕下明灭……"
dialogue|56|2|Dialogue Text,This entity is dormant - or its attention is elsewhere.,"这个存在正处于沉眠——或者说,它的注意力在别处。"
dialogue|57|10|Dialogue Text,"Fear and fascination war and wane. [[Dread]] and [[Fascination]] cancel each other out. If you have more of one than the other, it might cause dreams before it fades.",恐惧与入迷彼此交战，此消彼长。[[恐惧]]与[[入迷]]相互抵消。若一方多于另一方，便可能在消散之前引出梦境。
dialogue|57|12|Dialogue Text,Something like fever...,像是发烧一样……
dialogue|57|13|Dialogue Text,Snow whitens sleep-corners.,雪将睡梦的角落染白。
dialogue|57|14|Dialogue Text,Fight.,反抗。
dialogue|57|15|Dialogue Text,Submit.,屈服。
dialogue|57|16|Dialogue Text,Struggle.,挣扎。
dialogue|57|17|Dialogue Text,Succumb.,沉沦。
dialogue|57|18|Dialogue Text,My sleep's a little darker. Fever fades.,我的睡梦暗了一分。烧退了。
dialogue|57|19|Dialogue Text,The dream moves on. Perhaps it's found better prey.,梦继续前行。也许它已觅得更中意的猎物。
dialogue|57|20|Dialogue Text,I'm smiling and smiling am I in motion - beneath a glory of gold that loves me - should I give myself to it - should I only give myself -,我微笑着，微笑着，我正飘然而行——在爱着我的金色辉光之下——我该把自己交给它吗——我该只把自己交出去吗——
dialogue|57|21|Dialogue Text,This is the dream that sets its teeth in the neck's nape to drag what is left through the snow to the hollow place. It is too long. It ends.,这是那种将牙齿咬进后颈、把残躯拖过雪地、拖向那凹陷之处的梦。它太长了。该结束了。
dialogue|57|29|Dialogue Text,"Wake. Battle through the moment of waking confusion. Where I am, who I am -",醒来。闯过初醒时的迷乱。我在哪里，我是谁——
dialogue|57|2|Dialogue Text,These are the black halls of sightless Sleep.,这里是盲目之眠的漆黑殿堂。
dialogue|57|30|Dialogue Text,And I'm in the Sanitarium Aujourd'hui.,而我身在今日疗养院。
dialogue|57|45|Dialogue Text,"My dreams are only a hushed polka of the day's events. I make no attempt to reach the House that has no walls, or even the Wood around its walls. Much safer to stick with the midnight shuffle of sleeping thought.",我的梦不过是白日旧事的一支低声波尔卡。我无意抵达那座无墙的居屋，甚至它墙外的树丛也不曾触及。午夜睡思的曳步要安全得多。
dialogue|57|46|Dialogue Text, Memories gossiping beneath a dome of echoes..., 种种回忆在一座回声穹顶之下窃窃私语……
dialogue|57|47|Dialogue Text,"Is anyone watching this place? I'm so used to being hunted. [The more nights you spend in the same place, the more Traces you'll get each night.]",有人在盯着这个地方吗？我早已习惯了被追猎。〔你在同一处停留的夜晚越多，每夜获得的痕迹就越多。〕
dialogue|57|48|Dialogue Text,"This is the first night I've spent here. Unless I move on tomorrow, I might attract attention. [Spencer won't gain a [[Trace]] in his first night anywhere.]",这是我在这里度过的第一夜。除非我明日便启程离开，否则可能会引来注意。〔无论身处何地，斯宾塞的第一夜都不会获得[[痕迹]]。〕
dialogue|57|49|Dialogue Text,I'm Sylvain Huissier.,我是西尔万·韦西耶。
dialogue|57|50|Dialogue Text,I'm Spencer Hobson. ,我是斯宾塞·霍布森。
dialogue|57|5|Dialogue Text,Recovery... [ [[Weariness]] fades.],正在恢复……〔[[倦怠]]正在消退。〕
dialogue|57|7|Dialogue Text,"Pain troubles my sleep, but I'm healing. [When you sleep, [[Pain]] is converted to [[Weariness]].]",疼痛搅扰我的睡眠，但我正在痊愈。〔入眠时，[[痛苦]]会转化为[[倦怠]]。〕
dialogue|59|1|Dialogue Text,An abstract in vivid colours.,一幅色彩浓烈的抽象画。
dialogue|59|2|Dialogue Text,[Winter] Hideous.,[冬] 丑陋。
dialogue|59|3|Dialogue Text,[Moth] Fascinating.,[蛾] 迷人。
dialogue|59|4|Dialogue Text,"[Grail] Somehow, it brings [[Nina Lagasse]] to mind...","[杯] 不知怎的,它让我想起[[尼娜·拉加斯]]……"
dialogue|59|6|Dialogue Text,[Grail] It looks nothing like Nina. But somehow it reminds me of when I came here seeking her. Perhaps I just remembered the painting from that day...,"[杯] 它一点也不像尼娜。但不知怎的,它让我想起当初我来到这里寻她的情形。也许,我只是记起了那一天见过的那幅画……"
dialogue|60|11|Dialogue Text,Yes.,是啊。
dialogue|60|12|Dialogue Text,"Wasn't there another one like this, back by the door?",门边不是还有一幅与此相仿的吗？
dialogue|60|1|Dialogue Text,"Another vivid abstract, like the one at the door.","又一幅色彩浓烈的抽象画,与门口那幅相似。"
dialogue|60|2|Dialogue Text,It's even worse than the one by the front door.,比前门那幅还要糟。
dialogue|60|3|Dialogue Text,It's even more striking than the one by the front door.,比前门那幅还要触目。
dialogue|60|4|Dialogue Text,"Nina's white shadow, again in my thoughts...","尼娜白色的身影,又萦绕在我心间……"
dialogue|60|6|Dialogue Text,Ugh...,呃……
dialogue|60|8|Dialogue Text,Yes...,是啊……
dialogue|60|9|Dialogue Text,Ugh.,呃。
dialogue|61|13|Dialogue Text,[Yes: this response was conditioned by your choice when you came to Antibes.],[是:这条回应取决于你抵达昂蒂布时的选择。]
dialogue|61|14|Dialogue Text,That's long after he painted his Pierrots. And long after I left the world. But I heard a story on the train up from Alexandria.,"那远在他画皮埃罗之后。也远在我离开人世之后。不过,我在从亚历山大港北上的火车上,听过一个故事。"
dialogue|61|19|Dialogue Text,Step close to the painting. Whisper: '[[Ubu]]...',凑近画作。低声呢喃:“[[于布]]……”
dialogue|61|22|Dialogue Text,"She's simmering with suppressed rage, perhaps. Or is that me?","她也许正压抑着翻涌的怒火。又或者,那是我的怒火。"
dialogue|61|29|Dialogue Text,"'Antibes. Before War came to the World, this was the sweet blue eye of the Riviera. Yachts and parties and film-star villas. Picasso painted Pierrots, here by the sea...'","“昂蒂布。在战争降临世界之前,这里是里维埃拉湛蓝温柔的眼眸。游艇,派对,影星的别墅。毕加索在海边画下皮埃罗……”"
dialogue|61|2|Dialogue Text,She's probably dead now.,她现在多半已经死了。
dialogue|61|30|Dialogue Text,[We'll rarely be explicit about how your earlier choices play into consequences. But we wanted to confirm that even tiny choices sometimes have some tiny relevance.],"[我们很少明言,你此前的选择会如何演变为后果。但我们想让你确认:即便是微小的选择,有时也会有微小的牵系。]"
dialogue|61|32|Dialogue Text,"She's in pain, perhaps...",她也许正承受着痛苦……
dialogue|61|33|Dialogue Text,Did the Sanitarium's patrons buy this? Confiscate it? Loot it?,疗养院的赞助人是买下了它？没收了它？还是抢走了它？
dialogue|61|34|Dialogue Text,"There's a [[History]] where I found myself living by the sea in a stately white house, with a painting like this over my fireplace...","有一段[[历史]],在那其中,我发现自己住在海边的白屋之中,华美庄严,壁炉上方就挂着这样一幅画……"
dialogue|61|36|Dialogue Text,It's dated and signed. 1941.,"画上有日期,有签名。1941 年。"
dialogue|61|39|Dialogue Text,That's long after he painted his Pierrots. And long after I left the world. I have no idea if he was even in Antibes then.,那远在他画皮埃罗之后。也远在我离开人世之后。我甚至不知道他那时是否身在昂蒂布。
dialogue|61|3|Dialogue Text,Did Picasso ever paint a woman he didn't want?,毕加索可曾画过他不想要的女人？
dialogue|61|40|Dialogue Text,He was in Paris during the occupation. An Enemy officer saw <i>Guernica</i> on the wall of his apartment. 'Did you do that?' the officer asked.,"占领期间,他身在巴黎。一名敌方军官看见他公寓墙上挂着<i>格尔尼卡</i>。“这是你画的？”军官问道。"
dialogue|61|41|Dialogue Text,"'No',' Picasso said, 'you did'.","“不,”毕加索说,“是你们画的。”"
dialogue|61|42|Dialogue Text,I wonder if it's true.,不知此事是否属实。
dialogue|61|43|Dialogue Text,The tiniest of revenges.,最微小的复仇。
dialogue|61|44|Dialogue Text,"Picasso probably invented the story himself, and spread it once the Enemy was gone.","这故事大概是毕加索自己编造的,待敌人离去之后,便将它散播开来。"
dialogue|61|4|Dialogue Text,Who was she?,她是谁？
dialogue|61|6|Dialogue Text,The Sanitarium wanted a bit of local colour.,疗养院想要一点本地色彩。
dialogue|62|12|Dialogue Text,"Below the House, the [[little joys of night]].","居屋之下,是[[夜的微小欢愉]]。"
dialogue|62|13|Dialogue Text,Never again.,再也不了。
dialogue|62|14|Dialogue Text,"[Step away, cautiously.]",[小心地退开。]
dialogue|62|1|Dialogue Text,"'Beneath the skin of the world we find the Mansus, also called the World-Spine, also called the House of the Sun. Above the House is the [[Glory]], the origin of light, to which souls aspire. At the foot of the House, and around its walls - though it has no walls - is the [[Wood]].'","“在世界表皮之下,我们寻得漫宿——亦名世界之脊,亦名太阳居屋。居屋之上是[[辉光]],光的源头,众灵魂所向往者。居屋脚下,环绕四壁——虽说它并无墙壁——是那[[木材]]。”"
dialogue|62|2|Dialogue Text,Right there above the fireplace?,"就挂在那儿,壁炉上方？"
dialogue|62|3|Dialogue Text,I've seen this before...,我以前见过这个……
dialogue|62|4|Dialogue Text,And below the House - below the House -,而居屋之下——居屋之下——
dialogue|62|5|Dialogue Text,"This is what the Bureau would call a 'clear and immediate oneiric hazard.' There are a dozen images here which would have landed a dreamer in gaol. The Bureau's grip has loosened since the twenties, but still, it's quite something to display the painting so publicly.","这正是防剿局所称的“明确而迫近的梦境危害”。这里的图像足有十几处,足以令一个做梦者锒铛入狱。自二十年代以来,防剿局的掌控已有所松动,即便如此,如此公然地展出这幅画,也实在非同小可。"
dialogue|62|7|Dialogue Text,This is the work of the visionary they called the Magyar. It used to be one of the treasures of Hush House. I saw it there when I visited as a priest in the local parish - above the fireplace in the Westcott Room. It's safer to hang it above a fireplace - to keep the influences from threading their way into the dreams of the locals.,"这是那位被称作“马扎尔人”的幻视者之作。它曾是噤声居屋的珍藏之一。当年我以本地教区神父的身份造访时,正是在那里见过它——在韦斯科特厅的壁炉上方。把它挂在壁炉上方更稳妥——免得那些影响丝丝缕缕,渗入本地人的梦中。"
dialogue|62|8|Dialogue Text,"In my time as a parish priest in Cornwall, I saw it somewhere in [[Hush House]]. But where, exactly, is lost in a welter of scarred memories.","我在康沃尔任教区神父期间,曾在[[噤声居屋]]的某处见过它。但究竟是在何处,已湮没在一片伤痕累累的记忆之中。"
dialogue|62|9|Dialogue Text,How did it come here? Has someone been furnishing the Sanitarium Aujourd'hui with treasures from occult auctions?,它如何到了这里？莫非有人一直在用神秘拍卖会上拍得的珍藏来装点今日疗养院？
dialogue|63|10|Dialogue Text,"When I was priest in [[Brancrug]], I sometimes saw Christopher Illopoly in his rooms in [[Hush House]] - to argue about theology and drink his horrible burdock tea. I saw it there, I think...","我在[[布兰库格]]任神父时,偶尔会去[[噤声居屋]]的房间拜访克里斯托弗·伊洛波利——为争论神学,也为喝他那难以下咽的牛蒡茶。我想,我就是在那里见过它……"
dialogue|63|11|Dialogue Text,"I remember that I remarked on it; and he told me that it was a 'prefigure', done before the war by one of the Librarians of the place - someone who had the knack of copying work by other artists. But he'd copy the work before they'd ever actually painted it.","我记得我曾就它作过评点;他告诉我,那是一件“先行之作”,战前由此地一位司书所作——此人颇擅摹仿其他艺术家的作品。但他摹仿的,是那些艺术家尚未来得及画出的作品。"
dialogue|63|12|Dialogue Text,"So is it the original, from the House, or the... actual original... from what was then the future?","那么,这幅是出自居屋的原作,还是……真正的原作……那件来自彼时而言尚属未来的原作？"
dialogue|63|13|Dialogue Text,Look closer.,凑近细看。
dialogue|63|14|Dialogue Text,"It's signed LEVINSEN... but with a question mark after the signature. The prefigure, then, not the later work.","签名是“莱文森”……但签名之后跟着一个问号。那么,这是先行之作,而非后来那幅作品。"
dialogue|63|1|Dialogue Text,A lonely figure poles a flat boat across a lake of pistachio-green.,"一个孤独的身影撑着一叶平底舟,渡过一片开心果绿的湖泊。"
dialogue|63|3|Dialogue Text,[Edge] Menacing.,[刃] 凶险。
dialogue|63|4|Dialogue Text,[Rose] Inviting.,[引] 诱人。
dialogue|63|5|Dialogue Text,I've seen this painting before...,我以前见过这幅画……
dialogue|63|6|Dialogue Text,[Look away.],[移开目光。]
dialogue|63|7|Dialogue Text,[Winter] Peaceful.,[冬] 安宁。
dialogue|63|9|Dialogue Text,"When I was priest in [[Brancrug]], I sometimes saw Christopher Illopoly in his rooms in [[Hush House]] - to argue about theology and drink his horrible burdock tea. I saw it there.","我在[[布兰库格]]任神父时,偶尔会去[[噤声居屋]]的房间拜访克里斯托弗·伊洛波利——为争论神学,也为喝他那难以下咽的牛蒡茶。我就是在那里见过它。"
dialogue|64|10|Dialogue Text,A phrenology bust.,一尊颅相学半身像。
dialogue|64|12|Dialogue Text,"Ambergris: vulgarly called 'whale vomit'. Valuable, though. It has uses in unconventional medicine. I picked up a lump, once, walking on the beach in [[Brancrug]].","龙涎香:俗名“鲸鱼呕吐物”。不过价值不菲。它在非正统医药中自有其用途。我曾在[[布兰库格]]的海滩上散步时,捡到过一块。"
dialogue|64|13|Dialogue Text,"Ambergris, perhaps? Vulgarly called 'whale vomit'. Valuable, though.",或许是龙涎香？俗名“鲸鱼呕吐物”。不过价值不菲。
dialogue|64|15|Dialogue Text,"Amber: sacred in certain almost-orthodox rites. There are subtleties in the colour that suggest it might be Cornish amber. They had a little collection of that, at [[Hush House]]. No creatures trapped inside this lump.","琥珀:在某些几近正统的仪式中奉为神圣。色泽上的微妙之处显示,它或许是康沃尔琥珀。[[噤声居屋]]里曾存有一小批那种琥珀。这一块里面没有困住的生灵。"
dialogue|64|16|Dialogue Text,"Baltic amber? No creatures trapped inside, though.",波罗的海琥珀？不过里面没有困住的生灵。
dialogue|64|18|Dialogue Text,Beach-glass. This travelled a long way - rolled and smoothed by Atlantic waves and grey shingle. One traveller knows another.,海玻璃。它走了很远的路——被大西洋的浪涛与灰色的卵石滩磨圆磨滑。旅人识旅人。
dialogue|64|19|Dialogue Text,"Sea-glass, perhaps?",或许是海玻璃？
dialogue|64|1|Dialogue Text,"Glass shelves crowded with books, plants what can really only be described as 'curios'.","玻璃搁架上挤满了书籍、植物,以及那些只能称之为“珍奇之物”的东西。"
dialogue|64|21|Dialogue Text,"Rose-quartz, touched by sunset. Its touch sparks memories of the Western sea.","玫瑰石英,染着落日的颜色。触碰它,便唤起对西方大海的回忆。"
dialogue|64|22|Dialogue Text,Quartz?,石英？
dialogue|64|24|Dialogue Text,Not exactly beeswax. The texture is wrong. The scent is too sharp. A mottled pattern beneath the surface shifts with the light. It might be one of the exudations of the [[Carapace Cross]].,"不完全是蜂蜡。质地不对。气味太冲。表层之下有斑驳的花纹,随光线变幻。这或许是[[介壳种]]的某种分泌物。"
dialogue|64|25|Dialogue Text,Beeswax. Odd thing to put on a shelf.,蜂蜡。摆在架子上的古怪玩意儿。
dialogue|64|27|Dialogue Text,"A votive figure of the Sisterhood of the Triple Knot. I've only seen these in cave-shrines - beneath Meknes, beneath Alexandria, beneath [[Brancrug]].","三重结姐妹会的还愿像。我只在洞穴圣祠中见过这些——在梅克内斯之下,在亚历山大港之下,在[[布兰库格]]之下。"
dialogue|64|28|Dialogue Text,"Something pagan, unburied, almost familiar.","某种异教的、未曾入土的东西,几乎令人熟悉。"
dialogue|64|2|Dialogue Text,A lump of waxy grey.,一块蜡质的灰色疙瘩。
dialogue|64|30|Dialogue Text,"Plays, poetry. One could call this collection 'eclectic'. One might suspect these are books chosen to be displayed, not read.","戏剧,诗歌。可以说这套收藏“兼收并蓄”。你不免疑心,这些书是为陈列而选,而非为阅读。"
dialogue|64|31|Dialogue Text,"Plays, poetry.","戏剧,诗歌。"
dialogue|64|33|Dialogue Text,"I can't be certain, but this looks very like a bust that stood in a tower room in [[Hush House]]. I remember it because the joke was that it was a real skull, waxed. One day I quietly checked that it wasn't.","我不敢肯定,但这尊半身像与曾在[[噤声居屋]]一间塔楼房间里立着的那尊十分相似。我之所以记得它,是因为当时有个玩笑,说那是颗打了蜡的真头骨。有一天,我悄悄验证过,并非如此。"
dialogue|64|34|Dialogue Text,A demurely risqué choice for a twentieth-century sanitarium.,"对一座二十世纪的疗养院而言,这是个含蓄而大胆的选择。"
dialogue|64|35|Dialogue Text,"(No creatures trapped inside, echoes the night.)","(没有困住的生灵,黑夜回荡着。)"
dialogue|64|36|Dialogue Text,Coincidence?,巧合？
dialogue|64|37|Dialogue Text,Is there a theme to this collection - a familiar theme?,这套收藏是否有一个主题——一个熟悉的主题？
dialogue|64|38|Dialogue Text,This can't be a coincidence.,这不可能是巧合。
dialogue|64|39|Dialogue Text,"At least three of these objects have an Atlantic theme - perhaps a Cornish theme - perhaps specifically a [[Brancrug]] theme. Is there some connection between the Sanitarium Aujourd'hui, and [[Hush House]]?","这些物件中至少有三件带着大西洋主题——或许也是康沃尔主题——或许具体来说,是[[布兰库格]]主题。今日疗养院与[[噤声居屋]]之间,是否存在着某种关联？"
dialogue|64|3|Dialogue Text,[Step back.],[退后一步。]
dialogue|64|4|Dialogue Text,"A shining ovoid, the colour of late summer.","一枚发光的卵形物,色泽如夏末。"
dialogue|64|5|Dialogue Text,Sea-hued glass.,海色的玻璃。
dialogue|64|6|Dialogue Text,Shining pink crystal.,发亮的粉色晶体。
dialogue|64|7|Dialogue Text,Beeswax?,蜂蜡？
dialogue|64|8|Dialogue Text,"A figurine: a woman in a long, bodiced dress.",一尊小雕像:一位身着束腰长裙的女子。
dialogue|64|9|Dialogue Text,The books.,那些书。
dialogue|65|10|Dialogue Text,"I might ask you the same, m'sieu.","我也想这么问您,先生。"
dialogue|65|11|Dialogue Text,Fair point.,说得在理。
dialogue|65|12|Dialogue Text,[Growl.],[低吼一声。]
dialogue|65|1|Dialogue Text,"The door <i>behind</i> me, m'sieu.","门在我<i>身后</i>,先生。"
dialogue|65|3|Dialogue Text,[Grunt vaguely.],[含糊地哼一声。]
dialogue|65|4|Dialogue Text,You're very annoying.,你真烦人。
dialogue|65|5|Dialogue Text,[The most Gallic of shrugs],[一个最法兰西式的耸肩]
dialogue|65|7|Dialogue Text,"Oh, <i>that</i> door!","哦,<i>那扇</i>门!"
dialogue|65|8|Dialogue Text,<i>That</i> door! I must get my eyes examined.,<i>那扇</i>门!我该去检查检查眼睛了。
dialogue|65|9|Dialogue Text,Haven't you got anywhere else to go?,你就没有别的地方可去吗?
dialogue|66|10|Dialogue Text,"The cat suffers my touch, although no purr is forthcoming. The fur is very soft. The eyes are quite mad.","猫容忍了我的抚摸,尽管并未发出呼噜声。毛非常柔软。那双眼睛相当疯狂。"
dialogue|66|12|Dialogue Text,"Once again, the cat suffers my touch; once again, no purr is forthcoming; but it seems a little less wary.",猫再一次容忍我的抚摸;再一次没有呼噜声;但它似乎稍稍不那么警惕了。
dialogue|66|13|Dialogue Text,Mrrowr!!,喵呜!!
dialogue|66|14|Dialogue Text,"The cat leaps, skids, scrambles away in a tangled paroxysm of terror. It finds refuge on the top of the piano, staring warily from wide, resentful eyes.","猫跳起,打滑,在一团纠缠的恐惧痉挛中连滚带爬地逃窜。它躲到钢琴顶上,睁着圆瞪的、怨恨的眼睛警惕地望来。"
dialogue|66|15|Dialogue Text,Mrrowp?,喵呜?
dialogue|66|16|Dialogue Text,Evidently the cat recognises me.,"显然,猫认出了我。"
dialogue|66|17|Dialogue Text,Mrrowr.,喵呜。
dialogue|66|18|Dialogue Text,The cat watches me with unblinking suspicion.,猫一眨不眨地、满含猜疑地望着我。
dialogue|66|19|Dialogue Text,That'll teach it.,这算给它个教训。
dialogue|66|1|Dialogue Text,The cat's eyes fix upon me. Its stare is at once both terrified and indignant.,"猫的眼睛定在我身上。那目光既惊恐,又愤慨。"
dialogue|66|20|Dialogue Text,[Move on to other things.],[去做别的事。]
dialogue|66|21|Dialogue Text,The cat remains motionless on the sofa.,猫在沙发上一动不动。
dialogue|66|22|Dialogue Text,The cat remains safely out of reach on the piano's summit.,"猫安然待在钢琴顶上,让人够不着。"
dialogue|66|25|Dialogue Text,<i>This</i> is how such a cat would prefer to be touched.,<i>这样</i>才是这种猫喜欢的摸法。
dialogue|66|26|Dialogue Text,[Ignore the animal.],[别理会这只动物。]
dialogue|66|28|Dialogue Text,"Beneath the chin, for instance. And the absurd, magnificent chest-ruff also requires attention.","比如下巴底下。还有那团荒唐又华美的胸毛,也需要照料。"
dialogue|66|29|Dialogue Text,"No no. The ears, apparently, are not for us to touch.","不不。耳朵,显然,不是给我们摸的。"
dialogue|66|2|Dialogue Text,(Charming little creature.),(迷人的小东西。)
dialogue|66|30|Dialogue Text,"[Yes, this is clearly acceptable. Quite acceptable.]","[对,这显然可以。相当可以。]"
dialogue|66|32|Dialogue Text,[Renew diplomatic ties.],[续建外交关系。]
dialogue|66|33|Dialogue Text,[The cat does not let down its guard. The eyes continue to blaze like frightened head-lights at night. But we have established diplomatic relations.],[猫没有放松警惕。那双眼睛仍像夜里惊恐的车头灯般灼灼燃烧。但我们确立了外交关系。]
dialogue|66|34|Dialogue Text,Prrp.,咕噜。
dialogue|66|35|Dialogue Text,"[The Hobson-Cat detente is affirmed by both sides, and may continue.]","[霍布森与猫之间的缓和,得到了双方的确认,或可长续。]"
dialogue|66|3|Dialogue Text,"(I'm a dog person, really.)",(其实我是爱狗之人。)
dialogue|66|4|Dialogue Text,"(They let this thing run loose? Well, if I don't get too close, it probably can't attack.)","(他们让这东西到处乱跑?好吧,只要我别靠太近,它大概伤不了我。)"
dialogue|66|6|Dialogue Text,[Reach out to touch the luxuriant fur.],[伸手去摸那丰厚的皮毛。]
dialogue|66|7|Dialogue Text,[This thing is not respectful. Frighten it away.],[这东西不懂规矩。把它吓走。]
dialogue|66|8|Dialogue Text,[Maintain a safe distance.],[保持安全距离。]
dialogue|66|9|Dialogue Text,Mrrrp.,喵呜。
dialogue|6|20|Dialogue Text,My heart and the night agree: the safe will open when I turn the handle.,"我的心与夜晚不谋而合:只要我转动把手,保险柜便会打开。"
dialogue|6|21|Dialogue Text,Sort through the contents.,翻拣里面的东西。
dialogue|6|22|Dialogue Text,Is there someone else here? Pull back and look around.,"这里还有别人？退后,环顾四周。"
dialogue|6|23|Dialogue Text,"No cash in the safe: just documents. Letters, financial records... six notebooks. One is labelled HOBSON.",保险柜里没有现金:只有文件。书信、财务记录……六本笔记。其中一本标着“霍布森”。
dialogue|6|24|Dialogue Text,Look through the notebook with my name.,翻看写着我的名字的那本笔记。
dialogue|6|25|Dialogue Text,It's written in some sort of cipher. There's only a page and a half of notes so far.,笔记是用某种密码写成的。目前只有一页半的记录。
dialogue|6|26|Dialogue Text,"There is also an unflattering doodle of me. It's <i>probably</i> me. It has a moustache, anyway.",还有一幅对我毫不恭维的涂鸦。<i>大概</i>是我。反正它画着胡子。
dialogue|6|27|Dialogue Text,Look through the other notebooks.,翻看其余几本笔记。
dialogue|6|28|Dialogue Text,"SINOMBRE, STRATHCOYNE, VLACHOS. RAVELINE? and LAGASSE.",西诺姆布尔、斯特拉斯科因、弗拉霍斯。拉韦林？还有拉加斯。
dialogue|6|29|Dialogue Text,"Lagasse <i>is</i> her name now, the night reminds me. But there was a time when they called her the Witch of Lagash.","拉加斯<i>如今</i>确是她的名字,夜晚提醒着我。但曾有一段时日,他们称她为拉加什的女巫。"
dialogue|6|31|Dialogue Text,My heart throbs urgently in response.,我的心随之急切地搏动。
dialogue|6|32|Dialogue Text,A flimsy slip of paper - a calendrier with details of a travelling carnival - slides out from between the pages of the LAGASSE notebook...,一张轻薄的纸片——一份载着巡回马戏团详情的日历——从“拉加斯”笔记本的书页间滑落……
dialogue|6|33|Dialogue Text,Pocket it.,把它收进口袋。
dialogue|6|34|Dialogue Text,"To learn more, examine the Calendrier in your Inventory.","想了解更多,请在物品栏中查看那份日历。"
dialogue|6|35|Dialogue Text,Wind soughs. Night-time noises. No-one coming.,风呜呜作响。夜晚的声响。没有人来。
dialogue|6|36|Dialogue Text,This safe isn't safe. Close it and step back.,"这保险柜并不保险。合上它,退后。"
dialogue|6|37|Dialogue Text,Close the safe and step back.,"合上保险柜,退后。"
dialogue|6|38|Dialogue Text,Growl under my breath.,低声咆哮。
dialogue|6|39|Dialogue Text,Sniff contemptuously.,轻蔑地嗤了一声。
dialogue|6|40|Dialogue Text,Chuckle.,低笑。
dialogue|6|41|Dialogue Text,"This is a battleship-grey safe of Incorporate manufacture, solid as a continent, gleaming dully in the dimness. A safe like this opens only to the correct combination, or with the correct application of explosives.","这是一台集团出产的军舰灰保险柜,坚固如大陆,在昏暗中泛着暗哑的微光。这样的保险柜,只有正确的密码组合才能打开,或者恰当地使用炸药。"
dialogue|6|43|Dialogue Text,Leave it for now.,暂且放着。
dialogue|6|44|Dialogue Text,Approach it.,走上前去。
dialogue|6|45|Dialogue Text,The safe opens easily.,保险柜轻而易举地打开了。
dialogue|6|46|Dialogue Text,Look through the financial records.,翻看财务记录。
dialogue|6|48|Dialogue Text,But there's something else. On almost every document there's an enigmatic line item: ONTEIRIC CO-ORDINATION.,但还有别的东西。几乎每一份文件上都有一个费解的条目:冥合。
dialogue|6|49|Dialogue Text,The Sanitarium receives substantial funding from the European Recovery Program - the Acheson Mission - and from a semi-charitable Incorporate entity called the Meninger Foundation. <I>Very</i> substantial funding.,疗养院从欧洲复兴计划——艾奇逊使命——以及一家名为曼宁格基金会的半慈善集团实体处获得大笔资金。<i>极其</i>大笔的资金。
dialogue|6|50|Dialogue Text,The '<i>Office</i> of Onteiric Coordination' - the [[OOC]]? Who exactly is funding Aubière? Is the money really coming from Menninger?,“冥合<i>办公室</i>”——就是[[OOC]]？究竟是谁在资助奥比埃？这笔钱当真来自曼宁格吗？
dialogue|6|5|Dialogue Text,"I turn the handle. With an oiled click, the safe swings open, yawning a steel yawn...","我转动把手。随着一声油润的咔嗒,保险柜的门荡开,仿佛打了个钢铁的哈欠……"
dialogue|7|100|Dialogue Text,One human eye tracks my movements. Three other eyes glitter.,一只人眼追随着我的动作。另外三只眼睛闪闪发亮。
dialogue|7|102|Dialogue Text,Three eyes seem unfazed by my dressing-gown. The fourth widens indignantly.,三只眼睛似乎对我的睡袍无动于衷。第四只则愤然瞪圆。
dialogue|7|103|Dialogue Text,"Perhaps, sir, we can speak further when you've troubled to dress yourself. Hrmph!","先生,也许等你费心穿戴整齐之后,我们再继续谈吧。哼!"
dialogue|7|104|Dialogue Text,[Retreat.],[退下。]
dialogue|7|105|Dialogue Text,Hrmph!,哼!
dialogue|7|12|Dialogue Text,Mr Hobson.,霍布森先生。
dialogue|7|14|Dialogue Text,Aye. Dark times. But Dr Aubière sees to it for me.,"是啊。黑暗的时局。但奥比埃医生,替我照看着。"
dialogue|7|15|Dialogue Text,Out of the goodness of his heart?,出于他的一片好心?
dialogue|7|16|Dialogue Text,[The air around Strathcoyne carries a distinctive odour. Sniff discreetly.],"[斯特拉斯科因周身的气息,带着一种独特的气味。不动声色地嗅了嗅。]"
dialogue|7|17|Dialogue Text,I understand your arm is named Annabelle?,"我听说,您的胳膊名叫安娜贝尔?"
dialogue|7|18|Dialogue Text,"My arm has no 'name', Mr Hobson! This is a tedious and puerile bit of pawkiness perpetrated by an... ignoramus.","我的胳膊没有「名字」,霍布森先生!这是某个……无知之徒,炮制出的乏味又幼稚的促狭把戏。"
dialogue|7|19|Dialogue Text,"Dr Aubière is an 'ignoramus'? He has his flaws, but he's an educated man, surely.","奥比埃医生是「无知之徒」?他确实有缺点,但他毕竟是个受过教育的人。"
dialogue|7|1|Dialogue Text,"You'll be Hobson, then.","那么,你就是霍布森了。"
dialogue|7|20|Dialogue Text,"Dr Aubière is most certainly not the author of this calumny! In fact, I have his personal assurance that he will discipline that author.","奥比埃医生,绝非这诽谤的炮制者!事实上,他向我当面保证过,会好好管教那个炮制者。"
dialogue|7|21|Dialogue Text,"I'm sorry to tell you, Mr Strathcoyne, that I heard this 'Annabelle' nonsense directly from Dr Aubière. I had no idea it would offend you so. I'm very disappointed in him.","很抱歉告诉您,斯特拉斯科因先生,这「安娜贝尔」的胡话,我是从奥比埃医生那里亲耳听来的。我不知道这会如此冒犯您。我对他,非常失望。"
dialogue|7|23|Dialogue Text,Are you sure? I had thought much better of him.,"你确定吗?我原以为,他远比这高明。"
dialogue|7|24|Dialogue Text,"I'm sorry to tell <i>you</i>, Mr Hobson, that you must be mistaken. Dr Aubière is a man of excellent character.","很抱歉,我要告诉<i>你</i>,霍布森先生,你一定是弄错了。奥比埃医生,品行端方。"
dialogue|7|25|Dialogue Text,"I'm afraid so. I had it directly from him. In fact, the doctor is the only person I've heard use this silly nickname.","恐怕是的。我是从他本人那里听来的。事实上,这个傻绰号,我只听医生一个人用过。"
dialogue|7|26|Dialogue Text,Perhaps I was mistaken. It doesn't sound very much like him.,"也许是我弄错了。听起来,不太像他会做的事。"
dialogue|7|27|Dialogue Text,"This is very disappointing. Very disappointing indeed. He is not the man I thought, not that man at all. I should have known when - hm.","这实在令人失望。实在令人失望。他不是我以为的那个人,全然不是。我本该早就察觉——嗯。"
dialogue|7|28|Dialogue Text,"When what, Mr Strathcoyne?","您本该早察觉什么,斯特拉斯科因先生?"
dialogue|7|29|Dialogue Text,"Well, we have an arrangement, he and I. I have very specific requirements, d'y'see? Creature comforts and so forth. I pay a small surcharge to the doctor, to ensure my requirements are fulfilled. He has asked me to be discreet about our arrangement. But the surcharge has grown less small of late. It has been troubling me, Mr Hobson.","我与他有份约定,霍布森先生。我有一些很特别的要求,你明白吧?起居上的舒适之类。我向医生付一笔小小的额外费用,好让我的要求得到满足。他请我对这份约定守口如瓶。可近来那笔费用已不那么「小小」了。这让我颇为不安,霍布森先生。"
dialogue|7|2|Dialogue Text,"An honour to make your acquaintance, sir. But you have the advantage of me.","有幸与您相识,先生。只是,您认得我,我却还不认得您。"
dialogue|7|30|Dialogue Text,It sounds to me as if he has been taking advantage of your good nature.,"依我看,他是一直在利用您的好心肠。"
dialogue|7|31|Dialogue Text,Interesting.,有意思。
dialogue|7|32|Dialogue Text,I'm not surprised at all. I think he may not even be a real doctor.,我一点也不意外。我看他甚至可能根本不是真正的医生。
dialogue|7|33|Dialogue Text,"Don't flannel me, Hobson. I'm not so great a fool as all that. But yes, it is disappointing.","别跟我耍滑头,霍布森。我还没蠢到那份上。不过,确实令人失望。"
dialogue|7|34|Dialogue Text,"Let's not get carried away, Mr Hobson.","我们别得意忘形,霍布森先生。"
dialogue|7|35|Dialogue Text,"It is. But perhaps kept between us two for the time being, hey?","确实如此。但暂且只限于你我之间,嗯?"
dialogue|7|36|Dialogue Text,[Raising the subject with Aubière may provide an opportunity to pressure him.],"[向奥比埃提起此事,或可借机给他施压。]"
dialogue|7|37|Dialogue Text,Cigar smoke. Of course: he has those black market Romeo y Julietas in the humidor in his room.,雪茄烟雾。自然:他房间的保湿盒里存着那些黑市罗密欧与朱丽叶。
dialogue|7|3|Dialogue Text,My name is Fraser Strathcoyne. Did you have business with me?,"我是弗雷泽·斯特拉斯科因。你找我,有何贵干?"
dialogue|7|42|Dialogue Text,"Well, I pay a small surcharge. This is the world we live in, Mr Hobson. I trust the matter will remain between us. I wouldn't want to provoke unseemly envy.","嗯,我付了一笔小小的额外费用。我们活在这个世道里,霍布森先生。我相信此事会止于你我之间。我可不想招来不合时宜的艳羡。"
dialogue|7|43|Dialogue Text,"This is one of the privileges for which I pay my little surcharge to Dr Aubière. As I said, I hope the matter will remain between us. I wouldn't want to provoke unseemly jealousy.","这正是我付那笔小小费用给奥比埃医生换来的特权之一。如我所说,我希望此事止于你我之间。我可不想招来不合时宜的嫉妒。"
dialogue|7|44|Dialogue Text,"When he and I made the arrangement to supply my special requirements, Mr Hobson. This is the world we live in; but it is not an arrangement that an honest man would have offered me.","就在我与他就供应我的特别要求达成约定之时,霍布森先生。我们活在这个世道里;可这不是一个诚实的人会给我的约定。"
dialogue|7|45|Dialogue Text,"Are you a cigar man, Mr Strathcoyne?","您是抽雪茄的人吗,斯特拉斯科因先生?"
dialogue|7|46|Dialogue Text,[Don't mention the cigars.],[别提雪茄的事。]
dialogue|7|47|Dialogue Text,Strathcoyne wears a fixed smile which suggests a kind of chilly benevolence. His arm's expression is harder to read.,"斯特拉斯科因脸上挂着凝固的微笑,透着一种冷然的仁厚。他那只胳膊的神情,则更难以读懂。"
dialogue|7|48|Dialogue Text,"Good day, Mr Strathcoyne.","日安,斯特拉斯科因先生。"
dialogue|7|49|Dialogue Text,"I am. I couldn't do without my Churchills. Although cigar smoke does not entirely agree with my other nature, so I may yet be forced to give up that little pleasure.","正是。我离不开我的丘吉尔型雪茄。虽说雪茄烟雾与我的另一重本性并不完全相合,我或许终究要被迫舍弃这点小小的乐趣。"
dialogue|7|4|Dialogue Text,"My condolences on your condition, Mr Strathcoyne.","斯特拉斯科因先生,对您的状况,我深表同情。"
dialogue|7|50|Dialogue Text,Churchills? Cuban cigars? I haven't seen those in France since the war.,丘吉尔型?古巴雪茄?战后我在法国就没再见过这种东西。
dialogue|7|51|Dialogue Text,How do you know my name?,您怎么知道我的名字?
dialogue|7|52|Dialogue Text,"You were a Bureau man, were you not? I used to make it my business to keep abreast of Bureau matters.","你曾是防剿局的人,对不对?从前,打探防剿局的事务是我的本分。"
dialogue|7|53|Dialogue Text,When the Bureau still mattered a damn.,在防剿局还值得一提的那个年头。
dialogue|7|54|Dialogue Text,"Really just a social call, Mr Strathcoyne. But if I might impose on you to answer a few questions -","真的只是登门拜访,斯特拉斯科因先生。不过,若我斗胆劳烦您回答几个问题——"
dialogue|7|55|Dialogue Text,Yes. I have questions that need answering.,是的。我有几个问题需要答案。
dialogue|7|56|Dialogue Text,Indeed?,是吗?
dialogue|7|57|Dialogue Text,"Strathcoyne waits. His arm twiches now and then, but its eyes never move.","斯特拉斯科因等待着。他的胳膊不时抽动,可它上面的眼睛却一动不动。"
dialogue|7|58|Dialogue Text,You have something - something on - [Brush significantly at your own arm.],您身上有什么——有什么——[意味深长地掸掸自己的胳膊。]
dialogue|7|59|Dialogue Text,What on Earth is going on with your arm?,您的胳膊到底是怎么回事?
dialogue|7|5|Dialogue Text,"What? The [[Cross]]-change? Pray do not distress yourself, Mr Hobson. I have waited a great many years for it to begin.","什么?[[介壳种]]蜕变?请不要为此不安,霍布森先生。我等它开始,已经等了漫长的岁月。"
dialogue|7|60|Dialogue Text,"The [[Cross]]-change, Mr Hobson. A final personal advancement. The efflorescence of a long-held secret.","介壳种之变,霍布森先生。一次最终的个人进阶。一桩久藏秘密的绽放。"
dialogue|7|61|Dialogue Text,And there is only a very little pain.,而且只有一点点疼痛。
dialogue|7|63|Dialogue Text,[Take stock of the arm.],[打量那只胳膊。]
dialogue|7|64|Dialogue Text,"You are speaking of the [[Cross]]-change, I suppose, Mr Hobson? What an amusing fellow you are. Perhaps you should consider a career on the stage.","你说的想必是介壳种之变吧,霍布森先生?你可真是个有趣的人。也许你该考虑去舞台上谋个前程。"
dialogue|7|66|Dialogue Text,"I've seen Cross-touched humans, and Cross-relics in the wild places. Never anything quite like this. It's clearly the Cross-change. But...","我见过受介壳种沾染的人,也在荒野之地见过介壳种遗物。从未见过与此相似的景象。这显然是介壳种之变。但是……"
dialogue|7|67|Dialogue Text,"I've seen Cross-touched humans, and Cross-relics in the wild places. Never anything quite like this. But it's clearly the Cross-change.","我见过受介壳种沾染的人,也在荒野之地见过介壳种遗物。从未见过与此相似的景象。但显然,这是介壳种之变。"
dialogue|7|68|Dialogue Text,Is the Change why you're in the Sanitarium?,"您来疗养院,是因为这场变化吗?"
dialogue|7|69|Dialogue Text,It is a pleasant enough dallying-place. I'll remain here until my translation to the Incorporate territories is arranged. I have important business in the West.,这里是个足够宜人的逗留之所。我会在此待到前往集团领土的行程安排妥当。我在西方有要事在身。
dialogue|7|70|Dialogue Text,You're going to America?,您要去美国?
dialogue|7|71|Dialogue Text,"For a time. When I return, I'll take my place in one of my kind's new cities. They should be well in progress by that time.","待上一段时间。我回来后,便会在同类的某座新城市中安身。到那时,那些城市应该已经颇具规模了。"
dialogue|7|73|Dialogue Text,New cities?,新城市?
dialogue|7|74|Dialogue Text,A bright future.,光明的未来。
dialogue|7|75|Dialogue Text,Indeed.,的确。
dialogue|7|76|Dialogue Text,"Too early to speak of, Mr Hobson. Put it from your mind.","说来尚早,霍布森先生。把这事从脑子里赶走吧。"
dialogue|7|77|Dialogue Text,[Nod. Pull a coin out of Strathcoyne's ear and offer it to him.],"[点头。从斯特拉斯科因先生的耳朵里变出一枚硬币,递给他。]"
dialogue|7|78|Dialogue Text,"I apologise for my flippancy, Mr Strathcoyne.","我为自己的轻浮致歉,斯特拉斯科因先生。"
dialogue|7|80|Dialogue Text,Hrmp.,哼。
dialogue|7|82|Dialogue Text,"Strathcoyne's eyes pop. He takes the coin, examines it for a second, and then - apparently to his own surprise - guffaws. ","斯特拉斯科因瞪大了眼。他接过硬币,端详片刻,然后——显然连他自己都没想到——放声大笑。"
dialogue|7|83|Dialogue Text,"Unfortunately, Strathcoyne's arm interprets my sudden movement as an attack. It rears up, hissing, and Strathcoyne recoils.","可惜,斯特拉斯科因的胳膊把我这突然的动作当作袭击。它竖了起来,嘶嘶作响,斯特拉斯科因也随之退避。"
dialogue|7|84|Dialogue Text,"Exceptional, Hobson. Exceptional.","了不起,霍布森。了不起。"
dialogue|7|85|Dialogue Text,"Steady there, man. Steady.","稳住,伙计。稳住。"
dialogue|7|86|Dialogue Text,[An awkward silence.],[一阵尴尬的沉默。]
dialogue|7|87|Dialogue Text,"There's a rather grim scholarly debate on whether the Cross-changed actually become the end product, or are consumed by the Cross-seed within them. Strathcoyne's arm moves with unsettling independence.","学界有一场颇为阴森的争论:经介壳种之变者,究竟是真正成为最终的产物,还是被体内的介壳种子所吞噬。斯特拉斯科因的胳膊正以令人不安的独立性自行活动着。"
dialogue|7|88|Dialogue Text, It may be that he won't enjoy the Change as much as he expects. The night is amused.,或许他并不会如自己所愿那般享受这场变化。夜色为之窃喜。
dialogue|7|89|Dialogue Text,It would be cruel to point that out.,点破此事未免残忍。
dialogue|7|90|Dialogue Text,It will gain me nothing to point that out.,点破此事对我毫无益处。
dialogue|7|92|Dialogue Text,"Lagasse, you say? Lagasse?",你说拉加斯?拉加斯?
dialogue|7|93|Dialogue Text,"What is she to you, Hobson?","她与你有什么关系,霍布森?"
dialogue|7|94|Dialogue Text,We've never met. But she has information I need.,我们素未谋面。但她握有我需要的情报。
dialogue|7|95|Dialogue Text,I'm afraid I'm not at liberty to say.,恐怕我不便相告。
dialogue|7|96|Dialogue Text,Mind your own business.,不关您的事。
dialogue|7|97|Dialogue Text,"The woman is a white carrion crow, Hobson. A baleful nidus of betrayals! If you know what's good for you, you'll stay well away.","那女人是只白色的食腐乌鸦,霍布森。一个不祥的背叛之巢!你若明白什么对你有好处,就离她远远的。"
dialogue|7|98|Dialogue Text,That is all I have to say on the matter.,"关于此事,我言尽于此。"
dialogue|7|99|Dialogue Text,I have already made my feelings very clear on that... icy villainess.,"对于那个……冰冷的恶妇,我的态度已经表达得很清楚了。"
dialogue|88|10|Dialogue Text,[Not yet.],[还不是时候。]
dialogue|88|1|Dialogue Text,Even the station's dim lights are brighter than the murk of Mimata town.,就连车站昏暗的灯光，也比米玛塔镇的晦暗更亮。
dialogue|88|3|Dialogue Text,Nina Lagasse is here somewhere. Leave before I find her? My heart shudders at the thought of it.,尼娜·拉加斯就在这里的某处。趁我还没找到她，就此离开？一想到此，我的心便阵阵战栗。
dialogue|88|4|Dialogue Text,Nina Lagasse is here somewhere. 'In the woods'...,尼娜·拉加斯就在这里的某处。「在树林里」……
dialogue|88|5|Dialogue Text,When I've convinced Nina to help me... then I can leave.,等我劝动尼娜来帮我……那时我才能离开。
dialogue|88|6|Dialogue Text,I'll be leaving with the Rosa Mundi circus.,我将随罗莎·蒙迪马戏团一同离开。
dialogue|88|7|Dialogue Text,[Complete the 'Rosa Mundi: Welcome' Plan before leaving.],[离开前，完成「罗莎·蒙迪：欢迎」计划。]
dialogue|88|8|Dialogue Text,"[Packing up, moving on.]",[收拾行装，继续上路。]
dialogue|88|9|Dialogue Text,Time to leave Mimata?,是时候离开米玛塔了？
dialogue|89|10|Dialogue Text,Almost there... but not yet.,就快到了……但还不是。
dialogue|89|11|Dialogue Text,WE are Weather Factory - Lottie Bevan and Alexis Kennedy - and we look forward very much to bringing you the whole game.,我们，是天气工厂——洛蒂·贝文与亚历克西·肯尼迪——我们万分期待把完整的游戏带到你面前。
dialogue|89|12|Dialogue Text,[Applaud graciously.],[优雅地鼓掌。]
dialogue|89|13|Dialogue Text,Eh. That was okay.,唔。还算可以。
dialogue|89|14|Dialogue Text,No! I want more!,不！我还要更多！
dialogue|89|15|Dialogue Text,What was that bit with the cat?,那只猫是怎么回事？
dialogue|89|16|Dialogue Text,"Yes, exactly, yes.",是的，正是如此，没错。
dialogue|89|18|Dialogue Text,ESCAPE!,逃离！
dialogue|89|1|Dialogue Text,"The train's roar fades into the distance. Its echoes follow like beggar-children. A clinging, loamy silence falls.",火车的轰鸣渐渐远去。它的回声如乞儿般追随其后。一片黏稠的、泥壤般的寂静降临。
dialogue|89|2|Dialogue Text,Listen -,听——
dialogue|89|3|Dialogue Text,Look around -,环顾四周——
dialogue|89|4|Dialogue Text,"Not quite silent. Bird-song, leaf-rustle. And off from behind the post office, the faint strains of a melodeon.",并非全然寂静。鸟鸣，叶响。邮局背后，隐隐传来手风琴的乐声。
dialogue|89|5|Dialogue Text,A flash of unexpected colour above the post office - flags rippling lazily in the dank air of the valley.,邮局上方掠过一抹出人意料的色彩——旗帜在谷地阴湿的空气中懒洋洋地翻卷。
dialogue|89|6|Dialogue Text,The circus...?,马戏团……？
dialogue|89|7|Dialogue Text,"YOU are Spencer Hobson, Sylvain Hussier, Father Brass, hollow of spirit and brazen of heart.",你，就是斯宾塞·霍布森，西尔万·韦西耶，黄铜神父——魂魄空洞，心肠如铜。
dialogue|89|8|Dialogue Text,THIS has been the <i>Travelling at Night</i> demo. ,这便是<i>Travelling at Night</i>的试玩版。
dialogue|8|10|Dialogue Text,<i>Commedia del Sole</i>.' Comedy of the Sun'?,<i>太阳喜剧</i>。'太阳的喜剧'?
dialogue|8|11|Dialogue Text,"As much theatre as anything. They're not advertising any booth shows, or beasts, or acrobats.","与其说是马戏,不如说是戏剧。他们没有为任何摊位表演、猛兽或杂技做宣传。"
dialogue|8|12|Dialogue Text,What exactly is Nina's connection with the circus?,尼娜与这马戏团究竟有何关联?
dialogue|8|13|Dialogue Text,"Again, the current manageress is identified as 'Mlle [[Nina Lagasse]].'",现任女班主的署名依旧是 '[[尼娜·拉加斯]]小姐'。
dialogue|8|14|Dialogue Text,Nina isn't mentioned by name. The current manageress is identified as 'Mme Medea Japaridze.',传单上并未提及尼娜的名字。现任女班主的署名是 '梅德亚·贾帕里泽夫人'。
dialogue|8|15|Dialogue Text,The current manageress is identified as 'Mlle [[Nina Lagasse]].',现任女班主的署名是 '[[尼娜·拉加斯]]小姐'。
dialogue|8|16|Dialogue Text,As I already knew - Mimata is where I will find [[Nina Lagasse]].,正如我早已知道的那样——我将在米玛塔找到[[尼娜·拉加斯]]。
dialogue|8|1|Dialogue Text,"White text on smudgy black: upcoming times, dates, locations of performances of the circus 'Rosa Mundi'.",脏污的黑色纸面上印着白字:马戏团 '罗莎·蒙迪' 即将演出的时间、日期与地点。
dialogue|8|2|Dialogue Text,"The circus came west from Genoa to the Côte d'Azur - which must have been when Nina stopped in at the Sanitarium.  Its route goes on along the coast through Marseille, Montpellier, Béziers. Then north into wilder regions. I've missed most of the dates, but it's due in the city of Mimata, in the mountains of Lozère. There should still be time to catch it there.","马戏团自热那亚西行至蔚蓝海岸——想必就是那时,尼娜顺道去了疗养院。其路线沿海岸继续延伸,途经马赛、蒙彼利埃、贝济耶,然后北上进入更为蛮荒的地带。大部分日期我已错过,不过下一场演出定在洛泽尔群山中的米玛塔城。赶到那里,应当还来得及。"
dialogue|8|3|Dialogue Text,"West from Genoa to the Côte d'Azur, then to Marseille, Montpellier, Béziers. It's due next in the city of Mimata, in the wild mountains of Lozère.","自热那亚向西至蔚蓝海岸,再到马赛、蒙彼利埃、贝济耶。下一场演出定在洛泽尔蛮荒群山中的米玛塔城。"
dialogue|8|4|Dialogue Text,"To Mimata, then. My heart surges urgently.",那就去米玛塔吧。我的心急切地涌动着。
dialogue|8|5|Dialogue Text,Where and when is it performing?,它将在何时何地演出?
dialogue|8|6|Dialogue Text,Put away the leaflet. [Leave.],收好传单。[离开。]
dialogue|8|7|Dialogue Text,What kind of circus is it?,这是什么样的马戏团?
dialogue|8|9|Dialogue Text,"<i>Commedia del Sole</i>.' Comedy of the Sun'? Perhaps something derived from <i>commedia del'arte</i> - the Italian-French tradition with its masks, slapstick, satire.",<i>太阳喜剧</i>。'太阳的喜剧'?或许是脱胎于<i>即兴喜剧</i>——那种戴着面具、插科打诨、辛辣讽刺的意法传统。
dialogue|92|1|Dialogue Text,FNORD hi surprise,FNORD 嗨，惊喜
dialogue|92|2|Dialogue Text,FNORD you're that nun!,FNORD 你就是那个修女！
dialogue|92|3|Dialogue Text,Yes. Please respect my privacy.,是的。请尊重我的隐私。
dialogue|92|4|Dialogue Text,I'll think about it,我会考虑的
dialogue|93|2|Dialogue Text,FNORD Enclosure! You're not allowed.,FNORD 禁地！你不能进去。
dialogue|93|3|Dialogue Text,I'm a priest.,我是神父。
dialogue|93|4|Dialogue Text,I'm a doctor.,我是医生。
dialogue|93|5|Dialogue Text,You can't stop me.,你拦不住我。
dialogue|9|1|Dialogue Text,"For whatever reason, this is incomprehensible to me.","不知为何,这对我而言无法理解。"
misc|AmbientFXListing|sharedassets4.assets|85|_name,rain,rain
misc|AmbientFXListing|sharedassets7.assets|929|_name,Car Idling,Car Idling
misc|AmbientFXListing|sharedassets7.assets|930|_name,water,water
misc|AmbientFXListing|sharedassets7.assets|932|_name,muffled-rain,muffled-rain
misc|BackgroundMusic|level10|3090|_commaSeparatedSceneTracks,"Antibes Light,Breakfast in the Ruins,The Incorporates","昂蒂布之光,废墟中的早餐,集团"
misc|BackgroundMusic|level3|1701|_commaSeparatedSceneTracks,Main Titles,主标题
misc|BackgroundMusic|level4|2523|_commaSeparatedSceneTracks,Who Are You,你是谁
misc|BackgroundMusic|level5|266|_commaSeparatedSceneTracks,Ending,结局
misc|BackgroundMusic|level7|6079|_commaSeparatedSceneTracks,Antibes Dark,昂蒂布暗夜
misc|BackgroundMusic|level8|915|_commaSeparatedSceneTracks,"Dinner in the Dark,Night","黑暗中的晚餐,夜晚"
misc|BackgroundMusic|level9|2543|_commaSeparatedSceneTracks,"Dinner in the Dark,Ozymandias,The Green","黑暗中的晚餐,奥西曼提斯,绿意"
misc|InputActionAsset|sharedassets1.assets|12|m_ControlSchemes[0].m_Name,Keyboard&Mouse,Keyboard&Mouse
misc|InputActionAsset|sharedassets1.assets|12|m_ControlSchemes[1].m_Name,Gamepad,Gamepad
misc|InputActionAsset|sharedassets1.assets|12|m_ControlSchemes[2].m_Name,Touch,Touch
misc|InputActionAsset|sharedassets1.assets|12|m_ControlSchemes[3].m_Name,Joystick,Joystick
misc|InputActionAsset|sharedassets1.assets|12|m_ControlSchemes[4].m_Name,XR,XR
misc|LoadingScreenTips|sharedassets6.assets|12|_tips[0]._description,"Failing a Skill challenge gives you Troubles, but also additional Experiences.",技艺挑战失败会带给你烦扰，但也会带来额外的经验。
misc|LoadingScreenTips|sharedassets6.assets|12|_tips[0]._label,Hard Lessons,惨痛的教训
misc|LoadingScreenTips|sharedassets6.assets|12|_tips[10]._description,Smoking in post-Wars Europe is common; but not everyone enjoys the smell of tobacco.,在战后的欧洲，抽烟司空见惯；但并非人人都喜欢烟草的气味。
misc|LoadingScreenTips|sharedassets6.assets|12|_tips[10]._label,"Hateful to the Nose, Harmful to the Brain",刺鼻伤神
misc|LoadingScreenTips|sharedassets6.assets|12|_tips[11]._description,They used to call Spencer 'the best-dressed man in the Suppression Bureau'.,他们过去称斯宾塞为「防剿局里穿着最讲究的人」。
misc|LoadingScreenTips|sharedassets6.assets|12|_tips[11]._label,Certain Standards,某种标准
misc|LoadingScreenTips|sharedassets6.assets|12|_tips[12]._description,"Influences are essential for crafting, but don't travel well. Preserve them by making Memories.",影响是炼制不可或缺之物，却不便随行。把它们制成回忆，便可长久保存。
misc|LoadingScreenTips|sharedassets6.assets|12|_tips[12]._label,The Persistence,长存之道
misc|LoadingScreenTips|sharedassets6.assets|12|_tips[13]._description,"The first time Spencer was dismissed from the Suppression Bureau, it was wretched. The second time was worse.","斯宾塞第一次被防剿局开除时,那滋味糟透了。第二次更糟。"
misc|LoadingScreenTips|sharedassets6.assets|12|_tips[13]._label,Difference of Opinion,看法相左
misc|LoadingScreenTips|sharedassets6.assets|12|_tips[14]._description,Sharing secrets with strangers can be illuminating. It can also generate Traces.,"与陌生人分享秘密,或可带来启发,也可能生成痕迹。"
misc|LoadingScreenTips|sharedassets6.assets|12|_tips[14]._label,If One Of Them Is Dead,若其中一人已死
misc|LoadingScreenTips|sharedassets6.assets|12|_tips[15]._description,Hold the Highlight key (Z by default) to find things more easily.,"按住高亮键(默认 Z),可以更轻松地找到物品。"
misc|LoadingScreenTips|sharedassets6.assets|12|_tips[15]._label,Soft Eyes,柔和目光
misc|LoadingScreenTips|sharedassets6.assets|12|_tips[1]._description,"In every history, Spencer was priest, conjurer, writer, investigator, physician, legionnaire... but you choose which one of those he felt most comfortable as.",在每一段历史中，斯宾塞都曾是神父、术士、作家、探员、医生、军团兵……但由你决定，其中哪一种身份让他最为自在。
misc|LoadingScreenTips|sharedassets6.assets|12|_tips[1]._label,Many Natures,多重本性
misc|LoadingScreenTips|sharedassets6.assets|12|_tips[2]._description,"Generally, people are more likely to help you if their Opinion of you is good. But occasionally, annoying them will pay off.",一般而言，人们对你看法越好，就越愿意帮你。但偶尔，惹恼他们也会有回报。
misc|LoadingScreenTips|sharedassets6.assets|12|_tips[2]._label,Friends and Others,朋友与旁人
misc|LoadingScreenTips|sharedassets6.assets|12|_tips[3]._description,"Spencer is a hollow man. His Passions aren't deeply rooted yet. If your idea of him changes, you can sometimes evolve your Passions to different ones.",斯宾塞是个空心人。他的激情还扎根不深。若你对他的想法变了，有时也可以把激情演化为不同的激情。
misc|LoadingScreenTips|sharedassets6.assets|12|_tips[3]._label,The Hobgoblin of Little Minds,小人物心头的妖怪
misc|LoadingScreenTips|sharedassets6.assets|12|_tips[4]._description,Europe is probably dying. But it's going out in style.,欧洲大概正在死去。但它在以体面的方式谢幕。
misc|LoadingScreenTips|sharedassets6.assets|12|_tips[4]._label,Last Days,最后的时日
misc|LoadingScreenTips|sharedassets6.assets|12|_tips[5]._description,Unworldly Skills - the Nine Arts - can create single-use tools which unlock otherwise impossible conversation options.,世俗之外的技艺——九艺——能造出一次性工具，解锁原本不可能的对话选项。
misc|LoadingScreenTips|sharedassets6.assets|12|_tips[5]._label,A Little Help,一点帮助
misc|LoadingScreenTips|sharedassets6.assets|12|_tips[6]._description,Acting in character is the best way to refresh your Aspect Pool.,以本色行事，是补充性相池的最佳方式。
misc|LoadingScreenTips|sharedassets6.assets|12|_tips[6]._label,Conviction,信念
misc|LoadingScreenTips|sharedassets6.assets|12|_tips[7]._description,Spencer upset a lot of people before he went away. Some of them are still alive. Don't stay in one place too long.,斯宾塞离开之前得罪过不少人。他们中有些人还活着。别在一处停留太久。
misc|LoadingScreenTips|sharedassets6.assets|12|_tips[7]._label,A Little Safety,一点安全
misc|LoadingScreenTips|sharedassets6.assets|12|_tips[8]._description,"History forked, and so did France.",历史分了岔，法兰西也随之分岔。
misc|LoadingScreenTips|sharedassets6.assets|12|_tips[8]._label,"State, Republic",邦国，共和国
misc|LoadingScreenTips|sharedassets6.assets|12|_tips[9]._description,Choosing the right outfit can quietly and significantly affect NPC reactions. People who appreciate Raffish outfits rarely like Respectable ones.,选对行头，会悄然而显著地影响旁人的反应。欣赏花哨浪荡行头的人，很少会喜欢体面的行头。
misc|LoadingScreenTips|sharedassets6.assets|12|_tips[9]._label,Outfits,行头
misc|MapHUD|level12|30713|_mapMusicTrackId,train-demo,train-demo
misc|QReqLinkedTriggerZone|level10|3484|ActiveWhen[0].text,<rejoined,<rejoined
misc|QReqLinkedTriggerZone|level10|3484|ActiveWhen[1].text,>=rosa_mundi,>=rosa_mundi
misc|QReqLinkedTriggerZone|level7|6537|ActiveWhen[0].text,<[Antibes],<[Antibes]
misc|QReqLinkedTriggerZone|level7|6538|ActiveWhen[0].text,<[Sanitarium],<[Sanitarium]
misc|QReqLinkedTriggerZone|level9|2719|ActiveWhen[0].text,<white_shadow,<white_shadow
misc|Quote|sharedassets2.assets|10|_author,Ehsan Fekri,埃赫桑·费克里
misc|Quote|sharedassets2.assets|10|_content,"The sea does not regret the tide, and after the tide withdraws, something always remains, which we call memory.","大海不会为潮汐而悔恨,潮水退去之后,总有些什么留存下来,我们称之为回忆。"
misc|Quote|sharedassets2.assets|10|_source,Letters,《书信》
misc|Quote|sharedassets2.assets|11|_author,Robert Fludd (?),罗伯特·弗拉德(?)
misc|Quote|sharedassets2.assets|11|_content,"'But we must use the knife,' said the Lion-Throned One, 'the noose, the flame, the Waking Word, against those who have passed the Three-Valved Door. And so none may pass: that is our Law, and the Law of the Sun.'","「但我们必须动用刀锋,」狮座者说,「用绞索、烈焰与唤醒之言,来对付那些已穿过三重门扉者。因此无人得以通过:那是我们的律法,也是太阳的律法。」"
misc|Quote|sharedassets2.assets|11|_source,The Orchid Transfigurations,《兰花之变容》
misc|Quote|sharedassets2.assets|12|_author,Graham Greene,格雷厄姆·格林
misc|Quote|sharedassets2.assets|12|_content,"'God save us always,' I said, 'from the innocent and the good.'","「愿上帝永远保佑我们,」我说,「远离那些天真无辜与良善之人。」"
misc|Quote|sharedassets2.assets|12|_source,The Quiet American,《文静的美国人》
misc|Quote|sharedassets2.assets|13|_author,Ernest Hemingway,欧内斯特·海明威
misc|Quote|sharedassets2.assets|13|_content,The world breaks everyone and afterward many are strong at the broken places. But those that will not break it kills. It kills the very good and the very gentle and the very brave impartially. If you are none of these you can be sure it will kill you too but there will be no special hurry.,"世界击碎每一个人,此后许多人在破碎之处变得坚强。但那些不肯破碎的人,它便杀死。它毫无偏袒地杀死极善良、极温柔、极勇敢的人。如果你三者都不是,大可放心它终会杀死你,只是不会特别着急。"
misc|Quote|sharedassets2.assets|13|_source,A Farewell to Arms,"《永别了,武器》"
misc|Quote|sharedassets2.assets|14|_author,"Hokobald, Lord Fitzhenry","霍科巴尔德,菲茨亨利勋爵"
misc|Quote|sharedassets2.assets|14|_content,"Certainly, since the consummation of that particular delight, I have undergone alterations. Only one far less wise than I would deny it. But those with half my wisdom must recognise the elegance and the inevitability of those alterations. Who is the fire, and who the fuel? I was too great to be the one. So I must be the other.
","诚然,自那场特别的欢愉圆满之后,我已历尽变化。只有远比我愚钝之人才会否认这一点。但拥有我一半智慧者,必能认出这些变化的优雅与必然。谁是火焰,谁是燃料?我太过伟大,做不了前者。所以我必是后者。"
misc|Quote|sharedassets2.assets|14|_source,"My Deeds, My Powers, My Achievements and the Injustices Perpetrated Against Me","《我的功业、我的权能、我的成就,以及强加于我的不义》"
misc|Quote|sharedassets2.assets|15|_author,Christopher Illopoly,克里斯托弗·伊洛波利
misc|Quote|sharedassets2.assets|15|_content,"To reach the Stag Door, I believe that all you really need is to want something enough. But I've never wanted anything that much, except of course Baldomera, and I'm very much afraid that the knot in the story is this: what Baldomera wants is the Stag Door.","要抵达牡鹿之门,我相信你真正需要的只是足够强烈的渴望。但我从未那样渴望过任何东西——当然,巴尔多梅拉除外——而我非常担心,故事的症结正在于此:巴尔多梅拉想要的,正是牡鹿之门。"
misc|Quote|sharedassets2.assets|15|_source,Travelling at Night,Travelling at Night
misc|Quote|sharedassets2.assets|16|_author,Rudyard Kipling,鲁德亚德·吉卜林
misc|Quote|sharedassets2.assets|16|_content,"‘With us of the River,’ Sulinor volunteered, ‘we say: “I sleep; presently I row again.”’

‘Ah! At our end of the world we cry: “Gods, judge me not as a God, but a man whom the Ocean has broken.”’ Baeticus looked at Quabil, who answered, raising his cup: ‘We Sidonians say, “Mother of Carthage, I return my oar!” But it all comes to the one in the end.’ ","「我们这些河上之人,」苏利诺主动说道,「常说:『我睡去;不久我便再次摇桨。』」

「啊!在我们那世界的尽头,我们高呼:『众神啊,莫以神的标准审判我,只当我是被大洋击碎的一个凡人。』」拜提库斯望向夸比尔,后者举起酒杯答道:「我们西顿人会说,『迦太基之母,我归还我的船桨!』但归根结底,说来说去终归是一回事。」"
misc|Quote|sharedassets2.assets|16|_source,The Manner of Men,《男儿本色》
misc|Quote|sharedassets2.assets|17|_author,Nemo Nondum,尼莫·农顿
misc|Quote|sharedassets2.assets|17|_content,"Where the Chandler has passed, the understandings of the Colonel and the Lionsmith will wrench open truth. Where the Chandler will pass, Moth will pass before him.","制烛人走过之处,上校与狮匠的领会将撬开真理。制烛人将行之处,蛾会先他而行。"
misc|Quote|sharedassets2.assets|17|_source,The Chandler's Wish,《制烛人之愿》
misc|Quote|sharedassets2.assets|18|_author,Charles Simic,查尔斯·西米克
misc|Quote|sharedassets2.assets|18|_content,"I am on a street corner
Where I shouldn’t be.
Alone and coatless
I have gone out to look
For a black dog who answers to my whistle.
I have a kind of Halloween mask
Which I am afraid to put on.","我站在一个街角
一个我不该在的地方。
孤身一人,没穿外套
我出门来寻找
一条应我口哨声而来的黑狗。
我有一张万圣节面具
却害怕戴上它。"
misc|Quote|sharedassets2.assets|18|_source,Empire of Dreams,《梦境帝国》
misc|Quote|sharedassets2.assets|19|_author,J.N. Sinombre,J.N. 西诺姆布尔
misc|Quote|sharedassets2.assets|19|_content,"But the chandler's witness brought a candle seventy-<i>seven</i> years old: every month, the chandler had bought the old stumps, returned their matter to the vat, and used them in his wares, so that each newest candle was also the oldest. Perhaps there's always a way.","但制烛人的证人带来了一支七十<i>七</i>岁的蜡烛:每个月,制烛人都会买回那些旧烛头,把它们的原料回炉入缸,再用于自己的货品,于是每一支最新的蜡烛同时也是最古老的。也许,总有办法存在。"
misc|Quote|sharedassets2.assets|19|_source,The Chandler's Tale,《制烛人的故事》
misc|Quote|sharedassets2.assets|20|_author,Paul Theroux,保罗·索鲁
misc|Quote|sharedassets2.assets|20|_content,You go away for a long time and return a different person - you never come all the way back.,"你离开很久,回来时已是另一个人——你永远不会完全归来。"
misc|Quote|sharedassets2.assets|20|_source,Dark Star Safari,《暗星之旅》
misc|Quote|sharedassets2.assets|21|_author,Brown Thomas,布朗·托马斯
misc|Quote|sharedassets2.assets|21|_content,"Darkness and Light divide the Course of Time, and until that Course is Run, Eternity remains History's Bed-Fellow. Sorrow then is Sense's final Solvent, and even a Tear, should it fall enow, might destroy a Stone…","黑暗与光明分割时间的进程,而在那进程走完之前,永恒始终是历史的同床者。悲伤于是成为知觉的最终溶剂,甚至一滴眼泪,若落得足够,也能毁掉一块石头……"
misc|Quote|sharedassets2.assets|21|_source,The Debate of Seven Cups,《七杯之辩》
misc|Quote|sharedassets2.assets|22|_author,Gene Wolfe,吉恩·沃尔夫
misc|Quote|sharedassets2.assets|22|_content,"Sometimes it seemed to me like they were just trees, but sometimes it seemed like we were walking over a broken stone floor inside a big, big building with columns all around us, rows and rows of columns that stretched off into the night one hell of a lot farther than I could see.","有时在我看来它们不过是树,但有时又似乎我们正行走在一座巨大建筑的破碎石地板上,四周环绕着廊柱,一排又一排的廊柱伸入夜色,延伸之远远远超出我目力所及。"
misc|Quote|sharedassets2.assets|22|_source,The Land Across,《彼岸之地》
misc|Quote|sharedassets2.assets|2|_author,Simon Armitage,西蒙·阿米蒂奇
misc|Quote|sharedassets2.assets|2|_content,"“Are we dead yet?” someone would ask.
Then with a plastic toothpick
I’d draw blood from my little finger
to prove we were still among the living.","「我们死了吗?」总有人会问。
然后我会用一根塑料牙签
从小指上刺出血来
证明我们依然活在人间。"
misc|Quote|sharedassets2.assets|2|_source,Dämmerung,《暮色》
misc|Quote|sharedassets2.assets|3|_author,Arun Peel,阿伦·皮尔
misc|Quote|sharedassets2.assets|3|_content,Time. I used to think it was a Wheel. But my family always said that it's a flame - coolest at its heart - wildest at its edges.,"时间。我以前以为它是一个轮子。但我的家人总是说,它是一团火焰——焰心最凉,焰缘最烈。"
misc|Quote|sharedassets2.assets|3|_source,The Radical Measure,《激进之策》
misc|Quote|sharedassets2.assets|4|_author,Wiilliam Ashbless,威廉·阿什布勒斯
misc|Quote|sharedassets2.assets|4|_content,"He whispered, “And a river lies
Between the dusk and dawning skies,
And hours are distance, measured wide
Along that transnocturnal tide – ""","他低语道:「有一条河横卧
在暮色与破晓的天色之间,
时辰皆是距离,度量悠远
循着那横渡长夜的潮线——」"
misc|Quote|sharedassets2.assets|4|_source,The Twelve Hours of the Night,《夜的十二时辰》
misc|Quote|sharedassets2.assets|5|_author,W.H. Auden,W.H. 奥登
misc|Quote|sharedassets2.assets|5|_content,"They clung like birds to the long expresses that lurch
Through the unjust lands, through the night, through the alpine tunnel;

They floated over the oceans;
They walked the passes. All presented their lives.","他们像鸟儿般攀附在长途快车上,颠簸着
驶过不义之地,驶过黑夜,驶过阿尔卑斯隧道;

他们漂越海洋;
他们走过关隘。所有人都献出了自己的生命。"
misc|Quote|sharedassets2.assets|6|_content,"We've been watching you over the garden wall
For hours.
The sky is darkening like a stain,
Something is going to fall like rain
And it won't be flowers.
","我们越过花园围墙注视你
已有多时。
天空正像污渍一样变暗,
有什么东西要像雨一样落下
而那不会是花朵。"
misc|Quote|sharedassets2.assets|6|_source,The Witnesses,《见证者》
misc|Quote|sharedassets2.assets|7|_author,Elizabeth Bishop,伊丽莎白·毕肖普
misc|Quote|sharedassets2.assets|7|_content,"Lose something every day. Accept the fluster
of lost door keys, the hour badly spent.
The art of losing isn’t hard to master.

Then practice losing farther, losing faster:
places, and names, and where it was you meant
to travel. None of these will bring disaster.","每天失去点什么。接受丢失门钥匙
时的慌乱,那虚掷的时光。
失去的艺术并不难掌握。

再练习失去得更远、失去得更快:
失去地方,失去名字,失去你原打算
去往的远方。这些都不会带来灾祸。"
misc|Quote|sharedassets2.assets|7|_source,One Art,《一种艺术》
misc|Quote|sharedassets2.assets|8|_author,Leonard Cohen,莱昂纳德·科恩
misc|Quote|sharedassets2.assets|8|_content,"		The war was lost
		The treaty signed
		I was not caught
		I crossed the line
		I was not caught
		Though many tried
		I live among you, well-disguised","		战争已败
		条约已签
		我未被捕
		我越过了线
		我未被捕
		尽管许多人在尝试
		我活在你们中间,伪装良好"
misc|Quote|sharedassets2.assets|8|_source,Nevermind,《别在意》
misc|Quote|sharedassets2.assets|9|_author,Julian Coseley,朱利安·科斯利
misc|Quote|sharedassets2.assets|9|_content,"Speech is a Wound; Silence is Silver. There is no Silver Door, nor can there be, even in the Moon's House…","言语是创口;沉默是白银。没有白银之门,也不可能有,即使在月之居屋中亦复如是……"
misc|Quote|sharedassets2.assets|9|_source,The Fallen Cross,《坠落的十字》
misc|SceneConfig|level9|2678|QualityEffectsForEmptyCharacter[0].text,=rosa_mundi,=rosa_mundi
misc|SkeletonDataAsset|resources.assets|28257|blendModeMaterials.additiveMaterials[0].pageName,vincent NS.png,vincent NS.png
misc|SkeletonDataAsset|sharedassets11.assets|259|blendModeMaterials.additiveMaterials[0].pageName,rodia NS.png,rodia NS.png
misc|SkeletonDataAsset|sharedassets4.assets|76|blendModeMaterials.additiveMaterials[0].pageName,spencer_N.png,spencer_N.png
misc|Text|resources.assets|29551|m_Text,Foldout,折叠
misc|Text|resources.assets|29573|m_Text,G,G
misc|Text|resources.assets|29579|m_Text,Button,按钮
misc|Text|resources.assets|29589|m_Text,X,X
misc|Text|resources.assets|29619|m_Text,"Color
",颜色
misc|Text|resources.assets|29620|m_Text,"Message text
",消息文本
misc|Text|resources.assets|29621|m_Text,"Foldout
",折叠
misc|Text|resources.assets|29624|m_Text,B,B
misc|Text|resources.assets|29629|m_Text,"Vector4
",向量4
misc|Text|resources.assets|29633|m_Text,Z,Z
misc|Text|resources.assets|29647|m_Text,Y,Y
misc|Text|resources.assets|29659|m_Text,A,A
misc|Text|resources.assets|29661|m_Text,Enum,枚举
misc|Text|resources.assets|29663|m_Text,"Vector2
",向量2
misc|Text|resources.assets|29695|m_Text,W,W
misc|Text|resources.assets|29726|m_Text,wibble,wibble
misc|Text|resources.assets|35955|m_Text,TEST,测试
misc|Text|resources.assets|37932|m_Text,"BitField
",位字段
misc|Text|resources.assets|40031|m_Text,Panel Title,面板标题
misc|TravellingSceneTransitionManager|resources.assets|33507|loadingSceneName,_LoadingScreen,_LoadingScreen
misc|TravellingSubtitlePanel|resources.assets|29617|addSpeakerNameFormat,"<font=""georgia""><b><i>{0}</i></b></font> — {1}","<font=""georgia""><b><i>{0}</i></b></font> — {1}"
so|Alias|resources.assets|28297|_firstName,François,弗朗索瓦
so|Alias|resources.assets|28297|_formal,Mr Isnard,伊斯纳尔先生
so|Alias|resources.assets|28297|_formalDe,Herr Isnard,伊斯纳尔先生
so|Alias|resources.assets|28297|_formalFr,Monsieur Isnard,伊斯纳尔先生
so|Alias|resources.assets|28297|_formalSov,Comrade Isnard,伊斯纳尔同志
so|Alias|resources.assets|28297|_label,François Isnard,弗朗索瓦·伊斯纳尔
so|Alias|resources.assets|28297|_lastName,Isnard,伊斯纳尔
so|Alias|resources.assets|28297|_title,Mr,先生
so|Alias|resources.assets|28297|_titleDe,Herr,先生
so|Alias|resources.assets|28297|_titleFr,Monsieur,先生
so|Alias|resources.assets|28297|_titleSov,Comrade,同志
so|Alias|resources.assets|28298|_firstName,Jean,让
so|Alias|resources.assets|28298|_formal,Mr Dupont,杜邦先生
so|Alias|resources.assets|28298|_formalDe,Herr Dupont,杜邦先生
so|Alias|resources.assets|28298|_formalFr,Monsieur Dupont,杜邦先生
so|Alias|resources.assets|28298|_formalSov,Comrade Dupont,杜邦同志
so|Alias|resources.assets|28298|_label,Jean Dupont,让·杜邦
so|Alias|resources.assets|28298|_lastName,Dupont,杜邦
so|Alias|resources.assets|28299|_familiar,Midsy,小夜
so|Alias|resources.assets|28299|_firstName,Joe,乔
so|Alias|resources.assets|28299|_formal,Mr Midnight,午夜先生
so|Alias|resources.assets|28299|_formalDe,Herr Mitternacht,午夜先生
so|Alias|resources.assets|28299|_formalFr,Monsieur Minuit,午夜先生
so|Alias|resources.assets|28299|_formalSov,Comrade Polnutch,午夜同志
so|Alias|resources.assets|28299|_label,Midnight Joe,午夜乔
so|Alias|resources.assets|28299|_lastName,Midnight,午夜
so|Alias|resources.assets|28300|_familiar,my friend,我的朋友
so|Alias|resources.assets|28300|_firstName,sir,先生
so|Alias|resources.assets|28300|_formalDe,Mein Herr,先生
so|Alias|resources.assets|28300|_label,Not Introduced,尚未引见
so|Alias|resources.assets|28301|_familiar,Spence,斯潘
so|Alias|resources.assets|28301|_firstName,Spencer,斯宾塞
so|Alias|resources.assets|28301|_formal,Mr Hobson,霍布森先生
so|Alias|resources.assets|28301|_formalDe,Herr Hobson,霍布森先生
so|Alias|resources.assets|28301|_formalFr,Monsieur Hobson,霍布森先生
so|Alias|resources.assets|28301|_formalSov,Comrade Hobson,霍布森同志
so|Alias|resources.assets|28301|_label,Spencer Hobson,斯宾塞·霍布森
so|Alias|resources.assets|28301|_lastName,Hobson,霍布森
so|Alias|resources.assets|28302|_familiar,Sil,西尔
so|Alias|resources.assets|28302|_firstName,Sylvain,西尔万
so|Alias|resources.assets|28302|_formal,Mr Huissier,韦西耶先生
so|Alias|resources.assets|28302|_formalDe,Herr Huissier,韦西耶先生
so|Alias|resources.assets|28302|_formalFr,Monsieur Huissier,韦西耶先生
so|Alias|resources.assets|28302|_formalSov,Comrade Huissier,韦西耶同志
so|Alias|resources.assets|28302|_label,Sylvain Huissier,西尔万·韦西耶
so|Alias|resources.assets|28302|_lastName,Huissier,韦西耶
so|AnimationReferenceAsset|resources.assets|28231|animationName,idle,idle
so|AnimationReferenceAsset|resources.assets|28232|animationName,run,run
so|AnimationReferenceAsset|resources.assets|28233|animationName,walk,walk
so|AnimationReferenceAsset|sharedassets4.assets|59|animationName,run/run_update,run/run_update
so|AnimationReferenceAsset|sharedassets4.assets|60|animationName,walk/walk_update,walk/walk_update
so|AnimationReferenceAsset|sharedassets4.assets|70|animationName,idle/idle,idle/idle
so|AnimationReferenceAsset|sharedassets4.assets|71|animationName,run/run,run/run
so|AnimationReferenceAsset|sharedassets4.assets|72|animationName,walk/walk,walk/walk
so|Aspect|resources.assets|28589|_description,"A token of the old order of Heaven - or of [[Corona]], which claims to be its inheritor.  An Incorporate dollar is the easiest option, but there are ways to craft a token in the absence of greenbacks.

[Since the Wars, the currency of Corona is used for the Bright Arts - but you can create an Eye of Authority as a substitute.]","旧天堂秩序的凭证——或属于自称其继承者的[[冕]]。一张集团美元是最省事的选项,但即使没有美钞,也有办法制出这样的凭证。

[大战之后,冕的货币用于光之技艺——但你可以制作一枚权威之眼作为替代。]"
so|Aspect|resources.assets|28589|_label,Authority,权威
so|Aspect|resources.assets|28590|_description,The skeleton of a commedia scenario.,一幕即兴喜剧的骨架。
so|Aspect|resources.assets|28590|_label,Canovaccio,幕表
so|Aspect|resources.assets|28591|_description,"Peculiar, rare, or antique objects.",奇特、珍稀或古旧之物。
so|Aspect|resources.assets|28591|_label,Curio,奇物
so|Aspect|resources.assets|28592|_description,"In the West, legitimate merchants accept local currency, Incorporate dollars, sometimes pounds sterling.

In the East, the only official medium of exchange is the dolya, the quasi-miraculous bill of exchange valued in productive labour and guaranteed by the Stars themselves. Using it in the West will get you arrested. 

Only two currencies are widely accepted on both sides of the line by everyone - Swiss francs, and cigarettes.

Black market traders on both sides of the line will also accept payment in dollars and sterling - sometimes other currencies if you're lucky.","在西方,正经商贩接受本地货币、集团美元,有时也收英镑。

在东方,唯一官方的交换媒介是多利亚——那种近乎奇迹的汇票,以生产劳动为价值,由星辰自身担保。在西方使用它,你会被捕。

只有两种货币在分界线两侧人人通用——瑞士法郎,还有香烟。

分界线两侧的黑市商贩也接受美元和英镑付款——运气好的话,有时也收别的货币。"
so|Aspect|resources.assets|28592|_label,Currency,货币
so|Aspect|resources.assets|28593|_description,"Works of the [[Bright Arts]], emblems of the [[Sun]].","[[光之技艺]]之作,[[太阳]]的徽记。"
so|Aspect|resources.assets|28593|_label,Devotion,奉献
so|Aspect|resources.assets|28594|_description,"'Whatever is ephemeral is only a metaphor' - Goethe

[Whenever you travel, each stack of Ephemeral items will lose one item]","「一切易逝之物,不过是譬喻」——歌德

[每次旅行时,每叠易逝之物都会失去一件。]"
so|Aspect|resources.assets|28594|_label,Ephemeral,易逝
so|Aspect|resources.assets|28595|_description,"An echo, a resonance, an alignment. Influences are used with occult skills in crafting. They fade when travelling - except for Memories, which endure.","一种回声,一种共振,一种契合。炼制时,影响与秘术技艺搭配使用。旅行时它们会消散——唯有回忆例外,它们长存。"
so|Aspect|resources.assets|28595|_label,Influence,影响
so|Aspect|resources.assets|28596|_description,"Cigars, coffee, good soap. Rarities in the Europe of 1948.",雪茄、咖啡、好肥皂。1948 年的欧洲难得之物。
so|Aspect|resources.assets|28596|_label,Luxury,奢侈品
so|Aspect|resources.assets|28598|_description,"A token of the fundamental necessity that underlies the world. A Ministries <i>dolya</i> will work - but it's also possible to craft such a token.

[Since the Wars, the currency of Gleam is used for the Night Arts - but you can create a Mark of Necessity as a substitute.]
","一枚支撑世界之根本必需的凭证。一张联盟的<i>多利亚</i>可用——但也可以炼制出这样的凭证。

[大战之后,烁的货币用于夜之技艺——但你可以制作一枚必需之印迹作为替代。]"
so|Aspect|resources.assets|28598|_label,Necessity,必需
so|Aspect|resources.assets|28599|_description,"A pinch of transformation, intoxication, or subversion. Effective as a gift, or when used to treat food and drink.","一小撮转化、迷醉或颠覆之物。作为礼物有效,用于处理食物与饮品时同样有效。"
so|Aspect|resources.assets|28599|_label,Bewitch,蛊惑
so|Aspect|resources.assets|28600|_description,"Conjoin; bring together; wed. The Sister-and-Witch, the Witch-and-Sister.
","结合;汇聚;缔姻。双生女巫,女巫与双生。"
so|Aspect|resources.assets|28600|_label,Entwine,交织
so|Aspect|resources.assets|28601|_description,Separate; excise; banish. The Horned-Axe's purpose.,分离;切除;放逐。角斧之职。
so|Aspect|resources.assets|28601|_label,Expel,驱逐
so|Aspect|resources.assets|28602|_description,"Purify, exalt, honour.","净化,尊崇,敬奉。"
so|Aspect|resources.assets|28602|_label,Hallow,祝圣
so|Aspect|resources.assets|28603|_description,Command spirits with the inherited authority of the old Sun.,以旧太阳承袭而来的权威号令精魂。
so|Aspect|resources.assets|28603|_label,Mandate,号令
so|Aspect|resources.assets|28604|_description,"Cloak, confuse, deceive.
","掩蔽,惑乱,欺瞒。
"
so|Aspect|resources.assets|28604|_label,Obscure,遮蔽
so|Aspect|resources.assets|28605|_description,"Suppress, hush, extinguish.
","压制,止息,熄灭。
"
so|Aspect|resources.assets|28605|_label,Quell,止息
so|Aspect|resources.assets|28606|_description,"Enliven, invigorate, awaken.","使之鲜活,使之振奋,使之苏醒。"
so|Aspect|resources.assets|28606|_label,Quicken,激发
so|Aspect|resources.assets|28607|_description,Comfort and protect.,安抚与守护。
so|Aspect|resources.assets|28607|_label,Salve,抚慰
so|Aspect|resources.assets|28608|_description,Cross forbidden boundaries; transgress inconvenient prohibitions.,跨越禁忌的边界;违犯不便的禁令。
so|Aspect|resources.assets|28608|_label,Trespass,僭越
so|Aspect|resources.assets|28609|_description,"Discern truth, reveal essence.","辨明真相,揭示本质。"
so|Aspect|resources.assets|28609|_label,Unveil,揭示
so|Aspect|resources.assets|28610|_description,"Blight, undermine, torment. Effective when left in someone's home or clothing, or when used to treat food and drink.","凋萎,侵蚀,折磨。留在某人家里或衣物中时有效,用于处理食物与饮品时同样有效。"
so|Aspect|resources.assets|28610|_label,Wither,凋零
so|Aspect|resources.assets|28611|_description,"The kind of thing that rattles around in a drawer until, one day, you really need it.",那种在抽屉里叮当作响、直到某一天你真需要它的东西。
so|Aspect|resources.assets|28611|_label,Oddment,零碎
so|Aspect|resources.assets|28612|_description,"With time and travel, good things become bad things: sandwiches, soufflé, flower arrangements.

[All Perishable items will disappear when you travel.]","随着时间与旅途,好东西会变成坏东西:三明治、舒芙蕾、插花。

[旅行时,所有易腐物品都会消失。]"
so|Aspect|resources.assets|28612|_label,Perishable,易腐
so|Aspect|resources.assets|28613|_description,"Materials, supplies, hardware.",材料、补给、五金。
so|Aspect|resources.assets|28613|_label,Practicality,实用
so|Aspect|resources.assets|28614|_description,Essential markers of elegance or wealth.,优雅或富贵的标志性物件。
so|Aspect|resources.assets|28614|_label,Refinement,雅致
so|Aspect|resources.assets|28615|_description,"Bandages, patent medicines, antiseptic; folk cures, witchy tangles, herb-mixes.",绷带、成药、消毒剂;民间偏方、巫术缠结、草药合剂。
so|Aspect|resources.assets|28615|_label,Remedy,药剂
so|Aspect|resources.assets|28616|_description,"The sombre, the sinister, the suspicious. Works of the [[Night Arts]] and criminal instruments.","阴沉、险恶、可疑之物。[[夜之技艺]]之作,与犯罪工具。"
so|Aspect|resources.assets|28616|_label,Shadow,暗影
so|Aspect|resources.assets|28617|_description,"'The green wealth in the world's veins, the tiny price of the old redder lower Sun, the bursting Grail-joy: all these are blood.'

Some rites of the [[Arts Unconsidered]] require the shedding of blood with an instrument that has never before tasted blood. In another age, this is one reason that adepts continued to use flint rather than iron.","「世界脉络中的绿色财富,旧日那位更红、更低的太阳的微薄代价,迸发的杯之欢愉:这些都是血。」

[[未识技艺]]的某些仪式,须用一件从未尝过血的器具来放血。在另一个年代,这正是修士们始终用燧石而不用铁器的原因之一。"
so|Aspect|resources.assets|28617|_label,Sharp,锋锐
so|Aspect|resources.assets|28618|_description,"Little precious things: jewellery, time-pieces, semi-precious knick-knacks.",小巧的珍物:珠宝、钟表、半宝石小玩意儿。
so|Aspect|resources.assets|28618|_label,Trinket,小饰物
so|Aspect|resources.assets|28620|_description,"Something that only a priest would wear - or should wear.

Religiously inclined characters will respond positively, unless they come to believe you're not entitled to wear the outfit.","只有教士才会穿——或应当穿——的衣物。

有宗教倾向的角色会作出积极回应,除非他们开始相信你没有资格穿这身行头。"
so|Aspect|resources.assets|28620|_label,Clerical,神职
so|Aspect|resources.assets|28621|_description,"This just isn't something most people would wear in public. Most people will be bemused, though a few odd bods will like it.","这不是大多数人会穿出门的东西。大多数人会摸不着头脑,不过少数怪人会喜欢它。"
so|Aspect|resources.assets|28621|_label,Eccentric,怪诞
so|Aspect|resources.assets|28622|_description,"Only when you really need to dress up. Outside appropriate situations, only a few very old-fashioned characters will react favourably","只在真正需要盛装打扮时。在合适的场合之外,只有少数非常守旧的角色会作出好感回应。"
so|Aspect|resources.assets|28622|_label,Formal,正式
so|Aspect|resources.assets|28623|_description,"Good in summer, bad in winter, and won't slow you down. A socially neutral aspect.","夏季合宜,冬季不宜,而且不会拖慢你的脚步。一个社交中性的性相。"
so|Aspect|resources.assets|28623|_label,Light,光源
so|Aspect|resources.assets|28624|_description,"Appropriate only for the most relaxed circumstances. Like bed.

Most people will react disfavourably to a Louche outfit, though a few will enjoy it.","只适合最松弛的场合。比如床上。

大多数人会对放浪的行头作出负面反应,不过少数人会乐在其中。"
so|Aspect|resources.assets|28624|_label,Louche,放浪
so|Aspect|resources.assets|28625|_description,"A military uniform - or something that strongly suggests such a connection. Other soldiers and ex-soldiers will approve. In 1948, very few would object.","军装——或任何强烈暗示这种联系的衣物。其他军人和退伍军人会认可。在 1948 年,几乎没有人会反对。"
so|Aspect|resources.assets|28625|_label,Martial,军戎
so|Aspect|resources.assets|28626|_description,"Contemporary, fashionable, and probably American.","时新、时髦,大概还是美国货。"
so|Aspect|resources.assets|28626|_label,Modern,摩登
so|Aspect|resources.assets|28627|_description,"Stylish, unconventional, flashy. Likely to provoke a positive or negative reaction in most characters.",时髦、不循常规、招摇。多半会在大多数角色身上激起或好或坏的反应。
so|Aspect|resources.assets|28627|_label,Raffish,不羁
so|Aspect|resources.assets|28628|_description,"Conventional, conservative, unremarkable. A safe option, although more unconventional souls will be put off.","传统、保守、毫不起眼。稳妥的选择,不过那些更不循常规的灵魂会被劝退。"
so|Aspect|resources.assets|28628|_label,Respectable,体面
so|Aspect|resources.assets|28629|_description,"Suitable for a cold climate; but bulky, and uncomfortable in the heat. A socially neutral aspect.","适合寒冷气候;但笨重,天热时也不舒服。一个社交中性的性相。"
so|Aspect|resources.assets|28629|_label,Warm,保暖
so|Aspect|resources.assets|28630|_description,"All conquest occurs at the Edge. One who dwelt there was blind. Another was strong. Of the third, we did not speak.

Edge is the [[Principle]] of battle and of struggle. Colonel, Lionsmith, Wolf-Divided were its Hours, but they are Uncounted now, and strife feeds on strife.","一切征服都发生在刃上。曾居其中者,一位目盲。另一位强壮。至于第三位,我们从不言说。

刃是战斗与抗争的[[准则]]。上校、狮子匠、裂分之狼曾是它的司辰,但如今它们已除名,而纷争以纷争为食。"
so|Aspect|resources.assets|28630|_label,Edge,刃
so|Aspect|resources.assets|28631|_description,"'Fire,' I read once, 'is the winter that warms and the spring that consumes.`

The Hour we called the Forge of Days is Uncounted now, but Forge is still the  [[Principle]] that transforms and destroys. ","「火,」我曾读到,「是温暖的冬天,是吞噬的春天。」

我们称之为白日铸炉的那位司辰如今已除名,但铸仍是那转化与毁灭的[[准则]]。"
so|Aspect|resources.assets|28631|_label,Forge,铸
so|Aspect|resources.assets|28632|_description,"Hunger, lust, the drowning waters.

The [[Hour]] we named for it is [[Uncounted]] now. The Grail-[[Principle]] once honoured equally the birth and the feast. Perhaps it does still.","饥饿,欲望,灭顶之水。

我们以它为名的那位[[司辰]]如今已[[除名]]。杯之[[准则]]曾同等地尊奉诞生与盛宴。或许如今依然。"
so|Aspect|resources.assets|28632|_label,Grail,杯
so|Aspect|resources.assets|28633|_description,"Heart is the [[Principle]] that continues and preserves. But the Heart Relentless, the Hour that once protected the skin of the world we understand - the Heart Relentless has fallen silent.",心是延续与保存的[[准则]]。但不息之心——那位曾守护我们所知世界的皮囊的司辰——不息之心已然沉寂。
so|Aspect|resources.assets|28633|_label,Heart,心
so|Aspect|resources.assets|28634|_description,"The Knock permits no seal and no isolation. It is the [[Principle]] that thrusts us gleefully out of the safety of ignorance. 

The Hour that unsealed and unseamed is Uncounted now. Another Hour stood at every threshold: perhaps it persists.","启不容封缄,不容隔绝。它是那将我们欣悦地推出无知之安全的[[准则]]。

那位开封解缝的司辰如今已除名。曾有另一位司辰伫立于每一道门槛:或许它仍在。"
so|Aspect|resources.assets|28634|_label,Knock,启
so|Aspect|resources.assets|28635|_description," Lucent intellect, merciless revelation, aureate clarity. Lantern is the principle of the secret place sometimes called the House of the Sun, or the [[Mansus]], and of the light above it. It is [[Corona]] and [[Gleam]], now, the West and the East, and the eyes of its [[Hours]] are closed.","澄澈的智性,无情的揭示,金色的清明。灯是那隐秘之处的准则——那处有时被称为太阳居屋,或称[[漫宿]]——也是其上方光芒的准则。如今它是[[冕]]与[[烁]],是西方与东方,而它诸[[司辰]]的眼睛已然闭合。"
so|Aspect|resources.assets|28635|_label,Lantern,灯
so|Aspect|resources.assets|28636|_description,"'I knew a man who captured moths in a bell-jar. On nights like this, he would release them one by one to die in the candle.'

 Moth is the wild and perilous  [[Principle]] of chaos and yearning. Are its [[Hours]] [[Uncounted]], or only altered? Moth is not to be expected.","「我认识一个人,把飞蛾捉进钟形罐。在这样的夜晚,他会把它们一只一只放出来,任其死在烛火里。」

蛾是混沌与渴望的[[准则]],狂野而危险。它的[[司辰]]们已[[除名]],抑或只是改变了?蛾不可预料。"
so|Aspect|resources.assets|28636|_label,Moth,蛾
so|Aspect|resources.assets|28637|_description,A  [[Principle]] of exploration - enlightenment - hope? Nine directions to new horizons. Here are [[Hours]] that wingèd rise.,探索的[[准则]]——启迪——希望?九个朝向新地平线的方向。此处有展翅升起的[[司辰]]。
so|Aspect|resources.assets|28637|_label,Rose,引
so|Aspect|resources.assets|28638|_description,"Winter is the [[Principle]] of silence, of endings, and of those things that are not quite dead.",冬是寂静、终结、以及那些尚未完全死去之物的[[准则]]。
so|Aspect|resources.assets|28638|_label,Winter,冬
so|AudioFXLibrary|resources.assets|28305|_listings[0]._name,MenuOpen,MenuOpen
so|AudioFXLibrary|resources.assets|28305|_listings[10]._name,Select,Select
so|AudioFXLibrary|resources.assets|28305|_listings[11]._name,Cancel,Cancel
so|AudioFXLibrary|resources.assets|28305|_listings[12]._name,InfoWindowShow,InfoWindowShow
so|AudioFXLibrary|resources.assets|28305|_listings[13]._name,InfoWindowHide,InfoWindowHide
so|AudioFXLibrary|resources.assets|28305|_listings[14]._name,SkillCheckSuccess,SkillCheckSuccess
so|AudioFXLibrary|resources.assets|28305|_listings[15]._name,SkillCheckFailure,SkillCheckFailure
so|AudioFXLibrary|resources.assets|28305|_listings[16]._name,SkillCheckRescue,SkillCheckRescue
so|AudioFXLibrary|resources.assets|28305|_listings[17]._name,PlanUpdated,PlanUpdated
so|AudioFXLibrary|resources.assets|28305|_listings[18]._name,PlanCompleted,PlanCompleted
so|AudioFXLibrary|resources.assets|28305|_listings[19]._name,HoldCharge,HoldCharge
so|AudioFXLibrary|resources.assets|28305|_listings[1]._name,MenuClose,MenuClose
so|AudioFXLibrary|resources.assets|28305|_listings[20]._name,HoldComplete,HoldComplete
so|AudioFXLibrary|resources.assets|28305|_listings[21]._name,OutfitSelect,OutfitSelect
so|AudioFXLibrary|resources.assets|28305|_listings[22]._name,CollectAll,CollectAll
so|AudioFXLibrary|resources.assets|28305|_listings[23]._name,Error,Error
so|AudioFXLibrary|resources.assets|28305|_listings[24]._name,PurchaseComplete,PurchaseComplete
so|AudioFXLibrary|resources.assets|28305|_listings[2]._name,ToastAlert,ToastAlert
so|AudioFXLibrary|resources.assets|28305|_listings[3]._name,ToastTutorial,ToastTutorial
so|AudioFXLibrary|resources.assets|28305|_listings[4]._name,ToastDismiss,ToastDismiss
so|AudioFXLibrary|resources.assets|28305|_listings[5]._name,InlineAlert,InlineAlert
so|AudioFXLibrary|resources.assets|28305|_listings[6]._name,AlertExperienceIncreased,AlertExperienceIncreased
so|AudioFXLibrary|resources.assets|28305|_listings[7]._name,AlertTroubleIncreased,AlertTroubleIncreased
so|AudioFXLibrary|resources.assets|28305|_listings[8]._name,DialogueChoice,DialogueChoice
so|AudioFXLibrary|resources.assets|28305|_listings[9]._name,ButtonClick,ButtonClick
so|AxisQuality|resources.assets|28639|_friendlyCriteria[0].friendlyText,"Above All, a Conjurer","归根结底,一名术士"
so|AxisQuality|resources.assets|28639|_friendlyCriteria[1].friendlyText,"Above All, a Priest","归根结底,一名祭司"
so|AxisQuality|resources.assets|28639|_friendlyCriteria[2].friendlyText,"Above All, a Physician","归根结底,一名医师"
so|AxisQuality|resources.assets|28639|_friendlyCriteria[3].friendlyText,"Above All, a Writer","归根结底,一名作家"
so|AxisQuality|resources.assets|28639|_label,Career,职业
so|AxisQuality|resources.assets|28640|_description,"Andrée, proprietor of the Librarie des Heures near the station,  is not only a bookseller.","车站附近的时辰书店店主安德烈,不只是一位书商。"
so|AxisQuality|resources.assets|28640|_label,Andrée's Other Interests,安德烈的其他兴趣
so|AxisQuality|resources.assets|28641|_description,An opportunity for generosity.,一个表达慷慨的机会。
so|AxisQuality|resources.assets|28641|_keywords[0].Description,can bewitch as well as wither!,"既能凋零,也能蛊惑!"
so|AxisQuality|resources.assets|28641|_keywords[0].Keyword,bewitch,bewitch
so|AxisQuality|resources.assets|28641|_keywords[1].Description,can wither as well as bewitch!,"既能蛊惑,也能凋零!"
so|AxisQuality|resources.assets|28641|_keywords[1].Keyword,wither,wither
so|AxisQuality|resources.assets|28641|_keywords[2].Description,"Transparently consume requested drinks, only if they haven't been doctored","不动声色地喝掉所点的饮品,只要它们没被动过手脚。"
so|AxisQuality|resources.assets|28641|_keywords[2].Keyword,consumeUndoctored,consumeUndoctored
so|AxisQuality|resources.assets|28641|_label,Chez Felix: Guest-Gifts,费利克斯之家:宾客之礼
so|AxisQuality|resources.assets|28645|_description,The sun has set...,太阳已经落山……
so|AxisQuality|resources.assets|28645|_label,"Day, Night","昼,夜"
so|AxisQuality|resources.assets|28646|_description,I'll wake in the night.,我会在夜里醒来。
so|AxisQuality|resources.assets|28646|_label,Wake at Midnight?,午夜醒来?
so|AxisQuality|resources.assets|28652|_description,The management situation at the Rosa Mundi circus.,罗莎·蒙迪马戏团的经营状况。
so|AxisQuality|resources.assets|28652|_label,Rosa Mundi: Management,罗莎·蒙迪:经营
so|AxisQuality|resources.assets|28653|_description,"In Europe now, the seasons often follow weather, not the other way around.","如今的欧洲,季节常常跟着天气走,而不是反过来。"
so|AxisQuality|resources.assets|28653|_label,Season,季节
so|AxisQuality|resources.assets|28654|_description,I've located a hidden space behind Aubière's office.,我找到了奥比埃办公室后面的一个隐蔽空间。
so|AxisQuality|resources.assets|28654|_label,The Doctor's Nook,医生的角落
so|AxisQuality|resources.assets|28655|_description,Bessy cooks these hearty and sustaining marvels as a perpetual habit.,"烹制这些丰盛又耐饿的美味,是贝茜雷打不动的习惯。"
so|AxisQuality|resources.assets|28655|_label,Bessy's Omelette,贝茜的蛋饼
so|AxisQuality|resources.assets|28656|_description,Where is this stealthy creature?,这鬼祟的生灵身在何处?
so|AxisQuality|resources.assets|28656|_label,Khione's location,喀俄涅的下落
so|AxisQuality|resources.assets|28657|_label,Strathcoyne's Arm,斯特拉斯科因的手臂
so|AxisQuality|resources.assets|28658|_description,What was the destiny of Strathcoyne's cigars?,"斯特拉斯科因的雪茄,命运如何?"
so|AxisQuality|resources.assets|28658|_label,Full Humidor,装满的保湿盒
so|AxisQuality|resources.assets|28659|_description,I've been catching up with Vincent Chraibi.,我一直在与文森特·沙莱比叙旧。
so|AxisQuality|resources.assets|28659|_label,Vincent: Reacquainted,文森特:重逢
so|AxisQuality|resources.assets|28661|_description,"Tracks what the player last ordered, for inconspicuous callback","记录玩家上次所点的饮品,以便日后不着痕迹地提及。"
so|AxisQuality|resources.assets|28661|_label,RecentPreferenceBeverageChezFelix,RecentPreferenceBeverageChezFelix
so|AxisQuality|resources.assets|28663|_description,"Father Jaume prays to a many-named saint, who told him to expect a visitor who might open her eyes: me.","若梅神父向一位名号众多的圣人祈祷;圣人告诉他,将有一位访客到来,她也许会睁开双眼——那人就是我。"
so|AxisQuality|resources.assets|28663|_label,The Eyes of the Saint,圣人之眼
so|AxisQuality|resources.assets|28664|_description,Milicien Léon has promised me a small payment for the name of each malcontent.,"民兵莱昂向我许诺:每供上一个心怀不满者的名字,就付我一小笔报酬。"
so|AxisQuality|resources.assets|28664|_keywords[0].Keyword,DenounceLinou,DenounceLinou
so|AxisQuality|resources.assets|28664|_keywords[1].Keyword,DenounceAndree,DenounceAndree
so|AxisQuality|resources.assets|28664|_label,Léon: Denunciations,莱昂:告发
so|AxisQuality|resources.assets|28665|_description,"Zèlia, in the park, performed a cruel little ritual, hoping to summon assistance for her revenge. She offered a substantial cash payment.","泽莉亚在公园里施行了一个残忍的小小仪式,指望召来助力,以报她的仇。她开出了一笔可观的现金报酬。"
so|AxisQuality|resources.assets|28665|_label,The Buried Heart,被埋葬的心
so|AxisQuality|resources.assets|28666|_description,"Mme Zèlia has asked me to find her husband, who ran off with - or was taken by - another woman to another city. Beyond that, details seem scarce.","泽莉亚夫人请我寻找她的丈夫——他随另一个女人去了另一座城市,又或许是被那女人带走的。除此之外,细节似乎寥寥无几。"
so|AxisQuality|resources.assets|28666|_label,The Wandering Heart,漂泊的心
so|AxisQuality|resources.assets|28675|_description,"To advance another Plan, I could use an item that has the [[Wither]] aspect. A Midnight Mark would be perfect.","要推进另一项计划,我需要一件带有[[凋零]]性相的物品。午夜印记再合适不过。"
so|AxisQuality|resources.assets|28675|_keywords[0].Keyword,crafted,crafted
so|AxisQuality|resources.assets|28675|_keywords[1].Keyword,suggested,suggested
so|AxisQuality|resources.assets|28675|_label,Creating something sinister,炼制不祥之物
so|AxisQuality|resources.assets|28676|_description,"To advance another Plan, I could use an item with the [[Unveil]] or [[Hallow]] aspect. A Wakeful Eye has both.","要推进另一项计划,我需要一件带有[[揭示]]或[[祝圣]]性相的物品。警醒之眼两者兼具。"
so|AxisQuality|resources.assets|28676|_label,Creating something holy,炼制神圣之物
so|AxisQuality|resources.assets|28677|_description,"To advance another Plan, I could use an item that has the [[Bewitch]] aspect. A Witch's Knot would be perfect.","要推进另一项计划,我需要一件带有[[蛊惑]]性相的物品。女巫结再合适不过。"
so|AxisQuality|resources.assets|28677|_label,Creating something beguiling,炼制蛊惑之物
so|AxisQuality|resources.assets|28689|_description,I set out to disinter the Signs of the dead Hours. Why?,我动身去掘出那些死去司辰的印记。为什么?
so|AxisQuality|resources.assets|28689|_label,Motive: Signs,动机:印记
so|AxisQuality|resources.assets|28690|_description,"I must find Nina Lagasse. My heart's been very clear about that since the day I returned to the world. Nina, as they say, knows where the bodies are buried.","我必须找到尼娜·拉加斯。自我重返世间那天起,我的心对此便一清二楚。正如人们所说,尼娜知道那些尸体埋在何处。"
so|AxisQuality|resources.assets|28690|_friendlyCriteria[0].friendlyText,Nina in Antibes?,尼娜在昂蒂布?
so|AxisQuality|resources.assets|28690|_label,Heart's Desire?,心之所愿?
so|AxisQuality|resources.assets|28691|_description,"Nina's invited me to travel with the Rosa Mundi circus. This will allow me to travel safety, and to get the help I need from the Rosa Mundi troupe.","尼娜邀请我与罗莎·蒙迪马戏团同行。这样我就能安全旅行,也能从罗莎·蒙迪的团员那里得到我需要的帮助。"
so|AxisQuality|resources.assets|28691|_label,Rosa Mundi: Welcome,罗莎·蒙迪:欢迎
so|AxisQuality|resources.assets|28692|_description,If I can't win Dr Aubière's co-operation... perhaps I can compel it.,若我无法赢得奥比埃医生的配合……也许我能迫使它发生。
so|AxisQuality|resources.assets|28692|_keywords[0].Description,"Give up this plan. No-op once the plan has concluded, so a won plan is never undone.","放弃这项计划。计划一旦结束即不再起效,因此赢下的计划永远不会被推翻。"
so|AxisQuality|resources.assets|28692|_keywords[0].Keyword,abandon,abandon
so|AxisQuality|resources.assets|28692|_label,Compel Dr A.,胁迫 A 医生
so|AxisQuality|resources.assets|28693|_description,"Dr Aubière keeps close the secret of where to find Nina Lagasse. But in dreams, it's difficult to keep secrets.","奥比埃医生把尼娜·拉加斯的下落藏得严严实实。但在梦里,秘密最难守住。"
so|AxisQuality|resources.assets|28693|_label,The Dreams of Dr A.,A 医生的梦境
so|AxisQuality|resources.assets|28694|_description,"Somewhere, Dr Aubière must keep records of his previous patients. But there's no sign of anything like that in the office where he meets patients.","奥比埃医生一定在某个地方保存着他过往病人的记录。但他接诊病人的办公室里,却找不到任何此类东西的踪迹。"
so|AxisQuality|resources.assets|28694|_label,The Secrets of Dr A.,A 医生的秘密
so|AxisQuality|resources.assets|28704|_description,"I promised that I would help the Lantern-long Sinombre, the next time that she needed it.","我答应过,下一次灯性长生者西诺姆布尔需要帮助时,我会伸出援手。"
so|AxisQuality|resources.assets|28704|_label,Debt to Sinombre,欠西诺姆布尔的债
so|AxisQuality|resources.assets|28705|_description,The Ministries have taken an interest in me.,联盟已经对我产生了兴趣。
so|AxisQuality|resources.assets|28705|_label,Pursuit: Ministries,追捕:联盟
so|AxisSO|resources.assets|28004|_axisName,Default,Default
so|AxisSO|resources.assets|28050|_axisName,Linou,Linou
so|AxisSO|resources.assets|28076|_axisName,canBewitch,canBewitch
so|AxisSO|resources.assets|28131|_axisName,Acceptance,Acceptance
so|AxisSO|resources.assets|29189|_axisName,Doctored,Doctored
so|AxisSO|resources.assets|29197|_axisName,CanFulfil,CanFulfil
so|AxisSO|resources.assets|29287|_axisName,Andree,Andree
so|AxisSO|resources.assets|29350|_axisName,canWither,canWither
so|BoolFunctionQuality|resources.assets|28792|_label,Unchosen,未选中
so|BundleOfEffects|resources.assets|28706|_label,Drink Adulterated Coffee,喝掺假的咖啡
so|BundleOfEffects|resources.assets|28707|_label,Drink Camomile Tea,喝甘菊茶
so|BundleOfEffects|resources.assets|28708|_label,Drink Coca-Cola,喝可口可乐
so|BundleOfEffects|resources.assets|28709|_label,Drink Pastis,喝茴香酒
so|BundleOfEffects|resources.assets|28710|_label,Drink Red Wine,喝红葡萄酒
so|BundleOfEffects|resources.assets|28711|_label,Drink White Wine,喝白葡萄酒
so|BundleOfEffects|resources.assets|28712|Effects[0].text,do:abandon,do:abandon
so|BundleOfEffects|resources.assets|28712|_label,Finish Aubiere Business,了结奥比埃的事
so|Career|resources.assets|28306|_description,"I was always good with my hands, and I took that talent to the stage to pay the bills. Eventually, my illusions were sufficiently convincing to draw the attention of the [[Suppression Bureau]].

In Europe, since the War, a knack for appearances and disappearances is more useful than ever.

<i> Since 1924, Spencer has intermittently been known to perform as 'Father Brass'.</i>","我的手一向灵巧,于是我把这份天赋带上舞台,靠它养家糊口。久而久之,我的幻术逼真得足以引来[[防剿局]]的注意。

在欧洲,自大战以来,擅长现身与消失的把戏比以往任何时候都更有用。

<i>自 1924 年起,斯宾塞偶尔会以「黄铜神父」之名登台献艺。</i>"
so|Career|resources.assets|28306|_introLabel,a conjurer,一位魔术师
so|Career|resources.assets|28306|_label,Stage Magician,舞台魔术师
so|Career|resources.assets|28307|_description,"What I saw as an exorcist's assistant, and then the priest of an unusual parish, led me to question my faith - and I left the [[Church]] shortly afterwards.

<i>From 1919 to 1921, Spencer was a priest of the Church Solar. Ordination marks the <b>phost</b> - the luminous element of the soul - permanently. So he can still technically perform the sacraments, though he might be breaking Church law.</i>","作为驱魔师的助手、后来又担任一个不寻常教区的神父,我所目睹的一切让我开始质疑自己的信仰——不久之后,我便离开了[[教会]]。

<i>1919 年至 1921 年间,斯宾塞曾任太阳教会的神父。圣职授任会永久地烙下<b>福斯特</b>——灵魂中发光的部分。因此,严格说来,他仍能主持圣礼,尽管这可能触犯教会的法规。</i>"
so|Career|resources.assets|28307|_introLabel,an exorcist,一位驱魔师
so|Career|resources.assets|28307|_label,Exorcist,驱魔师
so|Career|resources.assets|28308|_label,NullCareer,NullCareer
so|Career|resources.assets|28309|_description,"I never completed my medical degree, though I learnt enough to set a bone and treat a fever. I was distracted by medicine's occult hinterlands.

<i>In 1927, Spencer was sponsored by the Suppression Bureau to study medicine. When that arrangement fell apart in 1930, he signed up for five years as a medical officer in the [[Légion du Seuil]].</i>","我从未修完医学学位,不过我学到的已经足够接骨、退烧。是医学背后那片秘术地带分了我的心。

<i>1927 年,斯宾塞受防剿局资助学医。1930 年,这项安排破裂之后,他在[[门关军团]]应征为军医,为期五年。</i>"
so|Career|resources.assets|28309|_introLabel,a physician,一位医生
so|Career|resources.assets|28309|_label,Physician,医生
so|Career|resources.assets|28310|_description,"What else can an educated man with no useful skills do for a living? Investigative journalism; book reviews; pseudonymous fiction; plays no one would perform. 

As a writer, I made a lot of the wrong kind of friends. Good times.

<i>From 1921-25, Spencer worked as a journalist and private inquiry agent.</i>","一个受过教育、却无一技之长的男人,还能靠什么谋生?调查报道;书评;化名小说;没人愿意上演的剧本。

作为作家,我结交了许多不该结交的朋友。快活的日子。

<i>1921 年至 1925 年间,斯宾塞做过记者,也当过私人调查员。</i>"
so|Career|resources.assets|28310|_introLabel,a writer,一位作家
so|Career|resources.assets|28310|_label,Writer,作家
so|ChoiceTagProperties|resources.assets|28286|_entries[0].tagKey,offeredEglantine,offeredEglantine
so|ChoiceTagProperties|resources.assets|28286|_entries[1].tagKey,offeredLilies,offeredLilies
so|ChoiceTagProperties|resources.assets|28286|_entries[2].tagKey,offeredRoses,offeredRoses
so|ChoiceTagProperties|resources.assets|28286|_entries[3].tagKey,washedCorpse,washedCorpse
so|ChoiceTagProperties|resources.assets|28286|_entries[4].tagKey,examinedClue,examinedClue
so|ChoiceTagProperties|resources.assets|28286|_entries[5].tagKey,beverageBewitched,beverageBewitched
so|ChoiceTagProperties|resources.assets|28286|_entries[6].tagKey,beverageWithered,beverageWithered
so|CommentComponent|level12|23522|_Text,"IMPORTANT! Cubbies have a +10x +5y raycatcher so they're more generous with drag-drops. If we change the size of the grid, we'll also need to change the size of the cubby raycatcher, else the raycatchers will overlap or be insufficient.","重要!储物格带有一个 +10x +5y 的射线感应器,以便对拖放操作更加宽容。如果我们更改网格的尺寸,也需要同步更改储物格感应器的尺寸,否则感应器会重叠或覆盖不足。"
so|CommentComponent|resources.assets|31969|_Text,"Really simple: just displays behind everything and ensures that the zone outside the camera rect is refreshed to black. Otherwise, previously displayed canvases ghost into the border zone.","非常简单:只是显示在所有内容之后,并确保摄像机矩形之外的区域刷新为黑色。否则,先前显示过的画布会在边框区域留下残影。"
so|CommentComponent|resources.assets|35565|_Text,Set to Sort Order 200 because we want the context menu to appear in front of any tooltips - though in fact we should probably turn any tooltips off while the context menu is open.,"设为排序顺序200,因为我们希望右键菜单显示在所有悬浮提示之前——尽管事实上,当右键菜单打开时,我们或许应该把悬浮提示全部关掉。"
so|CompanionQuality|resources.assets|28714|_label,Chaima,柴玛
so|CompanionQuality|resources.assets|28715|_label,Corso,科尔索
so|CompanionQuality|resources.assets|28716|_label,No Companion,无同伴
so|CompanionQuality|resources.assets|28717|_label,Vincent,文森特
so|CompanionQuality|resources.assets|28717|_outfitRules[0].Requirements[0].text,rejoined,rejoined
so|ConditionQuality|resources.assets|28718|_customEntryMessage,A bit grim out here. I'm now Chilly.,这外面有点阴冷。我现在发冷了。
so|ConditionQuality|resources.assets|28718|_customExitMessage,A welcome warmth. I'm no longer Chilly.,令人欣喜的暖意。我不再发冷了。
so|ConditionQuality|resources.assets|28718|_description,"It's a smidgeon too cold for what I'm wearing. But only a smidgeon.

[A warmer outfit would be provide a small bonus.]","对我这身穿着来说,天气稍微冷了一点。但也只是一点。

[更暖和的行头会提供小幅加成。]"
so|ConditionQuality|resources.assets|28718|_label,Chilly,发冷
so|ConditionQuality|resources.assets|28719|_customEntryMessage,The heat strikes me like a friendly fist. I'm now Dripping.,热浪像一记友善的拳头迎面打来。我现在大汗淋漓了。
so|ConditionQuality|resources.assets|28719|_customExitMessage,Shady shelter from the sun. I'm no longer Dripping.,"躲进树荫,避开太阳。我不再大汗淋漓了。"
so|ConditionQuality|resources.assets|28719|_description,"It's much too hot to be wearing this. Uncomfortable and embarrassing.

[Change to a lighter Outfit - or stay inside.]","穿成这样实在太热了。又难受,又难堪。

[换一身更轻便的行头——或者待在室内。]"
so|ConditionQuality|resources.assets|28719|_label,Dripping,大汗淋漓
so|ConditionQuality|resources.assets|28720|_customEntryMessage,Back into the smiling sunlight. I feel Fresh.,回到微笑的阳光下。我感觉清爽。
so|ConditionQuality|resources.assets|28720|_customExitMessage,Into the shade. I no longer feel Fresh.,走进阴凉处。我不再感觉清爽。
so|ConditionQuality|resources.assets|28720|_description,"Thanks fot this triumph of tailoring, I can enjoy the summer heat.","多亏这身剪裁的杰作,我才能享受夏日的暑热。"
so|ConditionQuality|resources.assets|28720|_label,Fresh,清爽
so|ConditionQuality|resources.assets|28721|_customEntryMessage,The heat strikes me like a friendly fist. I'm now Perspiring.,热浪像一记友善的拳头迎面打来。我现在微微冒汗了。
so|ConditionQuality|resources.assets|28721|_customExitMessage,Shady shelter from the sun. I'm no longer Perspiring.,"躲进树荫,避开太阳。我不再微微冒汗了。"
so|ConditionQuality|resources.assets|28721|_description,"'Gentlemen perspire, ladies glow, horses sweat.' Ergo, I'm not sweating. But I'd be slightly more comfortable in something lighter.

[A lighter Outfit would provide a small bonus.]","「绅士冒汗,淑女泛光,马儿淌汗。」所以说,我没有出汗。不过穿得更轻便些,我会更舒服一点。

[更轻便的行头会提供小幅加成。]"
so|ConditionQuality|resources.assets|28721|_label,Perspiring,微微冒汗
so|ConditionQuality|resources.assets|28722|_customEntryMessage,Really cold out here. I'm Shivering.,这外面真冷。我正瑟瑟发抖。
so|ConditionQuality|resources.assets|28722|_customExitMessage,A welcome warmth. I'm no longer Shivering.,令人欣喜的暖意。我不再瑟瑟发抖了。
so|ConditionQuality|resources.assets|28722|_description,"The wind reaches right through my thin clothing to lay itself against my skin.

[Change to a warmer Outfit - or stay inside.]","风径直穿过我单薄的衣衫,贴上我的皮肤。

[换一身更暖和的行头——或者待在室内。]"
so|ConditionQuality|resources.assets|28722|_label,Shivering,瑟瑟发抖
so|ConditionQuality|resources.assets|28723|_customEntryMessage,"'There's no such thing as bad weather - only bad clothes'. In this outfit, I'm Snug.","「世上没有坏天气,只有坏衣服。」穿着这身行头,我感觉暖融融的。"
so|ConditionQuality|resources.assets|28723|_customExitMessage,Unbutton my coat. I'm no longer Snug.,解开大衣的纽扣。我不再感觉暖融融了。
so|ConditionQuality|resources.assets|28723|_description,Nasty weather: but I'm securely cocooned in my coat.,"天气恶劣:但我的大衣把我稳稳地裹住,像茧一样。"
so|ConditionQuality|resources.assets|28723|_label,Snug,暖融融
so|ConditionQuality|resources.assets|28724|_description,"This is how it ends.

Current Dread: [q=dread]","一切就是这样结束的。

当前恐惧:[q=dread]"
so|ConditionQuality|resources.assets|28724|_label,Death From Dread,死于恐惧
so|ConditionQuality|resources.assets|28725|_customEntryMessage,[q=Dread] Dread! I'm falling into Despair.,[q=Dread] 恐惧!我正坠入绝望。
so|ConditionQuality|resources.assets|28725|_customExitMessage,The world seems closer and clearer again. I'm no longer Despairing.,世界似乎又近在咫尺、清晰如初。我不再绝望了。
so|ConditionQuality|resources.assets|28725|_description,"7-9 Dread: ""I can't.""

Current Dread: [q=dread]

[BE VERY CAREFUL. At 10 or more Dread, the game may end.]","7-9 点恐惧:「我做不到。」

当前恐惧:[q=dread]

[请务必小心。恐惧达到 10 点或以上时,游戏可能就此结束。]"
so|ConditionQuality|resources.assets|28725|_label,Despair,绝望
so|ConditionQuality|resources.assets|28725|_transitionsOut[0].text,"Only [q=Dread] Dread: so much better. No longer Despairing, just Uneasy.","恐惧只剩 [q=Dread]:好多了。不再绝望,只是不安。"
so|ConditionQuality|resources.assets|28725|_transitionsOut[1].text,"Only [q=Dread] Dread - I'm no longer Despairing, just Despondent.","恐惧只剩 [q=Dread]——我不再绝望,只是沮丧。"
so|ConditionQuality|resources.assets|28726|_customEntryMessage,[q=Dread] Dread: I'm feeling Despondent.,[q=Dread] 恐惧:我感到沮丧。
so|ConditionQuality|resources.assets|28726|_customExitMessage,[q=Dread] Dread: I'm no longer Despondent.,[q=Dread] 恐惧:我不再沮丧。
so|ConditionQuality|resources.assets|28726|_description,"4-6 Dread: ""This seems pointless.""

Current Dread: [q=dread]","4-6 点恐惧:「这似乎毫无意义。」

当前恐惧:[q=dread]"
so|ConditionQuality|resources.assets|28726|_label,Despondency,沮丧
so|ConditionQuality|resources.assets|28726|_transitionsOut[0].text,"Down to [q=Dread] Dread. I'm no longer Despondent, just Uneasy.","恐惧降至 [q=Dread]。我不再沮丧,只是不安。"
so|ConditionQuality|resources.assets|28726|_transitionsOut[1].text,My Dread has increased to [q=Dread]. I'm falling into Despair...,我的恐惧已增至 [q=Dread]。我正坠入绝望……
so|ConditionQuality|resources.assets|28727|_customEntryMessage,[q=Dread] Dread - I'm growing Uneasy.,[q=Dread] 恐惧——我渐渐感到不安。
so|ConditionQuality|resources.assets|28727|_customExitMessage,"At [q=Dread] Dread, my Unease has dissipated.","当恐惧为 [q=Dread] 时,我的不安已然消散。"
so|ConditionQuality|resources.assets|28727|_description,"1-3 Dread: ""This may not end well.""

Current Dread: [q=dread]. Penalties at 4+...","1-3 点恐惧:「这事恐怕不会善终。」

当前恐惧:[q=dread]。4 点以上便有惩罚……"
so|ConditionQuality|resources.assets|28727|_label,Unease,不安
so|ConditionQuality|resources.assets|28727|_transitionsOut[0].text,[q=Dread] Dread is enough to take me from Unease to Despondency.,[q=Dread] 恐惧足以把我从不安推向沮丧。
so|ConditionQuality|resources.assets|28728|_customEntryMessage,[q=Fascination] Fascination: I'm feeling Chrysolagnic.,[q=Fascination] 入迷:我感到恋金癖发作了。
so|ConditionQuality|resources.assets|28728|_customExitMessage,[q=Fascination] Fascination: I'm no longer Chrysolagnic.,[q=Fascination] 入迷:我不再恋金。
so|ConditionQuality|resources.assets|28728|_description,"4-6 Fascination: ""CROWNED gifts DELIGHT us.""

Current Fascination: [q=fascination]","4-6 点入迷:「加冕的礼物令我们欣喜。」

当前入迷:[q=fascination]"
so|ConditionQuality|resources.assets|28728|_label,Chrysolagnia,恋金癖
so|ConditionQuality|resources.assets|28728|_transitionsOut[0].text,"Down to [q=Fascination] Fascination. I'm no longer Chrysolagnic, just Chrysophoric. The world seems dingier.","入迷降至 [q=Fascination]。我不再恋金,只是迷金。世界似乎更灰暗了。"
so|ConditionQuality|resources.assets|28728|_transitionsOut[1].text,My Fascination has increased to [q=Fascination]. I'm Chrysoleptic now.,我的入迷已增至 [q=Fascination]。我现在陷入金痫了。
so|ConditionQuality|resources.assets|28729|_description,"7-9 Fascination: ""TRUST UPWARDS. LISTEN TO THE LIGHT.""

Current Fascination: [q=fascination]

[BE VERY CAREFUL. At 10 or more Fascination, the game may end.]","7-9 点入迷:「信任上方。聆听光。」

当前入迷:[q=fascination]

[请务必小心。入迷达到 10 点或以上时,游戏可能就此结束。]"
so|ConditionQuality|resources.assets|28729|_label,Chrysolepsis,金痫
so|ConditionQuality|resources.assets|28729|_transitionsOut[0].text,"Only [q=Fascination] Fascination: no longer Chrysoleptic,入迷只剩 [q=Fascination]:不再金痫,只是迷金。世界如今看来多么黯淡。
so|ConditionQuality|resources.assets|28729|_transitionsOut[1].text,"Only [q=Fascination] Fascination - I'm no longer Chrysoleptic,入迷只剩 [q=Fascination]——我不再金痫,只是恋金。
so|ConditionQuality|resources.assets|28730|_customEntryMessage,"[q=Fascination] Fascination: Chrysophoria, the first stage of a kind of delirium...",[q=Fascination] 入迷:迷金症——某种谵妄的第一阶段……
so|ConditionQuality|resources.assets|28730|_customExitMessage,"At [q=Fascination] Fascination, my Chrysophoria has faded.","当入迷为 [q=Fascination] 时,我的迷金症已然消退。"
so|ConditionQuality|resources.assets|28730|_description,"1-3 Fascination: ""Gold SPILLS through the CRACKS.""

Current Fascination: [q=fascination]. Penalties at 4+...","1-3 点入迷:「黄金从裂缝中倾泻而出。」

当前入迷:[q=fascination]。4 点以上便有惩罚……"
so|ConditionQuality|resources.assets|28730|_label,Chrysophoria,迷金症
so|ConditionQuality|resources.assets|28730|_transitionsOut[0].text,"[q=Fascination] Fascination is enough to tip me over from Chrysophoria to Chrysolagnia, where the world grows more golden. I rather like it.","[q=Fascination] 入迷足以把我从迷金症倾覆入恋金癖——彼时,世界变得更加金光粲然。我倒颇为中意。"
so|ConditionQuality|resources.assets|28730|_transitionsOut[1].text,"My Fascination has increased to [q=Fascination],我的入迷已增至 [q=Fascination],严格来说,这使我陷入金痫。这是某个过程的第三阶段,这个过程……不知为何……很糟糕?为什么?
so|ConditionQuality|resources.assets|28731|_description,"This is how it ends.

Current Fascination: [q=fascination]","一切就是这样结束的。

当前入迷:[q=fascination]"
so|ConditionQuality|resources.assets|28731|_label,Death From Fascination,死于入迷
so|ConditionQuality|resources.assets|28732|_customEntryMessage,I'm now Well-Groomed.,我现在仪表整洁了。
so|ConditionQuality|resources.assets|28732|_customExitMessage,I'll need time in front of the mirror tomorrow morning to renew my Well-Groomed condition.,"明早我还得在镜子前花些时间,重新打理出仪表整洁的状态。"
so|ConditionQuality|resources.assets|28732|_description,"Clean-shaven, well-kept and elegant.

[Taking time in front of a mirror to shave and smarten up provides a small elegance bonus for the day.]","刮净胡须,打理得体,风度优雅。

[花点时间在镜子前刮脸、拾掇一番,可为当天提供小幅优雅加成。]"
so|ConditionQuality|resources.assets|28732|_label,Well-Groomed,仪表整洁
so|ConditionQuality|resources.assets|28733|_customEntryMessage,[q=Pain] Pain! My body is flooded with Agony!,[q=Pain] 痛苦!剧痛淹没了我的身体!
so|ConditionQuality|resources.assets|28733|_customExitMessage,[q=Pain] Pain. My Agony is gone.,[q=Pain] 痛苦。剧痛已经消失。
so|ConditionQuality|resources.assets|28733|_description,"7-9 Pain: Grit my teeth, keep going as long as I can.

Current Pain: [q=pain]

[BE VERY CAREFUL. At 10 or more Pains, Spencer may die.]","7-9 点痛苦:咬紧牙关,能撑多久就撑多久。

当前痛苦:[q=pain]

[请务必小心。痛苦达到 10 点或以上时,斯宾塞可能会死去。]"
so|ConditionQuality|resources.assets|28733|_label,Agonies,剧痛
so|ConditionQuality|resources.assets|28733|_transitionsOut[0].text,"Only [q=Pain] Pain: so much better. No longer suffering Agonies, just Twinges.","痛苦只剩 [q=Pain]:好多了。不再受剧痛折磨,只是隐隐作痛。"
so|ConditionQuality|resources.assets|28733|_transitionsOut[1].text,"Only [q=Pain] Pain - I'm no longer suffering Agonies, just Injured.","痛苦只剩 [q=Pain]——我不再受剧痛折磨,只是受伤。"
so|ConditionQuality|resources.assets|28734|_description,"This is how it ends.

Current Pain: [q=pain]","一切就是这样结束的。

当前痛苦:[q=pain]"
so|ConditionQuality|resources.assets|28734|_label,Death From Pains,死于痛苦
so|ConditionQuality|resources.assets|28735|_customEntryMessage,[q=Pain] Pain: I'm feeling Injured.,[q=Pain] 痛苦:我感到受伤了。
so|ConditionQuality|resources.assets|28735|_customExitMessage,[q=Pain] Pain: I'm no longer Injured.,[q=Pain] 痛苦:我不再受伤。
so|ConditionQuality|resources.assets|28735|_description,"4-6 Pain: Ow damnit ow.

Current Pain: [q=pain]","4-6 点痛苦:哎哟,该死,哎哟。

当前痛苦:[q=pain]"
so|ConditionQuality|resources.assets|28735|_label,Injuries,伤痛
so|ConditionQuality|resources.assets|28735|_transitionsOut[0].text,"Down to [q=Pain] Pain. I've perked up a little. I'm no longer Injured, just suffering Twinges.","痛苦降至 [q=Pain]。我精神了些。我不再受伤,只是隐隐作痛。"
so|ConditionQuality|resources.assets|28735|_transitionsOut[1].text,My Pain has increased to [q=Pain]. I'm suffering Agonies now.,我的痛苦已增至 [q=Pain]。我现在正受剧痛折磨。
so|ConditionQuality|resources.assets|28736|_customEntryMessage,[q=Pain] Pain. I'm suffering Twinges.,[q=Pain] 痛苦。我正隐隐作痛。
so|ConditionQuality|resources.assets|28736|_customExitMessage,"At [q=Pain] Pain, my Twinges have gone.","当痛苦为 [q=Pain] 时,我的隐痛已然消散。"
so|ConditionQuality|resources.assets|28736|_description,"1-3 Pain: Distracting discomfort.

Current Pain: [q=pain]. Penalties at 4+...","1-3 点痛苦:惹人心烦的不适。

当前痛苦:[q=pain]。4 点以上便有惩罚……"
so|ConditionQuality|resources.assets|28736|_label,Twinges,隐痛
so|ConditionQuality|resources.assets|28736|_transitionsOut[0].text,[q=Pain] Pain is enough to tip me over from Twinges to Injuries.,[q=Pain] 痛苦足以把我从隐痛推向伤痛。
so|ConditionQuality|resources.assets|28737|_description,"10+ Traces: they're on my heels!

Current Traces: [q=trace]

[Spencer will be arrested if he visits a station, government buildings, or anywhere else they might be watching for him. But being arrested doesn't mean game over... not the first time.]","10 点以上痕迹:他们紧追不舍!

当前痕迹:[q=trace]

[如果斯宾塞前往车站、政府大楼或任何其他可能有人盯梢他的地方,他会遭到逮捕。但被逮捕并不意味着游戏结束……至少第一次不会。]"
so|ConditionQuality|resources.assets|28737|_label,Flight,逃亡
so|ConditionQuality|resources.assets|28738|_description,"7-9 Traces: They're getting closer...

Current Traces: [q=trace]

[Starting at 7, there's a good chance Spencer will be arrested if he visits a station, government buildings, or anywhere else they might be watching for him. At Traces 10, this will become a certainty.]","7-9 点痕迹:他们越来越近了……

当前痕迹:[q=trace]

[从 7 点起,如果斯宾塞前往车站、政府大楼或任何其他可能有人盯梢他的地方,他遭到逮捕的可能性很大。痕迹达到 10 点时,这将变为必然。]"
so|ConditionQuality|resources.assets|28738|_label,Pursuit,追捕
so|ConditionQuality|resources.assets|28738|_transitionsOut[0].text,"Only Traces [q=trace]: no longer Pursued, but still a subject of Rumour.","痕迹只剩 [q=trace]:不再被追缉,却仍是流言的对象。"
so|ConditionQuality|resources.assets|28738|_transitionsOut[1].text,"Only [q=trace] Traces - I'm no longer being actively Pursued, but I'm certain that I'm still under Surveillance.","痕迹只剩 [q=trace]——我不再被积极追缉,但我确信自己仍在监视之下。"
so|ConditionQuality|resources.assets|28739|_customEntryMessage,Traces [q=trace]: enough to make me a subject of Rumour.,痕迹 [q=trace]:足以让我成为流言的对象。
so|ConditionQuality|resources.assets|28739|_customExitMessage,Traces [q=trace]. I'm no longer a subject of Rumour.,痕迹 [q=trace]。我不再是流言的对象了。
so|ConditionQuality|resources.assets|28739|_description,"1-3 Traces: They're probably talking about me.

Current Traces: [q=trace]

[Traces don't apply penalties. But starting at 7, there's a risk of arrest.]","1-3 点痕迹:他们多半正在谈论我。

当前痕迹:[q=trace]

[痕迹不会施加惩罚。但从 7 点起,便存在被捕的风险。]"
so|ConditionQuality|resources.assets|28739|_label,Rumour,流言
so|ConditionQuality|resources.assets|28739|_transitionsOut[0].text,"Traces [q=trace] - I fear I'm no longer just the subject of Rumour, but under active Surveillance.","痕迹 [q=trace]——恐怕我不再只是流言的对象,而是已处于积极监视之下。"
so|ConditionQuality|resources.assets|28739|_transitionsOut[1].text,My Traces have increased to [q=trace]. I'm being Pursued now.,我的痕迹已增至 [q=trace]。如今我已遭追缉。
so|ConditionQuality|resources.assets|28740|_customEntryMessage,"[q=trace] Traces. From long experience, I know when I'm under Surveillance.","[q=trace] 痕迹。凭多年经验,我清楚自己何时身处监视之下。"
so|ConditionQuality|resources.assets|28740|_customExitMessage,[q=trace] Traces: I'm no longer under Surveillance.,[q=trace] 痕迹:我不再处于监视之下了。
so|ConditionQuality|resources.assets|28740|_description,"4-6 Traces: They're probably monitoring me.

Current Traces: [q=trace]

[Traces don't apply penalties. But starting at 7, there's a risk of arrest.]","4-6 点痕迹:他们多半正在监视我。

当前痕迹:[q=trace]

[痕迹不会施加惩罚。但从 7 点起,便存在被捕的风险。]"
so|ConditionQuality|resources.assets|28740|_label,Surveillance,监视
so|ConditionQuality|resources.assets|28740|_transitionsOut[0].text,"Down to Traces [q=trace]. I've perked up a little. I'm no longer under active Surveillance, but still a subject of Rumour.","痕迹降至 [q=trace]。我精神稍振。我不再处于积极的监视之下,却仍是流言的对象。"
so|ConditionQuality|resources.assets|28740|_transitionsOut[1].text,My Traces have increased to [q=trace]. I'm Pursued now.,我的痕迹已增至 [q=trace]。如今我已遭追缉。
so|ConditionQuality|resources.assets|28741|_customEntryMessage,[q=Weariness] Weariness: I'm feeling Drowsy.,[q=Weariness] 倦怠:我感到困倦。
so|ConditionQuality|resources.assets|28741|_customExitMessage,Much better - I'm no longer Drowsy.,好多了——我不再困倦。
so|ConditionQuality|resources.assets|28741|_description,"4-6 Weariness: ""I could use a nap.""

Current Weariness: [q=weariness]","4-6 点倦怠:“我真该打个盹。”

当前倦怠:[q=weariness]"
so|ConditionQuality|resources.assets|28741|_label,Drowsiness,困倦
so|ConditionQuality|resources.assets|28741|_transitionsOut[0].text,"Down to [q=Weariness] Weariness. I've perked up a little. I'm no longer Drowsy, just Languorous.","倦怠降至 [q=Weariness]。我精神稍振。我不再困倦,只是慵懒。"
so|ConditionQuality|resources.assets|28741|_transitionsOut[1].text,My Weariness has increased to [q=Weariness]. I'm Exhausted now.,我的倦怠已增至 [q=Weariness]。如今我已筋疲力尽。
so|ConditionQuality|resources.assets|28742|_customEntryMessage,[q=Weariness] Weariness - I'm Exhausted!,[q=Weariness] 倦怠——我已筋疲力尽!
so|ConditionQuality|resources.assets|28742|_customExitMessage,No longer Exhausted! I'm completely refreshed.,不再筋疲力尽了!我已完全恢复精神。
so|ConditionQuality|resources.assets|28742|_description,"7-9 Weariness: ""I can hardly keep my eyes open...""

Current Weariness: [q=weariness]

[At 10 Weariness, Spencer will collapse, losing 3 Weariness but gaining 3 Pain.]","7-9 点倦怠:“我几乎睁不开眼了……”

当前倦怠:[q=weariness]

[倦怠达到 10 点时,斯宾塞会倒下,失去 3 点倦怠,获得 3 点痛苦。]"
so|ConditionQuality|resources.assets|28742|_label,Exhaustion,筋疲力尽
so|ConditionQuality|resources.assets|28742|_transitionsOut[0].text,"Only [q=Weariness] Weariness: so much better. No longer Exhausted, just Languorous.","倦怠只剩 [q=Weariness]:好多了。不再筋疲力尽,只是慵懒。"
so|ConditionQuality|resources.assets|28742|_transitionsOut[1].text,"Only [q=Weariness] Weariness - I'm no longer Exhausted, just Drowsy.","倦怠只剩 [q=Weariness]——我不再筋疲力尽,只是困倦。"
so|ConditionQuality|resources.assets|28743|_customEntryMessage,[q=Weariness] Weariness is enough to make me Languorous.,[q=Weariness] 倦怠足以让我慵懒。
so|ConditionQuality|resources.assets|28743|_customExitMessage,"At [q=Weariness] Weariness, my Languor has gone.","当倦怠为 [q=Weariness] 时,我的慵懒已然消退。"
so|ConditionQuality|resources.assets|28743|_description,"1-3 Weariness: ""I'm not at my best.""

Current Weariness: [q=weariness]. Penalties at 4+...","1-3 点倦怠:“我不在最佳状态。”

当前倦怠:[q=weariness]。4 点以上便有惩罚……"
so|ConditionQuality|resources.assets|28743|_label,Languor,慵懒
so|ConditionQuality|resources.assets|28743|_transitionsOut[0].text,[q=Weariness] Weariness is enough to tip me over from Languor to Drowsiness.,[q=Weariness] 倦怠足以把我从慵懒推向困倦。
so|ConditionQuality|resources.assets|28744|_customEntryMessage,"I've gone too long without sleep - for a moment there, I lost consciousness.","我太久没有睡觉了——方才那一刻,我失去了意识。"
so|ConditionQuality|resources.assets|28744|_customExitMessage,Awake again...,又醒了……
so|ConditionQuality|resources.assets|28744|_description,"At 10 Weariness, Spencer collapses, losing 4 Weariness but gaining 4 Pain.

Current Weariness: [q=weariness]

","倦怠达到 10 点时,斯宾塞会昏倒,失去 4 点倦怠,却获得 4 点痛苦。

当前倦怠:[q=weariness]

"
so|ConditionQuality|resources.assets|28744|_label,Weariness Collapse,倦怠昏厥
so|ConversationLock|level10|2675|_conversationTitle,sanitarium/_env/hearth,sanitarium/_env/hearth
so|ConversationLock|level10|3367|_conversationTitle,sanitarium/mathis/forbid,sanitarium/mathis/forbid
so|ConversationLock|level11|1800|_conversationTitle,sanitarium/_env/shadowedPlace,sanitarium/_env/shadowedPlace
so|ConversationLock|level11|1877|_conversationTitle,sanitarium/_env/verdantPlace,sanitarium/_env/verdantPlace
so|ConversationLock|level11|1885|_conversationTitle,sanitarium/_env/holyPlace,sanitarium/_env/holyPlace
so|ConversationLock|level7|4807|_conversationTitle,antibes/_env/holyplace,antibes/_env/holyplace
so|ConversationLock|level7|4916|_conversationTitle,antibes/_env/hearth,antibes/_env/hearth
so|ConversationLock|level7|4956|_conversationTitle,antibes/_env/shadowedPlace,antibes/_env/shadowedPlace
so|ConversationLock|level7|5311|_conversationTitle,antibes/_env/quietplace,antibes/_env/quietplace
so|ConversationLock|level7|5468|_conversationTitle,antibes/_env/wound,antibes/_env/wound
so|ConversationLock|level7|5708|_conversationTitle,antibes/_env/verdantplace,antibes/_env/verdantplace
so|ConversationLock|level7|5734|_conversationTitle,antibes/_env/threshold,antibes/_env/threshold
so|ConversationLock|level7|6620|_conversationTitle,antibes/_env/cafeDoorPrivate,antibes/_env/cafeDoorPrivate
so|ConversationUsableBehaviour|level10|3146|_conversationTitle,sanitarium/_env/paintingPicassoWomanInChair,sanitarium/_env/paintingPicassoWomanInChair
so|ConversationUsableBehaviour|level10|3147|_conversationTitle,sanitarium/_env/paintingVonWiegand2,sanitarium/_env/paintingVonWiegand2
so|ConversationUsableBehaviour|level10|3148|_conversationTitle,sanitarium/_env/paintingMansus,sanitarium/_env/paintingMansus
so|ConversationUsableBehaviour|level10|3149|_conversationTitle,sanitarium/_env/safe,sanitarium/_env/safe
so|ConversationUsableBehaviour|level10|3150|_conversationTitle,sanitarium/_env/hiddendoor,sanitarium/_env/hiddendoor
so|ConversationUsableBehaviour|level10|3151|_conversationTitle,sanitarium/_env/paintingMountainLake,sanitarium/_env/paintingMountainLake
so|ConversationUsableBehaviour|level10|3152|_conversationTitle,sanitarium/_env/livingroomshelves,sanitarium/_env/livingroomshelves
so|ConversationUsableBehaviour|level10|3153|_conversationTitle,sanitarium/_env/paintingVonWiegand1,sanitarium/_env/paintingVonWiegand1
so|ConversationUsableBehaviour|level10|3154|_conversationTitle,sanitarium/_env/jeremy,sanitarium/_env/jeremy
so|ConversationUsableBehaviour|level10|3197|_conversationTitle,sanitarium/aubiere/intro,sanitarium/aubiere/intro
so|ConversationUsableBehaviour|level10|3511|_conversationTitle,sanitarium/mathis/intro,sanitarium/mathis/intro
so|ConversationUsableBehaviour|level10|3522|_conversationTitle,sanitarium/bessy,sanitarium/bessy
so|ConversationUsableBehaviour|level10|3523|_conversationTitle,sanitarium/strathcoyne,sanitarium/strathcoyne
so|ConversationUsableBehaviour|level10|3618|_conversationTitle,sanitarium/khione,sanitarium/khione
so|ConversationUsableBehaviour|level11|1757|_conversationTitle,sanitarium/sinombre_quiescent,sanitarium/sinombre_quiescent
so|ConversationUsableBehaviour|level11|1822|_conversationTitle,sanitarium/_env/spencerWardrobe,sanitarium/_env/spencerWardrobe
so|ConversationUsableBehaviour|level11|1859|_conversationTitle,sanitarium/_env/bathroomMirror,sanitarium/_env/bathroomMirror
so|ConversationUsableBehaviour|level11|1870|_conversationTitle,sanitarium/_env/bath,sanitarium/_env/bath
so|ConversationUsableBehaviour|level11|2029|_conversationTitle,companions/vincent/hub,companions/vincent/hub
so|ConversationUsableBehaviour|level11|2142|_conversationTitle,sanitarium/_env/humidor,sanitarium/_env/humidor
so|ConversationUsableBehaviour|level11|2143|_conversationTitle,sanitarium/_env/alarmclock,sanitarium/_env/alarmclock
so|ConversationUsableBehaviour|level11|2144|_conversationTitle,sanitarium/_env/paintingAspiration,sanitarium/_env/paintingAspiration
so|ConversationUsableBehaviour|level11|2145|_conversationTitle,sanitarium/_env/paintingWaldinneres,sanitarium/_env/paintingWaldinneres
so|ConversationUsableBehaviour|level11|2146|_conversationTitle,sanitarium/_env/bed,sanitarium/_env/bed
so|ConversationUsableBehaviour|level11|2147|_conversationTitle,sanitarium/_env/paintingMichaelArchangel,sanitarium/_env/paintingMichaelArchangel
so|ConversationUsableBehaviour|level11|2237|_conversationTitle,sanitarium/sinombre,sanitarium/sinombre
so|ConversationUsableBehaviour|level11|2406|_conversationTitle,sanitarium/rodia,sanitarium/rodia
so|ConversationUsableBehaviour|level7|4903|_conversationTitle,antibes/_env/flagpole,antibes/_env/flagpole
so|ConversationUsableBehaviour|level7|5007|_conversationTitle,antibes/patrons_felix,antibes/patrons_felix
so|ConversationUsableBehaviour|level7|5059|_conversationTitle,antibes/_env/janvierMirror,antibes/_env/janvierMirror
so|ConversationUsableBehaviour|level7|5253|_conversationTitle,antibes/_env/fountain,antibes/_env/fountain
so|ConversationUsableBehaviour|level7|5355|_conversationTitle,antibes/_env/stationCar,antibes/_env/stationCar
so|ConversationUsableBehaviour|level7|5495|_conversationTitle,antibes/_env/bookOfSuns,antibes/_env/bookOfSuns
so|ConversationUsableBehaviour|level7|5560|_conversationTitle,antibes/_env/andreePoster,antibes/_env/andreePoster
so|ConversationUsableBehaviour|level7|5613|_conversationTitle,antibes/_env/linouFridge,antibes/_env/linouFridge
so|ConversationUsableBehaviour|level7|5617|_conversationTitle,antibes/janvierShop,antibes/janvierShop
so|ConversationUsableBehaviour|level7|5701|_conversationTitle,antibes/andree,antibes/andree
so|ConversationUsableBehaviour|level7|5715|_conversationTitle,antibes/pompon,antibes/pompon
so|ConversationUsableBehaviour|level7|6178|_conversationTitle,antibes/_env/stReparata,antibes/_env/stReparata
so|ConversationUsableBehaviour|level7|6179|_conversationTitle,antibes/_env/stGuinefort,antibes/_env/stGuinefort
so|ConversationUsableBehaviour|level7|6373|_conversationTitle,antibes/departure,antibes/departure
so|ConversationUsableBehaviour|level7|6427|_conversationTitle,antibes/linou,antibes/linou
so|ConversationUsableBehaviour|level7|6568|_conversationTitle,antibes/jaume,antibes/jaume
so|ConversationUsableBehaviour|level7|6580|_conversationTitle,antibes/leon,antibes/leon
so|ConversationUsableBehaviour|level7|6581|_conversationTitle,antibes/zelia,antibes/zelia
so|ConversationUsableBehaviour|level8|1003|_conversationTitle,dreamitarium/aubiere,dreamitarium/aubiere
so|ConversationUsableBehaviour|level8|927|_conversationTitle,dreamitarium/_env/reasondoor,dreamitarium/_env/reasondoor
so|ConversationUsableBehaviour|level8|928|_conversationTitle,dreamitarium/_env/whitedoor,dreamitarium/_env/whitedoor
so|ConversationUsableBehaviour|level8|929|_conversationTitle,dreamitarium/_env/welland,dreamitarium/_env/welland
so|ConversationUsableBehaviour|level8|930|_conversationTitle,dreamitarium/_env/healthdoor,dreamitarium/_env/healthdoor
so|ConversationUsableBehaviour|level8|931|_conversationTitle,dreamitarium/_env/coseleyPainting,dreamitarium/_env/coseleyPainting
so|ConversationUsableBehaviour|level8|932|_conversationTitle,dreamitarium/_env/passiondoor,dreamitarium/_env/passiondoor
so|ConversationUsableBehaviour|level9|2507|_conversationTitle,rosamundi/arun,rosamundi/arun
so|ConversationUsableBehaviour|level9|2627|_conversationTitle,rosamundi/chaima,rosamundi/chaima
so|ConversationUsableBehaviour|level9|2632|_conversationTitle,mimata/departure,mimata/departure
so|ConversationUsableBehaviour|level9|2670|_conversationTitle,rosamundi/monica,rosamundi/monica
so|ConversationUsableBehaviour|level9|2676|_conversationTitle,rosamundi/bronek,rosamundi/bronek
so|ConversationUsableBehaviour|level9|2733|_conversationTitle,mimata.convent/mamerta,mimata.convent/mamerta
so|ConversationUsableBehaviour|level9|2734|_conversationTitle,mimata.convent/servata,mimata.convent/servata
so|ConversationUsableBehaviour|level9|2735|_conversationTitle,mimata.convent/pancrata,mimata.convent/pancrata
so|ConversationUsableBehaviour|level9|2736|_conversationTitle,mimata.convent/sophia,mimata.convent/sophia
so|ConversationUsableBehaviour|level9|2737|_conversationTitle,mimata/convent_nina,mimata/convent_nina
so|ConversationUsableBehaviour|level9|2738|_conversationTitle,rosamundi/nina,rosamundi/nina
so|ConversationUsableBehaviour|level9|2739|_conversationTitle,rosamundi/torgue,rosamundi/torgue
so|ConversationUsableBehaviour|resources.assets|39312|_conversationTitle,_env/unknown,_env/unknown
so|Deck|resources.assets|28748|_label,Dread Reduction Rite,恐惧削减仪式
so|Deck|resources.assets|28749|_label,Fascination Reduction Rite,入迷削减仪式
so|Deck|resources.assets|28750|_label,Pain Reduction Rite,痛苦削减仪式
so|Deck|resources.assets|28751|_label,Traces Reduction Rite,痕迹削减仪式
so|Deck|resources.assets|28752|_label,Weariness Reduction Rite,倦怠削减仪式
so|Deck|resources.assets|28753|_label,Rose Memory Evolution,引之回忆进化
so|Deck|resources.assets|28754|_label,Un Coup De Dès 20,一次掷骰 20
so|Deck|resources.assets|28754|_seeds[0].effect.text,=true,=true
so|Deck|resources.assets|28755|_label,Un Coup De Dès 33,一次掷骰 33
so|Destination|resources.assets|28327|_description,War-scarred port-capital,饱经战火的港口都会
so|Destination|resources.assets|28327|_label,Amsterdam,阿姆斯特丹
so|Destination|resources.assets|28328|_description,Serene resort scarred by strangeness,"宁静的度假胜地,却为奇诡之事所伤"
so|Destination|resources.assets|28328|_label,Antibes,昂蒂布
so|Destination|resources.assets|28329|_description,Republican stronghold crushed in the Caudillo's grasp,"共和派重镇,在考迪罗掌中被碾碎"
so|Destination|resources.assets|28329|_label,Barcelona,巴塞罗那
so|Destination|resources.assets|28330|_description,"Shattered by war, divided now between the Powers","为战争所摧毁,如今被列强瓜分"
so|Destination|resources.assets|28330|_label,Berlin,柏林
so|Destination|resources.assets|28331|_description,Isolated fishing hamlet with a great and secret library-fortress,"与世隔绝的渔村,藏着一座宏伟而隐秘的图书馆堡垒"
so|Destination|resources.assets|28331|_label,Brancrug Village,布兰库格村
so|Destination|resources.assets|28331|_mapLabel,Brancrug,布兰库格
so|Destination|resources.assets|28332|_description,The new heart of Europe... not quite as broken as we might expect,欧洲的新心脏……并不像我们预想的那般破碎
so|Destination|resources.assets|28332|_label,Brussels,布鲁塞尔
so|Destination|resources.assets|28333|_description,"Skeleton-strewn, [[Gleam]]-gifted; but memories linger of the second capital of the Dual Monarchy","骸骨遍野,禀[[烁]]之赐;但关于二元君主国第二都城的记忆,仍在徘徊"
so|Destination|resources.assets|28333|_label,Budapest,布达佩斯
so|Destination|resources.assets|28334|_description,The devastated city where the New King fell in battle - and its coastal lifeline,"新王战殁于斯的废墟之城,连同它的海岸生命线"
so|Destination|resources.assets|28334|_label,Caen,卡昂
so|Destination|resources.assets|28335|_description,City of old ghosts and new candle-light,旧鬼与新烛光之城
so|Destination|resources.assets|28335|_label,Cluj,克卢日
so|Destination|resources.assets|28336|_description,"The risen Smok, the seething Nest, the fallen Star","复生的斯莫克,沸腾的巢穴,坠落的星辰"
so|Destination|resources.assets|28336|_label,Cracow,克拉科夫
so|Destination|resources.assets|28337|_description,"Pulverised city, Incorporate hub, jazz scene","化为齑粉的都市,集团的枢纽,爵士乐的天地"
so|Destination|resources.assets|28337|_label,Frankfurt,法兰克福
so|Destination|resources.assets|28338|_description,"New concrete, old bones, thin rations, thinner refugees","新的混凝土,旧的骸骨,微薄的配给,更瘦的难民"
so|Destination|resources.assets|28338|_entryRequirements[0].text,=[Inc,=[Inc
so|Destination|resources.assets|28338|_label,Hanover,汉诺威
so|Destination|resources.assets|28339|_description,Grey little resort town oddly popular with adepts,"灰蒙蒙的小度假镇,却古怪地深得修士们的青睐"
so|Destination|resources.assets|28339|_label,Kerisham,凯尔伊苏姆
so|Destination|resources.assets|28340|_description,Bombweed and fog; bright Queen Alexandra in her brighter palace,"炸弹草与浓雾;明亮的女王亚历山德拉,端坐在更明亮的宫殿中"
so|Destination|resources.assets|28340|_label,London,伦敦
so|Destination|resources.assets|28341|_description,"Real ghosts, fictional memories, severed souls, and the trains keep running.","真实的鬼魂,虚构的记忆,被割裂的灵魂,而火车仍在运行"
so|Destination|resources.assets|28341|_label,Lviv,利沃夫
so|Destination|resources.assets|28342|_description,The high city running hungry under the arrowed yoke,高城在缀箭之轭下忍饥前行
so|Destination|resources.assets|28342|_label,Madrid,马德里
so|Destination|resources.assets|28343|_description,The amber town adrift on consolation's tides far from the rush of the world,"琥珀色的小镇,漂荡在慰藉的潮汐之上,远离尘世的奔忙"
so|Destination|resources.assets|28343|_label,Mahaggony,马哈戈尼
so|Destination|resources.assets|28344|_description,Steam and steel and the long shadow of the Hanged Man,"蒸汽与钢铁,以及倒吊人的长影"
so|Destination|resources.assets|28344|_label,Milan,米兰
so|Destination|resources.assets|28345|_description,"The town in the forest is the forest in the town, now","林中之镇,如今已是镇中之林"
so|Destination|resources.assets|28345|_label,Mimata,米玛塔
so|Destination|resources.assets|28346|_description,The only town of any size in Graustark; the seat of the von Nagelsburgs since the 1500s,格劳斯塔克唯一略具规模的小镇;自 16 世纪起便是冯·纳格尔斯堡家族的驻地
so|Destination|resources.assets|28346|_label,Nagelsburg,纳格尔斯堡
so|Destination|resources.assets|28347|_description,"Ravaged by the Enemy, smashed by the Allies, scoured by the trials of collaborators","遭敌人蹂躏,被盟军砸碎,再经通敌者的审判荡涤"
so|Destination|resources.assets|28347|_label,Nantes,南特
so|Destination|resources.assets|28349|_description,Oxford never changes; Oxford is changing now,牛津从未改变;牛津正在改变
so|Destination|resources.assets|28349|_label,Oxford,牛津
so|Destination|resources.assets|28350|_description,"'The City of Light', they called it, before the war","战前,人们称它「光之城」"
so|Destination|resources.assets|28350|_label,Paris,巴黎
so|Destination|resources.assets|28351|_description,Walled and wooded town aboil now with revolution,"城墙环绕、林木葱茏的小城,如今正因革命而沸腾"
so|Destination|resources.assets|28351|_label,Perugia,佩鲁贾
so|Destination|resources.assets|28352|_description,"Empty ghetto, silver sky, rising Hives. Step away from the window.","空荡的隔都,银色的天空,升起的蜂巢。离那扇窗远些。"
so|Destination|resources.assets|28352|_label,Prague,布拉格
so|Destination|resources.assets|28353|_description,"'In the secrecy of the polling booth, Heaven sees you -  the Advisor doesn't.' The Eternal City has chosen Corona, not Gleam... for now.","「在投票间的隐秘之中,天堂看得见你——顾问却看不见。」永恒之城选择了冕,而非烁……至少目前如此。"
so|Destination|resources.assets|28353|_label,Rome,罗马
so|Destination|resources.assets|28354|_description,"The Oath of Kufra is fulfilled; above the scarred Cathedral, three colours glow","库夫拉之誓已然履行;在伤痕累累的大教堂上方,三色光芒闪耀"
so|Destination|resources.assets|28354|_label,Strasbourg,斯特拉斯堡
so|Destination|resources.assets|28355|_description,"City of the north wind, gateway to the sea","北风之城,通往大海的门户"
so|Destination|resources.assets|28355|_label,Trieste,的里雅斯特
so|Destination|resources.assets|28356|_description,"The fascists are gone, the Biennale is back, and the Comedy of the Sun is welcome","法西斯已经离去,双年展重新开幕,太阳喜剧备受欢迎"
so|Destination|resources.assets|28356|_label,Venice,威尼斯
so|Destination|resources.assets|28357|_description,"In the wasteland of stones, the coffeehouse lamps glimmer again","在石头的荒原之中,咖啡馆的灯火再次闪烁"
so|Destination|resources.assets|28357|_label,Vienna,维也纳
so|Destination|resources.assets|28358|_description,An ocean of ruins. Saith the Enemy: <i>The city must completely disappear from the surface of the earth and serve only as a transport station. No stone can remain standing.</i> But now saith the architects in the smashed ruins: <i>The entire nation builds its capital.</i>,"一片废墟的海洋。敌人如是说:<i>这座城市必须从地表彻底消失,只用作一座运输站。任何石头都不得矗立。</i>但如今,在粉碎的废墟中,建筑师们如是说:<i>整个民族正在建造自己的首都。</i>"
so|Destination|resources.assets|28358|_label,Warsaw,华沙
so|Ending|resources.assets|28756|_description,"Europe awaits --- Mimata, where the red nuns look down on the beasts of the town --- Caen, where the New King's catafalque smoulders --- Mahaggony, under its amber --- Berlin red-litten --- Prague, Cross-hived, with its stairway ever down --- and at last, your final destination.

You are the one who passes every door. CONJURE your new self. CONFESS your schemes. And just when they think they have the measure of you --- DISAPPEAR.

[Think someone else might enjoy this? Send them the link so they can wishlist it, or try the demo.]","欧洲在前方等候——米玛塔,红衣修女俯瞰镇中群兽之地——卡昂,新王的灵柩台仍在阴燃——马哈戈尼,琥珀之下——柏林,红灯映照——布拉格,蜂巢密布,阶梯永远向下——最后,是你最终的归宿。

你是穿过每一扇门的那个人。召唤你的新自我。坦白你的图谋。而当他们自以为摸清了你的深浅之时——消失。

[觉得别人也会喜欢这款游戏吗?把链接发给他们,让他们加入心愿单,或者来试试试玩版。]"
so|Ending|resources.assets|28756|_label,DEMONSTRATION CONCLUDED,试玩结束
so|Ending|resources.assets|28757|_description,"Spencer has lef tthe Sanitarium. Europe awaits -- Mimata, where the red nuns look down on the town-beasts -- Caen, where the New King's catafalque smoulders -- Mahaggony, under its amber - Berlin red-litten - Prague, Cross-hived, with its stairway ever down.

[This concludes the pre-alpha. Drop us a line at support@weatherfactory.biz and tell us what was enjoyable, memorable, or confusing. You can also restart and try other paths.]]","斯宾塞已经离开疗养院。欧洲在前方等候——米玛塔,红衣修女俯瞰镇兽之地——卡昂,新王的灵柩台仍在阴燃——马哈戈尼,琥珀之下——柏林,红灯映照——布拉格,蜂巢密布,阶梯永远向下。

[前 Alpha 版到此结束。欢迎写信至 support@weatherfactory.biz,告诉我们哪些内容有趣、难忘或令人困惑。你也可以重新开始,尝试其他路线。]]"
so|Ending|resources.assets|28757|_label,COMPLETE,完结
so|Ending|resources.assets|28758|_description,"""Flint is gone; but her facets echoed each a separate Star. When the Forge is ashes, Flint shreds what remains."" - attr. Thomas Dewulf

What's left of Spencer has surrendered to the night. Perhaps he'll descend into Nowhere. Perhaps he'll close his eyes and open the gates of his spirit. Whatever his hollow flesh does next, it won't be our story.

This is not a positive ending.","「燧石已逝;但她的每一道棱面都曾各自回响着一颗独立的星辰。当铸炉化为灰烬,燧石便撕碎残存的一切。」——归于托马斯·德伍尔夫

斯宾塞残余的部分已向黑夜投降。也许他会坠入虚无之地。也许他会闭上双眼,打开灵魂之门。无论他那空空的躯壳接下来会做什么,那都不再是我们的故事。

这不是一个好结局。"
so|Ending|resources.assets|28758|_label,RENUNCIATION,弃绝
so|Ending|resources.assets|28759|_description,"""The Stars are pinpricks. The Sun is a wound. Behind them, above them, Eternity."" - Sereno Blackwood

What's left of Spencer has surrendered to the light. Perhaps he'll cross the Sea to the great radiances of joyous commerce. Perhaps he'll dry into rags and rise flapping like a kite into the Sun. Whatever his hollow flesh does next, it won't be our story.

This is not a positive ending.","「群星不过是针孔。太阳是一道伤口。在它们之后,在它们之上,是永恒。」——塞蕾娜·布莱克伍德

斯宾塞残余的部分已向光芒投降。也许他会渡过大海,前往喜乐贸易的煌煌光辉。也许他会干枯成破布,像风筝一般拍打着升入太阳。无论他那空空的躯壳接下来会做什么,那都不再是我们的故事。

这不是一个好结局。"
so|Ending|resources.assets|28759|_label,CHRYSOCLASM,崩解于金色
so|Ending|resources.assets|28761|_description,"Spencer's body - scarred and fragile flesh, gnawed and hollowed, sustained by the pulse of his brazen internal interloper - Spencer's body has failed. It's astonishing that it lasted this long.

Spencer is dead.

This is not a positive ending.","斯宾塞的身体——伤痕累累、脆弱易碎的肉体,被啃蚀,被掏空,仅靠他体内那黄铜色闯入者的搏动维系——斯宾塞的身体终于衰竭了。它能撑这么久,实在令人惊讶。

斯宾塞死了。

这不是一个好结局。"
so|Ending|resources.assets|28761|_label,DEATH,死亡
so|ExhibitQualityTransient|resources.assets|28746|_label,Dialogue Exhibit (Transient),对话展品(临时)
so|ExhibitQuality|resources.assets|28745|_label,Dialogue Exhibit,对话展品
so|ExperienceQuality|resources.assets|28762|_label,Edge Experiences,刃之经验
so|ExperienceQuality|resources.assets|28763|_label,Forge Experiences,铸之经验
so|ExperienceQuality|resources.assets|28764|_label,Grail Experiences,杯之经验
so|ExperienceQuality|resources.assets|28765|_label,Heart Experiences,心之经验
so|ExperienceQuality|resources.assets|28766|_label,Knock Experiences,启之经验
so|ExperienceQuality|resources.assets|28767|_label,Lantern Experiences,灯之经验
so|ExperienceQuality|resources.assets|28768|_label,Moth Experiences,蛾之经验
so|ExperienceQuality|resources.assets|28769|_label,Rose Experiences,引之经验
so|ExperienceQuality|resources.assets|28770|_label,Winter Experiences,冬之经验
so|FamiliarAliasQuality|resources.assets|28291|_label,Alias — Familiar,化名——熟识
so|FirstNameAliasQuality|resources.assets|28292|_label,Alias — First name,化名——名字
so|Footnote|resources.assets|28361|Choices[0].description,"Without the [[Incorporates]] to unite their efforts, they might still have lost.",若不是[[集团]]统合各自的努力，他们或许仍然会输。
so|Footnote|resources.assets|28361|Choices[0].label,Corona,冕
so|Footnote|resources.assets|28361|Choices[1].description,"Without the [[Ministries]] to fight the hardest battles, they might still have lost.",若不是[[联盟]]打了最艰苦的仗，他们或许仍然会输。
so|Footnote|resources.assets|28361|Choices[1].label,Gleam,烁
so|Footnote|resources.assets|28361|Choices[2].description,"If they hadn't joined their powers, there would have been nothing left of the [[Histories]] at all.",倘若他们不曾联合同心，[[历史]]恐怕什么也不会留下。
so|Footnote|resources.assets|28361|Choices[2].label,Conjunction,联合
so|Footnote|resources.assets|28361|description,Those countries that fought the [[Enemy]].,那些与[[敌人]]作战的国家。
so|Footnote|resources.assets|28361|label,Allies,盟友
so|Footnote|resources.assets|28362|Choices[0].description,Easier to forward when we burn something behind us.,在身后烧掉些什么，向前便更容易。
so|Footnote|resources.assets|28362|Choices[1].description,There's always more pips where those pips came from.,点数总有来处，永远还会有更多。
so|Footnote|resources.assets|28362|Choices[1].label,Confidence,信心
so|Footnote|resources.assets|28362|Choices[2].description,"There's always a way forward. If I run out of pips, I'll find something else.",总有路可走。若点数用尽，我会另寻他法。
so|Footnote|resources.assets|28362|Choices[2].label,Versatility,变通
so|Footnote|resources.assets|28362|description,"Through your [[Signs]] and [[Passions]], you express the fundamental [[Principles]] underlying all things... which in practical terms means you can spend pips from your Pool to force a success on a [[Skill]] test that you fail.

You can only do this with [[Skills]] that match the [[Aspect]] points you're using.

If your Aspect Pool is depleted, then acting with the grain of a [[Sign]] or [[Passion]] will refresh one or more matching pips.","通过你的[[印记]]与[[激情]]，你表达着万物之下的根本[[准则]]……而在实际操作上，这意味着你可以消耗性相池中的点数，在[[技艺]]检定失败时强行使其成功。

你只能对与所用[[性相]]相符的[[技艺]]这样做。

若你的性相池已耗尽，那么顺应[[印记]]或[[激情]]行事，将补充一个或多个相应的点数。"
so|Footnote|resources.assets|28362|label,Aspect Pool,性相池
so|Footnote|resources.assets|28363|Choices[0].description,"I've been priest, conjuror, writer, physician, and more. When circumstances demand change, I change with them. Perhaps I'll focus on breadth of skills.",我做过司祭、术士、作家、医生，还有更多。当境况要求改变时，我便随之而变。也许我会专注于技艺的广度。
so|Footnote|resources.assets|28363|Choices[0].label,Versatile,博学多才
so|Footnote|resources.assets|28363|Choices[1].description,"I've been many things, but I've learnt what I do best. Perhaps I'll focus on depth of skills.",我做过许多行当，但我知道自己最擅长什么。也许我会专注于技艺的深度。
so|Footnote|resources.assets|28363|Choices[1].label,Determined,意志坚定
so|Footnote|resources.assets|28363|Choices[2].description,Who knows what I'll do? Even I generally don't.,谁知道我会做什么？连我自己通常也不知道。
so|Footnote|resources.assets|28363|Choices[2].label,Unpredictable,难以捉摸
so|Footnote|resources.assets|28363|description,"Spencer has had many careers, but there's one where he felt he belonged. Through the long years of his hollowing in the dark, all his [[Skills]], decayed - but the ones from that career decayed slowest.

Any other [[Skill]] can be acquired or increased with [[Experiences]] later - but increasing a Career Skill only costs half as much.","斯宾塞做过许多职业，但只有一份让他感到归属。在他于黑暗中空洞化的漫长岁月里，他所有的[[技艺]]都在衰朽——但源于那份职业的技艺，衰朽得最慢。

任何其他[[技艺]]日后都可以用[[经验]]获得或提升——但提升职业技艺的耗费只有一半。"
so|Footnote|resources.assets|28364|Choices[0].description,"The [[Watchman]], light and sigh",[[守夜人]]，光与叹息
so|Footnote|resources.assets|28364|Choices[0].label,Merciless,无情
so|Footnote|resources.assets|28364|Choices[1].description,"The [[Meniscate]], the unforgotten mirror",[[弧月]]，未被遗忘的明镜
so|Footnote|resources.assets|28364|Choices[1].label,Perilous,危险
so|Footnote|resources.assets|28364|Choices[2].description,"The [[Madrugad]], fire in ashes",[[昕旦]]，灰烬中的火
so|Footnote|resources.assets|28364|Choices[2].label,Searing,灼热
so|Footnote|resources.assets|28364|Choices[3].description,"The [[Sun-in-Rags]], king of sorrowful heaven",[[残阳]]，悲怆天穹的君王
so|Footnote|resources.assets|28364|Choices[3].label,Inescapable,无可逃脱
so|Footnote|resources.assets|28364|description,"The Church of the Unconquerable [[Sun]] acknowledges four <i>[[Horae]] Canonicae</i>, but its outer rites and doctrines present a humanised, comfortable version of each. The earliest church councils resolved that the inner mysteries of the Hours are much too dangerous to be approached directly. They're right, of course - most of all, about the mysteries of one particular Hour.",不可征服之太阳的教会承认四种<i>[[时序女神]]正时</i>，但其外部仪式与教义呈现的是每种正时人性化、令人安适的版本。最早的教会公会议认定，司辰的内层奥秘太过危险，不可直接触及。他们当然是对的——尤其是关于某一位司辰的奥秘。
so|Footnote|resources.assets|28364|label,Church,教会
so|Footnote|resources.assets|28365|Choices[0].description,"The [[Sun]] still glows, and Corona is only his latest blessing.",[[太阳]]仍在发光，冕不过是他最新的恩赐。
so|Footnote|resources.assets|28365|Choices[0].label,Solar,日相
so|Footnote|resources.assets|28365|Choices[1].description,The USA has always been a hotbed of [[Crucian]] heresy. This is some new permutation. Good?,美国一直是[[十字派]]异端的温床。这是某种新的变体。好事？
so|Footnote|resources.assets|28365|Choices[1].label,Heresy,异端
so|Footnote|resources.assets|28365|Choices[2].description,The blessing of the [[Incorporates]]. Everything gets better.,[[集团]]的恩赐。一切都会变好。
so|Footnote|resources.assets|28365|Choices[2].label,Delight,欣喜
so|Footnote|resources.assets|28365|description,A golden and novel [[Principle]] which brings both visionary wisdom and material prosperity.,一条崭新而金灿的[[准则]]，既带来洞见的智慧，也带来物质的繁荣。
so|Footnote|resources.assets|28367|Choices[0].description,Heretics! Always fun.,异端！总是很有意思。
so|Footnote|resources.assets|28367|Choices[0].label,Entertaining,有趣
so|Footnote|resources.assets|28367|Choices[1].description,If only the Church could have remained whole.,要是教会能保持完整就好了。
so|Footnote|resources.assets|28367|Choices[1].label,Unfortunate,不幸
so|Footnote|resources.assets|28367|Choices[2].description,Principles kill.,准则杀人。
so|Footnote|resources.assets|28367|Choices[2].label,Inevitable,必然
so|Footnote|resources.assets|28367|description,"The heresy of choice in the New World, where dissenters fled the [[Church]]'s light. Its iconography includes doves, lambs, and the Crucian Form on which they assert the Shepherd-Illuminate was executed by the Roman authorities - empty, to symbolise his Illumination and ascent.",新大陆备受青睐的异端，异议者逃离[[教会]]之光后所皈依的信仰。其图像学包括鸽子、羔羊，以及十字形态——他们断言启明之牧者被罗马当局处死于其上，而那形态是空的，象征他的启明与升天。
so|Footnote|resources.assets|28367|label,Crucian,十字派
so|Footnote|resources.assets|28368|description,The murderous regime whose crimes broke the continent; whose weapons soured the sun. So much for their dreams of conquest and purification. Even the night is against them now.,那个嗜杀的政权，其罪行撕裂了整片大陆；其武器使太阳变色。他们的征服与净化之梦，算是完了。如今连夜晚也站在他们的对立面。
so|Footnote|resources.assets|28368|label,Enemy,敌人
so|Footnote|resources.assets|28369|Choices[0].description,An early lesson still haunts me.,早年的一课至今仍萦绕着我。
so|Footnote|resources.assets|28369|Choices[0].label,Cold,冰冷
so|Footnote|resources.assets|28369|Choices[1].description,An early lesson still pains me.,早年的一课至今仍刺痛着我。
so|Footnote|resources.assets|28369|Choices[1].label,Harsh,残酷
so|Footnote|resources.assets|28369|Choices[2].description,An early lesson still delights me.,早年的一课至今仍使我愉悦。
so|Footnote|resources.assets|28369|Choices[2].label,Sweet,甜蜜
so|Footnote|resources.assets|28369|description,"Experiences can be used to improve existing [[Skills]], or learn new ones. You'll need Experiences that match at least one [[Aspect]] on the relevant [[Skill]].",经验可用于提升已有的[[技艺]]，或学习新的技艺。你需要与目标[[技艺]]至少一项[[性相]]相符的经验。
so|Footnote|resources.assets|28369|label,Experience,经验
so|Footnote|resources.assets|28370|Choices[0].description,This makes sense.,这说得通。
so|Footnote|resources.assets|28370|Choices[0].label,Understand,理解
so|Footnote|resources.assets|28370|Choices[1].description,I won't forget this.,我不会忘记这个。
so|Footnote|resources.assets|28370|Choices[1].label,Remember,铭记
so|Footnote|resources.assets|28370|description,"If only life came with [[Footnotes]]!


Once you've viewed a [[Footnote]], you can always find it by searching for its name via Footnote search - which you're looking at now, because that's the only way to get here.


Most [[Footnotes]] come with opportunities for reflection, self-expression, or angst, allowing you to choose an [[Experience]]. You don't have to make the choice straight away - the Footnotes finder will track and remind you of [[Footnotes]] with incomplete choices.","要是人生也附有[[脚注]]就好了！


查看过一条[[脚注]]之后，你随时可以通过脚注搜索按名称找到它——你现在正在看的正是这种搜索，因为这是到达这里的唯一途径。


大多数[[脚注]]附带着沉思、自我表达或忧惧的机会，让你可以选择一种[[经验]]。你不必立刻做出选择——脚注查找器会追踪并提醒你那些尚有选择未完成的[[脚注]]。"
so|Footnote|resources.assets|28370|label,Footnote,脚注
so|Footnote|resources.assets|28372|description,"Gwendolen Farouk, an Alexandrian scholar and engineer of unusual heritage, who provided the finishing touch that my two other friends needed, before they could return me to the world with my heart intact.",格温德琳·法鲁克，亚历山大城的学者与工程师，出身不凡。在我那两位朋友能带着完好无损的心将我送回人世之前，正是她补上了最后关键的一环。
so|Footnote|resources.assets|28372|label,Gwendolen,格温德琳
so|Footnote|resources.assets|28374|Choices[0].description,"Everyone calls me Spencer, but I wonder sometimes if it'll ever feel quite right.",大家都叫我斯宾塞，但我有时会想，这个名字会不会永远没法完全合身。
so|Footnote|resources.assets|28374|Choices[0].label,My real name,我的真名
so|Footnote|resources.assets|28374|Choices[1].description,I've changed so much since those days...,自那些日子以来，我变了太多……
so|Footnote|resources.assets|28374|Choices[1].label,My old name,我旧日的名字
so|Footnote|resources.assets|28374|Choices[2].description,Interesting people always have more than one name.,有趣的人永远不止一个名字。
so|Footnote|resources.assets|28374|Choices[2].label,Another name.,另一个名字。
so|Footnote|resources.assets|28374|description,"Sylvain Huissier is the name I was christened under, back in the Paris orphanage. It's the name on my old Third Republic passport.",西尔万·韦西耶是我在巴黎孤儿院受洗时用的名字。它写在我旧时第三共和国护照上。
so|Footnote|resources.assets|28375|description,A place of peace and healing near the Cornish village of [[Brancrug]]. One of the seven great libraries of the [[Watchman's Tree]].,康沃尔郡[[布兰库格]]村附近的一处平和疗愈之所。[[守夜人之树]]的七座伟大图书馆之一。
so|Footnote|resources.assets|28375|label,Hush House,噤声居屋
so|Footnote|resources.assets|28376|description,"The touch of [[Corona]] reliably destroys individuals, but it can be safely (or 'safely') manifested through a corporation with suitably sacred founding documents, whose officers and representatives are visibly exalted. The United States are now, in some senses, the Incorporate States.",[[冕]]的触碰必然摧毁个体，但可以经由一家拥有恰当神圣创始文件的法人实体安全地（或者说『安全地』）显化，其高管与代表明显受到尊崇。在某种意义上，美利坚合众国如今已是集团合众国。
so|Footnote|resources.assets|28376|label,Incorporate,集团
so|Footnote|resources.assets|28377|Choices[0].description,I saw what happened to people who passed that door. Not all of them. But enough of them. So I never really made the attempt.,我见过穿过那扇门的人会怎样。不是所有人。但足够多的人。所以，我从未真正做出尝试。
so|Footnote|resources.assets|28377|Choices[0].label,I never tried,我从未尝试
so|Footnote|resources.assets|28377|Choices[1].description,I saw what happened to people who passed that door. I'm confident it would have been different for me. But I never did answer Ghirbi's riddle.,我见过穿过那扇门的人会怎样。我确信换成我会不一样。但我始终没有答出吉比尔的谜语。
so|Footnote|resources.assets|28377|Choices[1].label,I never succeeded,我从未成功
so|Footnote|resources.assets|28377|description,"Mortals who've answered a dream-riddle and entered the [[Mansus]] through the [[Stag Door]]. (And returned: otherwise they probably don't count as mortal any more.)

Initiation into the ranks of the Know once allowed initiates to learn secrets that the [[Hours]] kept from most mortals. Since the wars, these secrets are often dropped carelessly in the world, like coins in roadside mud.","凡答对了梦中谜语、经由[[牡鹿之门]]进入[[漫宿]]的凡人。（并且回来了：否则，他们恐怕已不能算作凡人。）

获准加入知者之列，曾使入门者得以学习[[司辰]]秘不示人的秘密。战争之后，这些秘密常常被漫不经心地散落在世间，像硬币掉在路边的泥里。"
so|Footnote|resources.assets|28377|label,Know,知者
so|Footnote|resources.assets|28378|Choices[0].description,"I briefly aspired to join the ranks of the Lantern-long, until I learnt that they devoured minds as part of their ascension.",我曾一度渴望加入灯之长生者的行列，直到我得知，他们飞升的一部分便是吞噬心智。
so|Footnote|resources.assets|28378|Choices[1].description,I briefly aspired to join the ranks of the Forge-long. But I learnt how brutally they crushed their competition.,我曾一度渴望加入铸之长生者的行列。但我得知了他们碾压竞争者时有多残酷。
so|Footnote|resources.assets|28378|Choices[2].description,"I found something romantic in the notion of Edge-long - each a dyad of two dearest enemies, each contending eternally down the ages of the world - but I never loved or hated anyone near half enough.",我在刃之长生者的理念里找到某种浪漫——每一位都是一对最亲密的宿敌，成双成对，在世界诸纪元间永恒争战——但我对任何人的爱与恨，都远远到不了那份程度的一半。
so|Footnote|resources.assets|28378|description,"""Hours don't dream. Long try not to.""

Mortals who gained immortality through devotion to a [[Principle]], in service to an [[Hour]], are called Long. Most were formerly counted among the [[Know]]. Possibly some were never mortal.

Few remain. Those with dead or [[Uncounted]] patron [[Hours]] are now '[[remortals]]'.","「司辰不做梦。长生者努力不做。」

因信奉某项[[准则]]、侍奉某位[[司辰]]而获得永生的凡人，被称为长生者。他们大多曾被视为[[知者]]之列。也许有些从来就不是凡人。

如今所剩无几。那些庇护[[司辰]]已死或被[[除名]]的，如今是『[[长生者]]』。"
so|Footnote|resources.assets|28378|label,Long,长生者
so|Footnote|resources.assets|28379|Choices[0].description,The wonderful radiance we call the [[Glory]].,我们称之为[[辉光]]的奇妙光辉。
so|Footnote|resources.assets|28379|Choices[0].label,Above,上方
so|Footnote|resources.assets|28379|Choices[1].description,The fascinating horror we call [[Nowhere]].,我们称之为[[虚无]]的迷人恐惧。
so|Footnote|resources.assets|28379|Choices[1].label,Below,下方
so|Footnote|resources.assets|28379|Choices[2].description,The lovely chaos we call the [[Wood]].,我们称之为[[木材]]的可爱混沌。
so|Footnote|resources.assets|28379|Choices[2].label,Beyond,远方
so|Footnote|resources.assets|28379|description,"The 'house without walls', the 'house behind the world', which has always (always?) been the dwelling-place of most of the [[Hours]] (and the [[Names]], many inhuman spirits, and some among the Dead): accessible in dreams to sufficiently knowledgeable mortals, and to very unlucky ones. It is not as it was.

When I think of the Mansus, I think first of...
","『无墙之屋』，『世界背后的屋宅』，大多数[[司辰]]（以及[[尊名]]、许多非人的灵体，还有一些亡者）一直（一直？）栖居于此：足够博识的凡人在梦中可以抵达，非常不幸的凡人也可以。它已不复旧观。

想到漫宿，我首先想到的是……"
so|Footnote|resources.assets|28379|label,Mansus,漫宿
so|Footnote|resources.assets|28380|description,"""When the Sun-in-Splendour was divided, its Names fractured too."" 

The Names of the [[Hours]], are their major servants, or aspects, or emanations. Some, perhaps all, Names were previously [[Long]].

[[Mansus]]-spirits often like to tell gullible mortals they're Names. Who's going to quibble?","「当骄阳被分割，它的尊名也随之碎裂。」

[[司辰]]的尊名，是它们主要的仆从、面向或流溢。有些尊名——也许全部——先前都是[[长生者]]。

[[漫宿]]的灵体常常喜欢对轻信的凡人自称尊名。谁会去计较呢？"
so|Footnote|resources.assets|28380|label,Name,尊名
so|Footnote|resources.assets|28382|Choices[0].description,"My Outfits protect me. Not from a bullet, but from subtler dangers. Like embarrassment, or possession.",我的行头保护我。不是挡住子弹，而是挡住更微妙的东西。比如窘迫，比如被占据。
so|Footnote|resources.assets|28382|Choices[0].label,Armour,盔甲
so|Footnote|resources.assets|28382|Choices[1].description,My Outfits exalt me and delight others.,我的行头使我受到尊崇，也取悦他人。
so|Footnote|resources.assets|28382|Choices[1].label,Glamour,魅力
so|Footnote|resources.assets|28382|Choices[2].description,"I change my clothes less frequently than I change my skin, more frequently than I change my mind.",我换衣服不如换皮勤快，但比换主意勤快。
so|Footnote|resources.assets|28382|Choices[2].label,Occasion,场合
so|Footnote|resources.assets|28382|description,"Spencer Hobson, once called 'the best-dressed man in the Suppression Bureau', prefers clothes tailored for him personally, not garments haphazardly collected from cupboards. Have new Outfits made at tailors and sent on to you - or relocate items from your past.

Outfits have Aspects which suit them for the right climate, or which provoke positive and negative reactions from NPCs. Don't wear a Light outfit in the snow. Don't wear a Raffish outfit to speak to a Ministry commissar. And don't wear your dressing-gown to breakfast.

Most Oufits also provide small bonuses to [[Skills]]. Unlike bonuses from active items, Outfit bonuses are additive - they always apply on top of other bonuses.

Spencer can (or, perhaps. will) only change his Outfit in Wardrobe Areas - places where he can disrobe discreetly, and might keep a change of clothes. Any room where he sleeps will count.","斯宾塞·霍布森，曾被称作『防剿局衣着最讲究的男人』，只穿为他量身定做的衣服，而不是随手从衣橱里攒来的衣裳。让裁缝为你做新行头送来——或者从你的过去里寻回旧物。

行头带有性相，有的适合特定气候，有的会激起 NPC 好或坏的反应。别在雪地里穿轻便行头。别穿着花哨浪荡的行头去见联盟的政委。也别穿着睡袍吃早饭。

大多数行头还会为[[技艺]]提供小幅加成。与已激活物品的加成不同，行头的加成是叠加的——它们总是与其他加成累加生效。

斯宾塞只能（或者说，也许，将会）在更衣区域更换行头——那些他可以谨慎地宽衣、或许会放一身替换衣服的地方。任何他睡觉的房间都算。"
so|Footnote|resources.assets|28382|label,Outfit,行头
so|Footnote|resources.assets|28383|description,"Driving qualities that help you decide your goals. You start with one - you can develop another two.

Increase your Passions with [[Experiences]], and they'll add more pips to your [[Aspect Pool]]. Whenever you act with a Passion, it'll refresh a pip of every relevant [[Aspect]] in your Pool. To put it simply: increasing your Passions, and acting with them, helps you pass checks on skills which match the Passion.

But people change. That's called character development; trauma; disillusionment; experience.

So if your actions recently have drifted another way, you can spend your [[Experiences]] to evolve one Passion into another when you level it up.","驱动你决定目标的特质。你起初有一种——还可以再养成两种。

用[[经验]]提升你的[[激情]]，它们会为你的[[性相池]]增添更多点数。每当你顺应一项激情行事，它便会为你池中每一项相关的[[性相]]补充一点。简单来说：提升你的激情并顺应它们行事，有助于你通过与之相符的技艺检定。

但人是会变的。那叫作性格成长；创伤；幻灭；阅历。

所以，如果你近来的行事已偏向另一条路，你可以在升级时花费[[经验]]，把一项激情转化为另一项。"
so|Footnote|resources.assets|28383|label,Passion,激情
so|Footnote|resources.assets|28384|description,"The most fundamental elements of reality; or, the various natures of the [[Hours]]; or, words tumbled in [[Eternity]]'s echoes; or, abstruse occult categories obsessively argued over by obsessives.",现实最根本的元素；或者，[[司辰]]的种种本性；或者，在[[永恒]]的余响中翻滚的词句；或者，被痴迷者痴迷争论的晦涩秘学范畴。
so|Footnote|resources.assets|28384|label,Principle,准则
so|Footnote|resources.assets|28385|description,"[[Long]] whose patrons are dead or [[Uncounted]]. Their strength ebbs. Old age waits for them, if death doesn't find them first.",庇护[[司辰]]已死或被[[除名]]的[[长生者]]。他们的力量正在衰退。即便死亡不先找上他们，衰老也在等着他们。
so|Footnote|resources.assets|28385|label,Remortals,复归长生者
so|Footnote|resources.assets|28387|description,"Serena [[Blackwood]], who was Librarian of [[Hush House]] in the days when I served as priest in [[Brancrug]], but Librarian these many years at the [[Invisible Serapeum]]. She helped return me to the world.",塞蕾娜·[[布莱克伍德]]，我在[[布兰库格]]任司祭时她是[[噤声居屋]]的馆员，而这许多年来一直担任[[隐形的塞拉皮雍]]的馆员。她帮助我回到了人世。
so|Footnote|resources.assets|28387|label,Serena,塞蕾娜
so|Footnote|resources.assets|28388|description,"A Sign is an unusual right, condition, wound, or nature that adds pips to your [[Aspect Pool]], and perhaps has other effects.

You begin with one Sign. Hollowed out as you are, you have room for more.

It's useful to have a [[Passion]] whose [[Aspects]] matches a Sign - then acting with the [[Passion]] will refresh the Sign pips as well.","印记是一种异样的权柄、境况、创伤或天性，为你的[[性相池]]增添点数，或许还有其他效力。

你起初拥有一个印记。你已被掏空，正因如此，你还有容纳更多的余地。

让一项[[激情]]拥有与印记相符的[[性相]]是很有用的——这样顺应[[激情]]行事，也会补充印记的点数。"
so|Footnote|resources.assets|28388|label,Sign,印记
so|Footnote|resources.assets|28389|description,"<i>'One has no talent. I have no talent. It's just a question of working, of being willing to put in the time.' - Graham Greene</i>

Every Skill is linked to three Aspects. This tells you something about the Skill and the world. It also allows you to use matching points from your [[Aspect Pool]] to get a better outcome when use of a Skill goes badly.

Passing a Skill check will give you matching [[Experiences]]. Failing a Skill check gives you <i>more</i> experiences - but also a matching [[Trouble]].

You can improve Skills with those [[Experiences]]. A virtuous circle, though not a perfect one.","<i>『人没有天赋。我没有天赋。问题只在于肯不肯下功夫、愿不愿意投入时间。』——格雷厄姆·格林</i>

每项技艺都与三种性相相关联。这能让你了解这项技艺，也了解这个世界。它还允许你使用[[性相池]]中相符的点数，在技艺发挥不利时获得更好的结果。

通过技艺检定会给予你相符的[[经验]]。技艺检定失败则给予你<i>更多</i>经验——但也会带来一项相符的[[烦扰]]。

你可以用这些[[经验]]提升技艺。一个良性循环，尽管并不完美。"
so|Footnote|resources.assets|28389|label,Skill,技艺
so|Footnote|resources.assets|28390|Choices[0].description,"I remember a night when Ghirbi was talkative. He spoke in his siege-engine voice of the [[histories]] he'd overheard in the waking world. I listened, until his stories tailed off again into weeping.",我记得一个夜晚，吉比尔话很多。他用那攻城机械般的嗓音讲起他在醒时世界偷听到的[[历史]]。我听着，直到他的故事又渐渐消隐成呜咽。
so|Footnote|resources.assets|28390|Choices[0].label,Pity,悲悯
so|Footnote|resources.assets|28390|Choices[1].description,"I remember a night when Ghirbi spoke of the Door. 'Our company it was that shattered it. Before the [[Gods-who-were-flesh]], the House was forbidden to mortals. We were the first [[Know]]. I wish that we had not. I wish I had died in the world...'",我记得一个夜晚，吉比尔说起那扇门。『是我们一伙人砸碎了它。在[[肉源之神]]之前，居屋对凡人是不许进入的。我们是最早的[[知者]]。我但愿我们不曾那样做。我但愿我当年就死在人间……』
so|Footnote|resources.assets|28390|Choices[1].label,Regret,悔恨
so|Footnote|resources.assets|28390|Choices[2].description,"I remember a night when Ghirbi wept again. I scooped up his tears of molten brass in my cupped palm. In the dream, my skin peeled and blistered, but only in the dream.",我记得一个夜晚，吉比尔又哭了。我捧起手掌，接住他熔铜般滚烫的眼泪。在梦里，我的皮肤剥落、起泡，但只是梦里。
so|Footnote|resources.assets|28390|Choices[2].label,Pain,痛苦
so|Footnote|resources.assets|28390|description,"'A ridged barrier of blood-streaked horn, huge enough for a ship to pass. It was broken long ago, and even now the scars are not quite healed.'

The Stag Door is the Adept's Gate. To pass it is to be <link=""Know"">initiated</link> into the first true mystery of the <link=""Mansus"">House of the Sun</link>.

I used to go there, in my higher dreams, when I was younger. And then again, when I was away from the world. I got to know its guardian pretty well.","『一道由染血兽角构成的棱脊屏障，大得足以容一艘船通过。它早已被打碎，即便如今，那些伤疤也尚未完全愈合。』

牡鹿之门是学徒之门。通过它，便是被<link=""Know"">接引</link>进<link=""Mansus"">太阳居屋</link>的第一个真正奥秘。

我年轻时，常在更高的梦境里去那里。后来，当我离开人世的时候，又去过。我同它的守护者相当熟稔。"
so|Footnote|resources.assets|28390|label,Stag Door,牡鹿之门
so|Footnote|resources.assets|28391|Choices[0].description,I miss him.,我想念他。
so|Footnote|resources.assets|28391|Choices[0].label,Comfort,慰藉
so|Footnote|resources.assets|28391|Choices[1].label,Sorrow,悲伤
so|Footnote|resources.assets|28391|description,"Father Stanislav John Schaller, unorthodox but kind. I served as his assistant in the [[Great War]] when he was the Exorcist-in-Ordinary to the Dorsetshire Regiment. He recommended me to the Bishop for my skill with 'subtler work' winning me the appointment as parish priest in [[Brancrug]]. And he helped return me to the world.",斯坦尼斯拉夫·约翰·沙勒神父，作风不拘一格，却心地仁慈。[[大战]]期间他是[[多塞特团]]的常任驱魔司祭，我担任他的助手。他因我『更隐微的工作』之能把我举荐给主教，使我获任[[布兰库格]]的堂区司祭。他还帮助我回到了人世。
so|Footnote|resources.assets|28391|label,Stanislav,斯坦尼斯拉夫
so|Footnote|resources.assets|28393|description,"The Mansion of Heaven, worshipped singly and severally as its constituent [[Hours]]. Since the War which raged among its elements, it is visibly troubled every day - by signs, by shadows, by a curling tint of blood.",天穹之宅邸，人们以其组成[[司辰]]分别或共同礼拜之。自从那场在其诸元素间肆虐的战争以来，它每日都显露出不安——经由征兆、阴影、一缕盘曲的血色。
so|Footnote|resources.assets|28393|label,Sun,太阳
so|Footnote|resources.assets|28394|description,"An Active Item gives a [[Skill]] modifier when you have it ready to use. You can keep up to four Items Active, but the modifiers won't sum - only the best one applies. Four hammers are not more effective than one hammer.

Some items are cumbersome, dangerous, or embarrassing, and apply negative modifiers. The good news is that, because the best modifier always applies, any bonus will cancel out any number of penalties. So if an item gives an negative modifier to a [[Skill]], any positive modifier will counteract all negatives.","当你把一件已激活物品备好待用时，它会为[[技艺]]提供修正。你最多可保持四件物品处于激活状态，但修正不会叠加——只取最优者。四把锤子不会比一把锤子更有效。

有些物品笨重、危险或令人难堪，会带来负面修正。好消息是，由于始终只取最优修正，任何一项加成都能抵消任意数量的惩罚。所以，如果一件物品给[[技艺]]带来负面修正，任何正面修正都能抵消全部负面。"
so|Footnote|resources.assets|28394|label,Skill Modifiers from Active Items,来自已激活物品的技艺修正
so|Footnote|resources.assets|28395|description,"If you fail a [[Skill]] challenge, you can try to force a success by using any points in your Aspect Pool that match the [[Skill]] [[Aspects]].

If you've got enough, click to assign them, then Succeed.

Though sometimes you'll Concede, even if you have enough. Perhaps you're worried you won't have enough Pool points for a later challenge.","若你在[[技艺]]挑战中失败，你可以尝试消耗性相池中与该技艺[[性相]]相符的点数，强行换取成功。

若你的点数足够，点击分配它们，然后成功。

不过有时，即使点数足够，你也会认输。也许你担心自己留下的点数不足以应对之后的挑战。"
so|Footnote|resources.assets|28395|label,Top Up,补充
so|Footnote|resources.assets|28396|Choices[0].description,"Travelling's hard, but what if I'd never gone away?",旅行很艰难，可要是我从未离开呢？
so|Footnote|resources.assets|28396|Choices[0].label,There,那里
so|Footnote|resources.assets|28396|Choices[1].description,Travelling's hard. If I'd had somewhere to call home...,旅行很艰难。若我有一处可以称之为家的地方……
so|Footnote|resources.assets|28396|Choices[1].label,Here,这里
so|Footnote|resources.assets|28396|description,"</i>""But surely it would have been a pity
not to have seen the trees along this road,
really exaggerated in their beauty...
—Never to have studied history in
the weak calligraphy of songbirds' cages.""</i>

- Elizabeth Bishop, 'Questions of Travel'

Visit a travel zone - at a station - to move to a neighbouring city. Things to bear in mind:

- Travelling is a good way to shed [[Traces]].
- Traces remain on the route you used, but fade as I travel further.
- To cross national frontiers, I'll need travel documents. Acquiring them is an important part of progressing the story.
- A few inaccessible-seeming destinations can be reached by other means.","<i>「但若未曾看过这条路旁的树木，
那可真是桩憾事，
它们的美丽被夸大到过分……
——从未在
鸣禽笼中纤弱的笔迹里研读历史。」</i>

——伊丽莎白·毕肖普，《旅行的问题》

前往旅行区域——在车站——即可移动到邻近城市。几点须知：

- 旅行是甩掉[[痕迹]]的好办法。
- 痕迹会留存在你所走的路线之上，但随着我走得越远而逐渐淡去。
- 要跨越国境，我需要旅行证件。弄到它们，是推进故事的重要一环。
- 一些看似无法抵达的目的地，可以用别的方式到达。"
so|Footnote|resources.assets|28396|label,Travelling,旅行
so|Footnote|resources.assets|28397|description,"Departed, consumed by the [[Cross]], imprisoned, in hiding, still at war in the Sun? for one reason or another not manifesting their natures. Of course any uncounted [[Hour]] who <i>isn't</i> dead might return unexpectedly at any time.",已离去的、被[[介壳种]]吞噬的、被囚禁的、隐遁的、仍在太阳中交战的——出于这样那样的缘故，不再显化其本性。当然，任何并未死去却被除名的[[司辰]]，都可能在任何时刻出人意料地归来。
so|Footnote|resources.assets|28397|label,Uncounted,除名
so|Footnote|resources.assets|28399|Choices[0].description,"Salt air and spices, cane chairs and cotton. Tram-rattle, jazz, Arabic and Italian and Greek... perhaps I'll go back some day.",咸腥的海风与香料，藤椅与棉花。电车哐当，爵士乐，阿拉伯语、意大利语和希腊语……也许有一天我会回去。
so|Footnote|resources.assets|28399|Choices[0].label,I miss Alex,我想念亚历山大
so|Footnote|resources.assets|28399|Choices[1].description,"'Reincorporation is essentially impossible', [[Stanislav]] warned me. It was so unpleasant that I found myself wishing it was entirely impossible.",『[[复归]]在本质上是不可能的』，[[斯坦尼斯拉夫]]警告我。那过程难受得让我几乎盼望它彻底不可能。
so|Footnote|resources.assets|28399|Choices[1].label,It hurt so much,那痛得厉害
so|Footnote|resources.assets|28399|Choices[2].description,Perhaps I'll see them again. Though the night tells me I never will.,也许我还会再见到他们。尽管夜晚告诉我，再也不会了。
so|Footnote|resources.assets|28399|Choices[2].label,I wish I'd said goodbye,我但愿自己道过别
so|Footnote|resources.assets|28399|description,"Alexandria is where I came back to the world, thanks to [[Stanislav]] and [[Serena]] and her clever protegée - where I caught the midnight train along the coast when my heart's demands became too urgent to ignore. ",亚历山大是我回到人世的所在——多亏[[斯坦尼斯拉夫]]、[[塞蕾娜]]和她那位聪慧的门生。我正是在那里搭上沿海岸行驶的午夜列车，当时我内心的渴求已经迫切得无法忽视。
so|Footnote|resources.assets|28399|label,Alexandria,亚历山大港
so|Footnote|resources.assets|28401|Choices[0].description,...know.,……知之。
so|Footnote|resources.assets|28401|Choices[0].label,The wise...,智者……
so|Footnote|resources.assets|28401|Choices[1].description,...achieve.,……成之。
so|Footnote|resources.assets|28401|Choices[1].label,The pragmatic... ,务实者……
so|Footnote|resources.assets|28401|Choices[2].description,...face two ways.,……两面皆对。
so|Footnote|resources.assets|28401|Choices[2].label,The versatile... ,多面手……
so|Footnote|resources.assets|28401|description,"A nature that something might possess. Some Aspects are grand occult [[Principles]] like Forge or Lantern. Others are more practical qualities - an outfit might be Warm or Formal. And others touch both worlds - esoteric tools have Aspects like Quell or Entwine, which unlock new choices.",某种事物可能具备的天性。有些性相是宏伟的秘学[[准则]]，如铸或灯。另一些是更实际的品质——一件行头可以是温暖或正式。还有些同时触及两个世界——秘学器物带有[[镇伏]]或[[缠绕]]之类的性相，能解锁新的选项。
so|Footnote|resources.assets|28401|label,Aspect,性相
so|Footnote|resources.assets|28402|Choices[0].description,'It is better to be both loved and feared.',『既被爱又被畏惧，才是更好的。』
so|Footnote|resources.assets|28402|Choices[0].label,Love,爱
so|Footnote|resources.assets|28402|Choices[1].description,"'It is better to be feared than loved, if you cannot be both.'",『若不能两者兼得，被畏惧好过被爱。』
so|Footnote|resources.assets|28402|Choices[1].label,Fear,畏惧
so|Footnote|resources.assets|28402|description,The most significant characters that you've met appear here. Examine them to remind yourself who they are... and how glad they'll be to see you.,你遇见过的那些最重要的人物会出现在这里。检视他们，提醒自己他们是谁……以及见到你时他们会多么高兴。
so|Footnote|resources.assets|28402|label,Associates,相识之人
so|Footnote|resources.assets|28403|description,The Austrian government under Figl has more leeway in the western than the eastern zone - but it still operates under the veto of the Allied Council.,菲格尔领导下的奥地利政府在西部占领区比东部有更大的回旋余地——但它仍须在盟军委员会的否决权之下行事。
so|Footnote|resources.assets|28403|label,Austria Allied Zone,奥地利盟军占领区
so|Footnote|resources.assets|28404|description,"The [[Ministries]] tread more lightly in Austria. Chancellor Figl came alive through Dachau and Malthausen, and found his way back into a coalition government. The Republic of Austria is free of the [[Enemy]], and may yet steer its own course between the greater powers. But the Stars are always watching.",[[联盟]]在奥地利更为克制。总理菲格尔从达豪和毛特豪森生还，设法回到了联合政府之中。奥地利共和国已摆脱[[敌人]]，或许仍能在列强之间把握自己的航向。但[[群星]]始终注视着。
so|Footnote|resources.assets|28404|label,Austria Soviet Zone,奥地利苏军占领区
so|Footnote|resources.assets|28405|Choices[0].description,"In [[Alexandria]], I was relieved to learn that the Aviforms weathered the War in the [[Sun]] much better than most.",在[[亚历山大港]]，得知鸟形诸司辰在太阳中的战争中比大多数司辰过得都好，我松了一口气。
so|Footnote|resources.assets|28405|Choices[0].label,The Dappled Rose,斑纹玫瑰
so|Footnote|resources.assets|28405|Choices[1].description,My heart recalls some matter of the [[lark]] - but that's not an Aviform [[Hour]] I recognise.,我的心隐约记得与[[百灵鸟]]有关的一桩旧事——但那不是我认识的鸟形[[司辰]]。
so|Footnote|resources.assets|28405|Choices[1].label,The Rising Heart,升腾之心
so|Footnote|resources.assets|28405|Choices[2].description,"When I was young and foolish, I tried to find the Roost where the Aviforms exchanged their secret gossip. I'm very glad I failed.",我年轻时又笨又莽，曾试图找到鸟形诸司辰交换秘闻的栖木。我很庆幸自己失败了。
so|Footnote|resources.assets|28405|Choices[2].label,The Roost,栖木
so|Footnote|resources.assets|28405|description,"The Aviform [[Hours]] wear the shapes of birds: twin funeral kites, laughingthrush, dove, crow. My heart would add a magpie to their number. The night would suggest a seventh.",鸟形[[司辰]]披着鸟的形态：孪生的葬礼鸢、笑鸫、鸽子、乌鸦。我的心会为它们再添一只喜鹊。夜晚则会提议第七位。
so|Footnote|resources.assets|28405|label,Aviform,鸟形
so|Footnote|resources.assets|28406|Choices[0].description,"Zachary Wakefield. Quiet, courteous, tenacious.  In those days, he was an atheist and I was not, but he would ask me to sit with him when the storms shook Hush House in autumn. They reminded him too much of artillery-fire.

Later, we were in the Suppression Bureau together. Much later, I learnt that something had invaded him, though I learnt, too, that he kept it in check better than I ever managed.

Wakefield was never a happy man. The night often reminds me gleefully how much Wakefield and I have in common.","扎卡里·韦克菲尔德。沉静、有礼、坚韧。那些年月里他是无神论者，我不是，但秋天风暴撼动[[噤声居屋]]时，他会请我陪他坐着。那风暴让他想起太多炮火。

后来，我们一起在防剿局任职。再后来，我得知有什么东西侵入了他，不过我也得知，他把它压制得比我强得多。

韦克菲尔德从来不是个快活的人。夜晚常常幸灾乐祸地提醒我，韦克菲尔德与我有多少共同之处。"
so|Footnote|resources.assets|28406|Choices[0].label,Zachary,扎卡里
so|Footnote|resources.assets|28406|Choices[1].description,"Before I'd ever left the seminary, Christopher Illopoly had already abandoned a theology degree in Perugia, published two worryingly successful underground books on the invisible arts, and been wounded at the Battle of the Somme. He had recovered by then and was informally employed by the staff of the House. He seemed so much older and wiser, back then. We used to argue about theology, and about his ridiculous partiality with burdock tea.",在我离开神学院之前，克里斯托弗·伊洛波利就已经放弃了佩鲁贾的神学学位，出版了两本关于无形之术的、成功得令人担忧的地下著作，并在索姆河战役中受了伤。那时他已康复，非正式地受雇于噤声居屋的馆员们。当年他显得那么年长而睿智。我们常常争论神学，也争论他对牛蒡茶那荒唐的偏爱。
so|Footnote|resources.assets|28406|Choices[1].label,Christopher,克里斯托弗
so|Footnote|resources.assets|28406|Choices[2].description,"It's difficult to explain Harvey Hattington to those who haven't met him.. He claimed to have consumed the only extant copy of the Fire-Circle Tantra, with butter and garlic. He claimed to have eavesdropped on the Roost of the [[Aviform]] Hours. He would go into the kitchen garden of the House and return with what he claimed were 'transcriptions' of his chats with the bees.

The only verifiable fact about Hattington was that he'd flown with the RFC, and been decorated after he came down behind enemy lines. But he never would talk about that.","要向没见过哈维·哈廷顿的人解释他，是件难事。他声称自己蘸着黄油和大蒜吃掉了《[[火环密续]]》仅存的一册。他声称自己偷听过[[鸟形]]诸司辰的栖木。他会走进噤声居屋的菜园，回来时带着他所声称的、与蜜蜂交谈的『转录稿』。

关于哈廷顿唯一可核实的事实是：他曾随皇家飞行队飞行，并在坠落在敌后之后获得勋章。但他从不肯谈这件事。"
so|Footnote|resources.assets|28406|Choices[2].label,Harvey,哈维
so|Footnote|resources.assets|28406|label,The Barber's Tower,理发师之塔
so|Footnote|resources.assets|28407|Choices[0].description,He sees what is lost -,他看见失落之物——
so|Footnote|resources.assets|28407|Choices[0].label,Watching,注视
so|Footnote|resources.assets|28407|Choices[1].description,He opens the earth -,他掘开大地——
so|Footnote|resources.assets|28407|Choices[1].label,Grubbing,掘土
so|Footnote|resources.assets|28407|Choices[2].description,To him belongs what is not possessed -,不属于任何人的，皆归他所有——
so|Footnote|resources.assets|28407|Choices[2].label,Finding,寻获
so|Footnote|resources.assets|28407|Choices[3].description,Seeds?,种子？
so|Footnote|resources.assets|28407|Choices[3].label,Unearthing,出土
so|Footnote|resources.assets|28407|description,"<i>who sees what is lost;
who opens the earth;
to whom belongs what is not possessed.</i>

Sometimes called the Beachcomber. Of all the [[Aviform]] [[Hours]], perhaps the most straightforward in his motivations - to unearth, and sometimes to keep, what is lost . But he's also the one of whom least is known for certain. He guards his secrets carefully, as the affair of the [[Lark]] recalls. His most acquisitive [[Name]], Crooky, likes to wear even the shapes that others abandon.

[[Long]] who ascend under the Beach-Crow are misers, pirates, archaologists, philatelists, who achieved their estate by thieving treasures from their predecessors. 'Daws', they've been called, and 'grubbers'.
","<i>它看见失落之物；
它掘开大地；
不属于任何人的，皆归它所有。</i>

有时也被称作拾滩鸦。在所有[[鸟形]][[司辰]]中，他的动机或许最直白——掘出失落之物，有时将其据为己有。但他也是人们对他的确知最少的一位。他小心守护着自己的秘密，[[百灵鸟]]那桩旧事便是明证。他最贪得的尊名克罗基，甚至喜欢披上别人抛弃的形态。

在滩鸦之下飞升的[[长生者]]，是守财奴、海盗、考古学家、集邮家，靠窃取前辈的珍宝而成就其家业。人们称他们为『寒鸦』和『掘土者』。"
so|Footnote|resources.assets|28407|label,Beach-Crow,滩鸦
so|Footnote|resources.assets|28408|description,"In the Kingdom of Belgium, Charles of Flanders serves as regent. King Leopold III , accused of cowardice, of treason, and of improper marriage, is exiled and lost behind the frozen borders of Switzerland. Charles is temperate and competent. But he's very close to the British... and he caused a stir when he took his oath before the Combined Chambers in a candle-lit hemicycle.",在比利时王国，佛兰德的查理摄政。[[利奥波德三世]]国王，因怯懦、叛国与不当婚姻之罪被指控，遭到放逐，消失在瑞士冰冻的边境之后。查理温和而能干。但他与英国人走得太近……而且他在烛光半圆议事厅里、在联席议会面前宣誓就职时，引起了一场轰动。
so|Footnote|resources.assets|28408|label,Belgium,比利时
so|Footnote|resources.assets|28409|Choices[0].description,Coincidences cluster wherever the invisible arts are practiced. It's unlikely that any of these facts are related.,"凡修行隐形技艺之处,巧合总是扎堆。这些事实之间,大概并无关联。"
so|Footnote|resources.assets|28409|Choices[0].label,Unrelated,无关
so|Footnote|resources.assets|28409|Choices[1].description,'Serena Blackwood' surely can't be her original name. But I never asked. I didn't want to reopen any old wounds.,「塞蕾娜·布莱克伍德」想必不是她的本名。但我从未问过。我不愿再揭开任何旧伤。
so|Footnote|resources.assets|28409|Choices[1].label,Diplomatic,婉转
so|Footnote|resources.assets|28409|Choices[2].description,'The Serenity of the Black [[Wood]]' is an odd allegory about the [[Vagabond]] leading travellers part-way through a wood before she abandons them. That feels relevant,"《黑[[木材]]之静》是一则古怪的寓言:[[浪游旅人]]领着旅人穿过林中一程,然后弃他们而去。这似乎与当下有些相干。"
so|Footnote|resources.assets|28409|Choices[2].label,Footloose,无拘无束
so|Footnote|resources.assets|28409|description,"Blackwood is the name of a renowned English writer of ghost stories; the title of a scurrilously entertaining Scottish literary magazine; and, as 'Sereno Blackwood', a widely used occult alias.

[[Serena]] Blackwood is of course also the name of a former Librarian who's been good to me.","布莱克伍德是一位以鬼故事闻名的英国作家的姓氏；是一本诙谐得令人莞尔的苏格兰文学杂志的刊名；而『塞蕾诺·布莱克伍德』，是一个被广泛使用的秘学化名。

当然，[[塞蕾娜]]·布莱克伍德也是那位待我很好的前馆员的名字。"
so|Footnote|resources.assets|28409|label,Blackwood,布莱克伍德
so|Footnote|resources.assets|28410|Choices[0].description,"The miners in my congregation came filthy as worms from under the earth, but they were spotless every Sunday in church.","我堂区的矿工们从地底钻出来时,污秽得像蠕虫,可每逢礼拜日走进教堂,总是纤尘不染。"
so|Footnote|resources.assets|28410|Choices[0].label,Miners,矿工
so|Footnote|resources.assets|28410|Choices[1].description,"The light in Cornwall was famous. When I saw a strange face, it was usually a painter.","康沃尔的光,远近闻名。每当我见到陌生的面孔,那多半是位画家。"
so|Footnote|resources.assets|28410|Choices[1].label,Painters,画家
so|Footnote|resources.assets|28410|Choices[2].description,Not many young men left in Brancrug after the war.,"战后,布兰库格已没有多少年轻男子。"
so|Footnote|resources.assets|28410|Choices[2].label,Wounds,创伤
so|Footnote|resources.assets|28410|description,"Brancrug the village, and Brancrug Isle, which sits in a hollow of the Cornish coast like a pupil in an eye. [[Hush House]] stands there: a secret library, a hidden hospital, a sanctuary of peace and healing.

I was the parish priest of Brancrug for almost three years. I didn't exactly lose my faith.","布兰库格村,还有布兰库格岛——它栖于康沃尔海岸的一处凹湾中,如同眼中的瞳仁。[[噤声居屋]]矗立其上:一座秘藏的图书馆,一所隐没的医院,一处安宁与疗愈的庇护所。

我曾担任布兰库格的堂区牧师近三年。我也并非真的失去了信仰。"
so|Footnote|resources.assets|28413|Choices[0].description,I learnt a great deal that day.,"那一天,我学到了很多。"
so|Footnote|resources.assets|28413|Choices[0].label,The Lesson,教训
so|Footnote|resources.assets|28413|Choices[1].description,We paid dearly. ,我们付出了惨重的代价。
so|Footnote|resources.assets|28413|Choices[1].label,The Cost,代价
so|Footnote|resources.assets|28413|Choices[2].description,But when at last we came back to Cambray in '19... we won.,但当我们在 19 年终于回到康布雷时……我们赢了。
so|Footnote|resources.assets|28413|Choices[2].label,The Victory,胜利
so|Footnote|resources.assets|28413|description,"The Second Battle of Cambray, 1919. My first battle, where we almost - almost - broke through. It hung on a knife-edge. Had we broken through, the [[Great War]] might have been over a year earlier. The books will tell you the Germans rallied. But I remember what we found in the church there, and why the Dorsetshires drew back, leaving ten thousand of our own lying dead in the ashes.","1919 年的第二次康布雷战役。我的第一场战役,我们几乎——几乎——就要突破。胜负悬于一线。若当时突破了,[[大战]]或许能提前一年结束。史书会告诉你,德国人重整了旗鼓。但我记得我们在那里的教堂中发现了什么,也记得多塞特团为何后撤,抛下我们一万名弟兄,倒毙于灰烬之中。"
so|Footnote|resources.assets|28413|label,Cambray,康布雷
so|Footnote|resources.assets|28414|Choices[0].description,<i>Aren't we?</i>,<i>我们不是吗?</i>
so|Footnote|resources.assets|28414|Choices[0].label,Ysiens: Elegant,伊苏人:优雅
so|Footnote|resources.assets|28414|Choices[1].description,<i>Says the organism with an <b>alimentary canal</b>. Gaugh.</i>,<i>这话出自一个长着<b>消化道</b>的生物之口。呕。</i>
so|Footnote|resources.assets|28414|Choices[1].label,Ysiens: Revolting,伊苏人:令人作呕
so|Footnote|resources.assets|28414|description,"<i>Yes, darling. Tailed life with a ridged nervous highway down your backs. Fish, birds, lions, you. In Ys, a tail is a novelty.</i>","<i>是的,亲爱的。有尾的生命,背脊上贯着一条隆起的神经大道。鱼、鸟、狮子,还有你。在伊苏,尾巴可是新奇之物。</i>"
so|Footnote|resources.assets|28414|label,Chordate,脊索动物
so|Footnote|resources.assets|28415|Choices[0].description,"Well, anything might be interesting.","唔,任何事都可能有趣。"
so|Footnote|resources.assets|28415|Choices[0].label,Might,或许
so|Footnote|resources.assets|28415|Choices[1].description,"Well, anything can be made interesting.","唔,任何事都能变得有趣。"
so|Footnote|resources.assets|28415|Choices[1].label,Can,可能
so|Footnote|resources.assets|28415|description,"Not significant enough to be a Plan, not menacing enough to be a Threat: just things that have changed in the world that you might want to know about.","还不够格称为计划,也还不够格称为威胁:只是世上已经发生变化、而你或许想要了解的事。"
so|Footnote|resources.assets|28415|label,Circumstances,世事
so|Footnote|resources.assets|28416|Choices[0].description,"For centuries he strove to bring down the established order, of the world, of the [[Hours]].","几个世纪以来,他致力于推翻既有的秩序——世间的秩序,[[司辰]]的秩序。"
so|Footnote|resources.assets|28416|Choices[0].label,Anarchist,无政府主义者
so|Footnote|resources.assets|28416|Choices[1].description,He was close to [[Nina Lagasse]]. She was even rumoured to have tutored him. Though they were never allies.,他与[[尼娜·拉加斯]]交情甚笃。甚至有传言说她曾指点过他。尽管他们从未结为盟友。
so|Footnote|resources.assets|28416|Choices[1].label,Protégé,门生
so|Footnote|resources.assets|28416|Choices[2].description,Coseley valued freedom above anything: even life.,科斯利把自由看得比什么都重:甚至重过性命。
so|Footnote|resources.assets|28416|Choices[2].label,Obliviate,遗忘
so|Footnote|resources.assets|28416|Choices[3].description,"Towards the end, he was said to have changed his views, to something less nihilistic, though no less abstruse...","据说临近终局时,他改变了自己的看法,转向不那么虚无的东西,尽管依旧同样晦涩……"
so|Footnote|resources.assets|28416|Choices[3].label,A Second Edition,第二版
so|Footnote|resources.assets|28416|description,"Julian Coseley - perhaps the most notorious Winter-[[long]] ever to trouble the [[Bureau]]. Winter-long cannot die before (or after) their appointed time, but Coseley was vanquished by a rising competitor, and since that time has been seen only in the strangest seasons.","朱利安·科斯利——恐怕是历来最叫[[防剿局]]头疼的冬之[[长生者]]。冬之长生者只能在命定时刻死去,在此之前或之后都不能;但科斯利败给了一位后起之秀,自那以后,便只会在最怪异的季节里被人看见。"
so|Footnote|resources.assets|28416|label,Coseley,科斯利
so|Footnote|resources.assets|28417|description,"It nearly went the other way. A year ago, the [[Icarians]] were in coalition with the Realists, and he nation was ready to accept reconstruction help from the Acheson Mission. But the Advisory Entity didn't like that at all, and the Icarians started their purges.

The Realists tried to fight. But Beneš, the dying Realist leader, went Crossways to restore his health; and the [[Cross]] in Prague are good [[Icarians]]. Now it's the People's Republic of Czechoslovakia in all but name.","事情几乎朝另一个方向去了。一年前,[[伊加利亚人]]还与现实主义者结盟,而这个国家也已准备好接受艾奇逊使团的重建援助。但顾问实体对此极为不满,伊加利亚人便开始了他们的清洗。

现实主义者试图反抗。但贝奈斯,那位垂死的现实主义者领袖,前往介壳种之路以恢复健康;而布拉格的[[介壳种]]都是忠实的[[伊加利亚人]]。如今,除名义之外,它已是捷克斯洛伐克人民共和国。"
so|Footnote|resources.assets|28417|label,Czechoslovakia,捷克斯洛伐克
so|Footnote|resources.assets|28419|description,"The mortal and immortal institutions, like the [[Bureau]], that from time immemorial kept the hidden world from intruding into the everyday.

All seems a bit pointless now, really.","那些凡人与不朽的机构,如[[防剿局]],自亘古以来守护着隐匿的世界,不让它侵入日常。

如今,这一切似乎都有点徒劳了,真的。"
so|Footnote|resources.assets|28419|label,Duties,职司
so|Footnote|resources.assets|28421|Choices[0].description,Can [[Gleam]] master Eternity?,[[烁]]能驾驭永恒吗?
so|Footnote|resources.assets|28421|Choices[0].label,Shape,塑形
so|Footnote|resources.assets|28421|Choices[1].description,Can [[Corona]] bring us Eternity?,[[冕]]能为我们带来永恒吗?
so|Footnote|resources.assets|28421|Choices[1].label,Enjoy,享受
so|Footnote|resources.assets|28421|Choices[2].description,"[[Moth]] is drawn to the light; but look to the [[Cross]], children of difference, for [[History]].","[[蛾]]为光所吸引;但若想寻得[[历史]],当看向[[介壳种]]——他们是差异之子。"
so|Footnote|resources.assets|28421|Choices[2].label,Struggle,抗争
so|Footnote|resources.assets|28421|Choices[3].description,"One day, everything will be [[Glory]].","终有一日,万物皆为[[辉光]]。"
so|Footnote|resources.assets|28421|Choices[3].label,Aspire,向往
so|Footnote|resources.assets|28421|description,"'O sages standing in God's holy fire 
As in the gold mosaic of a wall,
Come from the holy fire, perne in a gyre,
And be the singing-masters of my soul.'
- Yeats


How do we feel about hierarchy? About consistency? About splendour? Think about perfection. All the [[Hours]] touch Eternity, but no Hour has embraced it, because In Eternity, all [[Histories]] are flattened to a single truth, forever.","「啊,圣贤们,伫立于上帝的神圣之火中,
如金色壁面上的镶嵌画,
自圣火中降临,盘旋入旋涡,
做我灵魂的歌唱之师。」
——叶芝


我们如何看待层级?如何看待始终如一?如何看待辉煌?想想完美吧。所有[[司辰]]都触及永恒,却没有一位司辰拥抱过它,因为在永恒之中,一切[[历史]]都被压平为唯一的真理,直至永远。"
so|Footnote|resources.assets|28421|label,Eternity,永恒
so|Footnote|resources.assets|28422|description,"<i>who cannot harm you;
who cannot find you;
who always has what you desire.</i>

The Flowermaker, born from the sparks of delight of the [[Forge of Days]], fallen like seeds into shadowed soil. The Flowermaker offered us the glittering prizes we most desired - even when our desires were concealed from us.

A dead [[Hour]]; dead and buried.","<i>无法伤害你者;
无法寻见你者;
始终拥有你所渴求之物者。</i>

制花人,诞生于[[白日铸炉]]的欢愉火花,如种子般落入阴影之土。制花人曾将我们最渴望的璀璨奖品奉上——即便那些渴望,对我们自己也秘而不宣。

一位已死的[[司辰]];死去了,也埋葬了。"
so|Footnote|resources.assets|28422|label,Flowermaker,制花人
so|Footnote|resources.assets|28423|Choices[0].description,I don't like chatter.,我不喜欢絮叨。
so|Footnote|resources.assets|28423|Choices[0].label,Subtlety,含蓄
so|Footnote|resources.assets|28423|Choices[1].description,I don't like to miss anything.,我不想错过任何东西。
so|Footnote|resources.assets|28423|Choices[1].label,Certainty,确切
so|Footnote|resources.assets|28423|description,"<b>Subtle</b> [[Footnotes]] only appear in dialogue until you've viewed them, and resolved any choices they offer you. Then they stop bothering you unless you actually search for them. This is our recommended approach. We don't want to patronise you, or badger you with information you already know.

But if you're really worried about missing a Footnote, you can turn Subtle Footnotes off, and they'll always appear in dialogue no matter how many times you've viewed them.","<b>含蓄</b>[[脚注]]只会出现在对话中,直到你查看过它们,并处理了它们给出的选择。之后,它们便不再打扰你,除非你真的去找它们。这是我们推荐的做法。我们不想居高临下地对待你,也不愿拿你已知的信息烦扰你。

但如果你实在担心错过脚注,可以关掉含蓄脚注,那样它们便会一直出现在对话中,无论你已查看过多少次。"
so|Footnote|resources.assets|28423|label,Footnote Subtlety,含蓄脚注
so|Footnote|resources.assets|28424|description,"<i>who remakes with fire;
who ends what will not change;
who ends all nights</i>","<i>以火重塑者;
终结不变之物者;
终结所有夜晚者</i>"
so|Footnote|resources.assets|28424|label,Forge of Days,白日铸炉
so|Footnote|resources.assets|28425|description,"Poisoned by the Enemy's works, shattered by the Allies' revenges. The Western zone is under Allied military government - which for most purposes means Incorporate influence - and the Acheson Mission is closing some of the wounds in the world. But it's not a nation in the way it used to be. It's barely even a place.","为敌人的造物所毒,被盟友的复仇击碎。西区处于盟军军政府治下——在大多数情况下,这意味着[[集团]]的影响——而艾奇逊使团正在弥合这世上的一些伤口。但它已不是昔日意义上的国家了。它甚至几乎称不上一个地方。"
so|Footnote|resources.assets|28425|label,Germany Allied Zone,德国盟占区
so|Footnote|resources.assets|28426|description,The Acheson Mission was launched to rebuild Europe... under a Coronal paradigm. The [[Ministries]] are having none of that. Their most recent response is to blockade Berlin. Anyone from the West trying to reach the capital - even the Allied sector - will need sympathetic intervention or a very unusual plan.,"艾奇逊使团的成立,是为了重建欧洲……奉行冕之范式。[[联盟]]对此绝不买账。他们最近的回应,是封锁柏林。任何试图从西方抵达首都的人——哪怕是盟军管区——都需要善意的干预,或一个极不寻常的计划。"
so|Footnote|resources.assets|28426|label,Germany Soviet Zone,德国苏占区
so|Footnote|resources.assets|28427|description,"The gift the Stars brought the [[Ministries]]. Something like [[Lantern]], but not.","群星赠予[[联盟]]的礼物。有几分像[[灯]],却又不尽相同。"
so|Footnote|resources.assets|28428|description,"Those [[Hours]] who were born into the world as mortals, before they begain their long fierce rise to become the engines of [[Eternity]]'s encroachment.","那些以凡人之躯降生于世的[[司辰]],在开启漫长而炽烈的攀升、成为[[永恒]]侵蚀之引擎之前,曾是血肉之躯。"
so|Footnote|resources.assets|28428|label,Gods-who-were-flesh,肉源之神
so|Footnote|resources.assets|28429|description,"Not quite two hundred square miles forests,不到两百平方英里——森林、山峦、一座小巧迷人的湖:奥地利人、匈牙利人、布尔根兰的克罗地亚人,还有来自边境的无法归类者,一锅杂烩。格劳斯塔克的伯爵们,在哈布斯堡鹰翼的阴影下,守着自家的法律,守着自家的邦议会。即使在二十年代共和国废除贵族之时,变革也未曾触及奥地利的这一隅。在苏联人治下,这光景不会长久,但就眼下而言,此地仍未远离 1880 年代。

而自始至终,达格玛·冯·纳格尔斯堡都在她小小的城堡里,行着小小的宫廷。当地人耸耸肩说:<i>「伯爵夫人保养得不错」</i>。

And through all that time, Dagmar von Nagelsburg has held tiny court in her tiny castle. <i>'Die Gräfin hat sich gut gehalten'</i> the locals say shruggingly.","不到两百平方英里——森林、山峦、一座小巧迷人的湖:奥地利人、匈牙利人、布尔根兰的克罗地亚人,还有来自边界之地的无法归类者,一锅杂烩。格劳斯塔克的伯爵们,在哈布斯堡鹰翼的阴影下,守着自家的法律,守着自家的邦议会。即使在二十年代共和国废除贵族之时,变革也未曾触及奥地利的这一隅。在苏联人治下,这光景不会长久,但就眼下而言,此地仍未远离 1880 年代。

而自始至终,达格玛·冯·纳格尔斯堡都在她小小的城堡里,行着小小的宫廷。当地人耸耸肩说:<i>「伯爵夫人保养得不错」</i>。"
so|Footnote|resources.assets|28429|label,Graustark,格劳斯塔克
so|Footnote|resources.assets|28430|Choices[0].description,"Europe, smashed to haunted ruins...","欧洲,被砸成闹鬼的废墟……"
so|Footnote|resources.assets|28430|Choices[0].label,the War in the World,尘世之战
so|Footnote|resources.assets|28430|Choices[1].description,"The order of the [[Hours]] had its flaws, but they upheld time, sense and symmetry...","[[司辰]]的秩序自有其瑕疵,但他们维系着时间、意义与对称……"
so|Footnote|resources.assets|28430|Choices[1].label,the War in the Sun,太阳之战
so|Footnote|resources.assets|28430|description,"In 1919, the last year of the Great War, I left seminary and volunteered as a chaplain in the Dorsetshire Regiment, where [[Stanislav]] trained me as an exorcist.

The Great War; we really thought that was as bad as it would get. It took twenty years to learn how wrong we were. I'm not sorry I missed...","1919 年,大战的最后一年,我离开神学院,志愿加入多塞特团担任随军牧师,在那里,[[斯坦尼斯拉夫]]将我训练成一名驱魔师。

大战;我们当时真的以为,那已经是最坏的光景了。我们花了二十年,才明白自己错得有多离谱。我并不遗憾自己错过了……"
so|Footnote|resources.assets|28430|label,Great War,大战
so|Footnote|resources.assets|28433|Choices[0].description,"She surrendered her Edges to the newer [[Hours]] once. What happens now, when so many newer [[Hours]] are [[Uncounted]]?","她曾一度将她的刃交予更年轻的[[司辰]]。如今,那么多更年轻的[[司辰]]都已[[除名]],又会发生什么?"
so|Footnote|resources.assets|28433|Choices[0].label,She bears two blades...,她身负双刃……
so|Footnote|resources.assets|28433|Choices[1].description,...or forbids it. Her purpose has always been to separate and distinguish... and so the [[Witch-and-Sister]] is her enemy.,"……抑或禁止。她的职责从来都是分离与区分……因此,[[双生巫女]]是她的敌人。"
so|Footnote|resources.assets|28433|Choices[1].label,She permits passage...,她放行……
so|Footnote|resources.assets|28433|Choices[2].description,Old; cold.,苍老;冰冷。
so|Footnote|resources.assets|28433|Choices[2].label,She waits at the threshold...,她守候在门槛……
so|Footnote|resources.assets|28433|description,"<i>who bears two blades;
who permits passage when passage is to be permitted;
who waits at the threshold.</i>

No [[Hour]] is young, but the Horned-Axe is very old indeed. She's survived at least three wars in the [Sun]. ","<i>身负双刃者;
于当放行之时放行;
守候在门槛之处。</i>

没有哪位[[司辰]]年轻,但角斧确实年迈至极。她已在[太阳]中熬过了至少三场战争。"
so|Footnote|resources.assets|28433|label,Horned-Axe,角斧
so|Footnote|resources.assets|28434|description,"Hungary is quiet beneath the steel blessings of the Stars. The old Republic aligns now with the paradigms of Gleam. But beneath Strigonium, a prince of the Church Solar still holds the Holy Crown. Until he's broken, not quite everything has changed.","在群星钢铁般的赐福之下,匈牙利一片寂静。旧共和国如今已与烁的范式同轨。但在斯特里戈尼乌姆之下,太阳教会的一位亲王仍握着圣冠。在他被粉碎之前,并非一切都已改变。"
so|Footnote|resources.assets|28434|label,Hungary,匈牙利
so|Footnote|resources.assets|28436|Choices[0].description,I believe Fate won.,我相信是命运赢了。
so|Footnote|resources.assets|28436|Choices[0].label,Fate,命运
so|Footnote|resources.assets|28436|Choices[1].description,I reckon Chance won.,我猜是机缘赢了。
so|Footnote|resources.assets|28436|Choices[1].label,Chance,机缘
so|Footnote|resources.assets|28436|Choices[2].description,A butterfly!,一只蝴蝶!
so|Footnote|resources.assets|28436|Choices[2].label,Look!,看!
so|Footnote|resources.assets|28436|description,"<b>""And the players were robed and their faces veiled, and the robes and veils were alike, and their names were Fate and Chance."" - Lord Dunsany, Time and the Gods</b>


What's random, what's fair? If you roll a ten-sided die a hundred times and get a 1 every time, is that fair? Yes, says Chance; no, says Fate (or the other way around).


You <i>can</i> roll a die a hundred times and get the same result every time. So <i>Travelling</i> doesn't use dice - it draws tokens, each numbered 1 to 10, from a bag. (Bone tokens, says one player; no, silver, says the other.) When the bag is empty, we put the tokens back in and shake the bag. There's more than one tile with each number, so you can get the same number a few times in a row. But your luck will always turn.


<b>""Then said Fate to Chance: ""Let us play our old game again."" And they played it again together, using the gods as pieces, as they had played it oft before. So that those things which have been shall all be again...""</b>


When you reload after a save, we always put all the tokens back in and shake it. This means, bluntly, that you can save-scum. It also means that if you keep reloading, everything will be a little more random. We might add a config switch to turn that off.","<b>「棋手们身披长袍,面覆纱巾,长袍与纱巾别无二致,他们的名字,是命运与机缘。」——邓萨尼勋爵,《时间与众神》</b>


什么是随机,什么是公平?你若把一枚十面骰掷上一百次,每次都掷出 1,这算公平吗?机缘说,公平;命运说,不(或者恰好相反)。


你<i>确实</i>可能连掷一百次骰子,而每次结果都一样。所以<i>Travelling</i>不用骰子——它从布袋里抽取筹码,每枚编号 1 至 10。(骨质筹码,一位玩家说;不,银质的,另一位说。)布袋空时,我们便把筹码放回去,摇一摇布袋。每个数字都不止一枚筹码,所以你有可能接连几次抽到同一个数字。但你的运气终会流转。


<b>「命运于是对机缘说:『让我们再玩一次那旧日的游戏吧。』于是他们重又一同对弈,以诸神为棋子,一如从前无数次那样。于是,凡曾经存在过的事物,都将再度存在……」</b>


每当你读取存档,我们总会把全部筹码放回去,再摇一摇。直白地说,这意味着你可以读档投机。这也意味着,如果你一直读档,一切都会变得更随机一些。我们或许会加一个配置开关,将其关闭。"
so|Footnote|resources.assets|28436|label,Invisible Bag,隐形布袋
so|Footnote|resources.assets|28437|Choices[0].description,The Serapeum is in [[Alexandria]]. It's even harder to find than it sounds. But I managed it.,塞拉皮雍在[[亚历山大港]]。它比听上去还要难找。但我还是找到了。
so|Footnote|resources.assets|28437|Choices[0].label,Where,何处
so|Footnote|resources.assets|28437|Choices[1].description,[[Serena]] [[Blackwood]] serves as its Librarian. ,[[塞蕾娜]][[布莱克伍德]]担任其馆长。
so|Footnote|resources.assets|28437|Choices[1].label,Who,何人
so|Footnote|resources.assets|28437|Choices[2].description,Specialised in [[Forge]]-lore and [[Horomachistry]],专精于[[铸]]之秘学与[[司辰学]]
so|Footnote|resources.assets|28437|Choices[2].label,Why,何故
so|Footnote|resources.assets|28437|description,One of the seven great libraries of the [[Watchman's Tree]].,[[守夜人之树]]的七座大图书馆之一。
so|Footnote|resources.assets|28437|label,Invisible Serapeum,隐形的塞拉皮雍
so|Footnote|resources.assets|28438|description,"The newly-minted Italian Republic. The King is gone, the Julian March is lost, the Icarians were roundly defeated in this year's election. Everything is different. And this time, everything will be different.","新铸的意大利共和国。国王已去,尤利安边区已失,伊加利亚人在今年的选举中一败涂地。一切都不同了。而这一次,一切将会不同。"
so|Footnote|resources.assets|28438|label,Italy,意大利
so|Footnote|resources.assets|28439|Choices[0].description,The word was that he'd used secrets from the [[Aviform]] [[Hours]] in his work. That's what interested me most.,"传闻说,他在作品中用到了[[鸟形]][[司辰]]的秘密。那正是我最感兴趣的。"
so|Footnote|resources.assets|28439|Choices[0].label,The Key to the Matter,事之关键
so|Footnote|resources.assets|28439|Choices[1].description,The word was that he'd used [[Ys]]-alloys in his work. That's what interested me most.,"传闻说,他在作品中用到了[[伊苏]]合金。那正是我最感兴趣的。"
so|Footnote|resources.assets|28439|Choices[1].label,The Edge of the Matter,事之刃
so|Footnote|resources.assets|28439|Choices[2].description,"What interested me most? That a certain key component of the Lark came, at last, to [[Alexandria]], where [[Serena]] and her protegée put it to use.","我最感兴趣的是什么?是百灵鸟的某个关键部件,最终辗转到了[[亚历山大港]],被[[塞蕾娜]]和她的门生派上了用场。"
so|Footnote|resources.assets|28439|Choices[2].label,The Heart of the Matter,事之核心
so|Footnote|resources.assets|28439|description,"In the years before I went away, the sculptor-adept Zuthimalim Zidane built an abstract sculpture in Algiers that 'spoke with the voice of the desert lark'. He was killed for it.","在我离开之前的那些年里,雕刻家兼修士的祖蒂玛利姆·齐达内,在阿尔及尔建造了一座抽象雕塑,它「以沙漠百灵鸟的声音说话」。他为此丧命。"
so|Footnote|resources.assets|28439|label,Lark,百灵鸟
so|Footnote|resources.assets|28441|Choices[0].description,The cold of the grave; the cold that comes before the dawn.,坟墓的寒冷;黎明之前的寒冷。
so|Footnote|resources.assets|28441|Choices[1].description,The heat of the forge; the heat that warms silver to gold.,锻炉的炽热;那将白银暖成黄金的炽热。
so|Footnote|resources.assets|28441|Choices[1].label,Incandescent,白炽
so|Footnote|resources.assets|28441|description,"<i>who cannot be unbalanced;
who quells and quiets;
who comes before the Sun</i>


The [[Uncounted]] [[Hour]] who once appeared in [[Church]] iconography as the Radiant Lady, the <i>Mater Solvens</i> invoked when a corpse is committed to fire or earth.","<i>不可撼动者;
镇伏且静默者;
先于太阳而来者</i>


那位[[除名]]的[[司辰]],曾以辉耀圣母之姿出现在[[教会]]的图像中,当尸体交付火焰或大地之时,人们便向<i>解缚圣母</i>祈求。"
so|Footnote|resources.assets|28441|label,Madrugad,昕旦
so|Footnote|resources.assets|28442|Choices[0].description,"Basically, they're right.","基本上,他们是对的。"
so|Footnote|resources.assets|28442|Choices[0].label,Identical,同一
so|Footnote|resources.assets|28442|Choices[1].description,"They're wrong, basically.","他们错了,基本上。"
so|Footnote|resources.assets|28442|Choices[1].label,Distinct,有别
so|Footnote|resources.assets|28442|Choices[2].description,They certainly do.,他们确实如此认为。
so|Footnote|resources.assets|28442|Choices[2].label,Yes,是的
so|Footnote|resources.assets|28442|description,The debatable space at the edge of the waking world. One of the concerns of the [[Duties]]. Some authorities identify the Marches with the Bounds between the [[Wake]] and the [[Mansus]]. [[Legion]],醒世边缘那片悬而未决的空间。[[职司]]所关切的事务之一。有权威人士认为,边境与[[醒世]]和[[漫宿]]之间的边界之地是同一处。[[军团]]
so|Footnote|resources.assets|28442|label,Marches,边地
so|Footnote|resources.assets|28443|Choices[0].description,The Church's version is much safer than the original. They were very clear about that in the seminary.,"教会的版本比原版安全得多。神学院里,他们对此讲得非常明白。"
so|Footnote|resources.assets|28443|Choices[1].description,"""What is within, without; what is without, within.""",「内即是外;外即是内。」
so|Footnote|resources.assets|28443|Choices[1].label,Clear,明晰
so|Footnote|resources.assets|28443|Choices[2].description,"The Forge is often depicted as a mother, and the Meniscate isn't exactly that, but she carries a searing brightness in her womb.","铸炉常被描绘为一位母亲,而弧月并不完全如此,但她的腹中孕着灼人的光辉。"
so|Footnote|resources.assets|28443|Choices[2].label,Fierce,炽烈
so|Footnote|resources.assets|28443|description,"<i>from whom we do not turn;
who is exposed;
whose beauty is unmatched</i>

The [[Uncounted]] [[Hour]] who once appeared in [[Church]] iconography as the White Lady, the Glass Virgin that protects mothers. Sometimes described as the Sun's night-self.","<i>我们不得背对者;
毫无遮掩者;
美艳无可匹敌者</i>

那位[[除名]]的[[司辰]],曾以白衣圣母、护佑母亲的玻璃贞女之姿出现在[[教会]]的图像中。有时,她被描述为太阳的夜之身。"
so|Footnote|resources.assets|28443|label,Meniscate,弧月
so|Footnote|resources.assets|28444|description,"The revolutionary [[Icarian]] workers' councils which drove the revolution in Russia have become more efficient, under the [[Gleam]]-light. The Stars accept and synthesise their decisions, beneath the avuncular and mighty gaze of Steel - the 'Advisory Entity to the Council of Ministers.' The Stars in turn pass their gifts to the Ministries, who enact those decisions. What could be better?","当年推动俄国革命的革命性[[伊加利亚]]工人委员会,在[[烁]]的照耀下变得愈发高效。群星在钢铁——「部长会议顾问实体」——亲切而威严的注视之下,接受并综合它们的决定。群星再将馈赠转交联盟,由联盟来执行那些决定。还能有比这更好的吗?"
so|Footnote|resources.assets|28444|label,Ministries,联盟
so|Footnote|resources.assets|28462|description,"Where there's rubble, there'll be steel; where there's shards of glass, there'll be mirrors. What's old is lost, what's new is coming. The Kingdom of the Netherlands is getting to work.","哪里有瓦砾,哪里就会有钢铁;哪里有碎玻璃,哪里就会有镜子。旧的已经逝去,新的正在到来。荷兰王国开始忙碌起来。"
so|Footnote|resources.assets|28462|label,Netherlands,荷兰
so|Footnote|resources.assets|28464|Choices[0].description,"A chilly soul. But she has no reputation for cruelty, either.",一个冷淡的灵魂。但她也并无残暴之名。
so|Footnote|resources.assets|28464|Choices[0].label,Never kind,从无温情
so|Footnote|resources.assets|28464|Choices[1].description,Nina is always careful. It's how she survived this long.,"尼娜总是谨慎。她能活到今天,靠的就是这个。"
so|Footnote|resources.assets|28464|Choices[1].label,Never rash,从不鲁莽
so|Footnote|resources.assets|28464|Choices[2].description,"She makes an impression, <i>la Lagasse</i>.","她总是让人印象深刻,<i>那位拉加斯</i>。"
so|Footnote|resources.assets|28464|Choices[2].label,Never forgotten,从未被遗忘
so|Footnote|resources.assets|28464|description,"Actress, artist, witch... Nina casts a long shadow. Every adept on the Continent knows her name. From the moment I woke in [[Alexandria]], my heart clamoured for me to find her. It would take me a while to understand why.","演员、艺术家、女巫……尼娜投下长长的影子。欧洲大陆上每一位修士都听过她的名字。自我在[[亚历山大港]]醒来的那一刻起,我的心便叫嚣着要我去寻她。我要过上一阵子,才会明白其中缘由。"
so|Footnote|resources.assets|28464|label,Nina Lagasse,尼娜·拉加斯
so|Footnote|resources.assets|28465|description,"The [[Church]] calls it Hell, and won't speak of it. Adepts call it Nowhere, and won't speak of it where they can be heard. It is lit by lamps of black nephrite. It is where the Dead go, in the end. [[Worms]], and the worst [[Hours]], were found there, but now they're found in other places too.","[[教会]]称之为地狱,而不愿谈及。修士们称之为虚无,也不愿在有人听得见的地方谈及。那里以黑色软玉之灯照明。那是亡者最终的去处。[[蠕虫]]与最恶劣的[[司辰]]曾在那里被发现,但如今,它们也在别处现身了。"
so|Footnote|resources.assets|28465|label,Nowhere,虚无
so|Footnote|resources.assets|28467|Choices[0].description,I travel; I seek. Yes.,我远行;我求索。是的。
so|Footnote|resources.assets|28467|Choices[0].label,Fitting,贴切
so|Footnote|resources.assets|28467|Choices[1].description,"I'm a wanderer, not a pilgrim.","我是个漫游者,不是巡礼者。"
so|Footnote|resources.assets|28467|Choices[1].label,Not Fitting,不贴切
so|Footnote|resources.assets|28467|Choices[2].description,"When I was last in the world, half the occult demimonde believed the [[Vagabond]] would soon rise in Pilgrimage to the [[Glory]]... but I knew well enough not to get involved.","我上一次在世时,隐秘的地下世界有半数人都相信,[[浪游旅人]]即将起身,踏上前往[[辉光]]的巡礼……但我心里清楚,不该卷进去。"
so|Footnote|resources.assets|28467|Choices[2].label,Unsettling,令人不安
so|Footnote|resources.assets|28467|description,I've been called 'pilgrim'.,有人曾叫我「巡礼者」。
so|Footnote|resources.assets|28467|label,Pilgrim,巡礼者
so|Footnote|resources.assets|28468|description,"What you hope to achieve, and what your next steps are to achieve it. A guide to where to go and what to do.","你希望达成什么,以及为达成它而采取的下一步。一处指引——该去哪里,该做什么。"
so|Footnote|resources.assets|28468|label,Plans,计划
so|Footnote|resources.assets|28469|description,"Only the approved candidates get to stand in elections. The larger cities have Star-shards inset now. The Red Army is here on the ground, protecting supply lines to Germany and enforcing their order. But not everything is going the [[Ministries]]' way. There's a factional battle between the home-grown [[Icarians]] and the Advisory Entity's people. The Nest tendency of the [[Cross]] - feral and uncompromising - has manifested across the south. And the cursed soldiers in the forests have recovered a bloody Oath from the earth.","只有获得认可的候选人才能参选。大城市如今都镶入了星之碎片。红军驻扎在此,保护通往德国的补给线,维持他们的秩序。但并非一切都顺着[[联盟]]的心意。本土的[[伊加利亚人]]与顾问实体的人之间,正打着一场派系之战。[[介壳种]]的「巢」派倾向——野性而毫不妥协——已在南方各处显现。而森林里受诅咒的士兵们,从泥土中掘回了一份染血的誓言。"
so|Footnote|resources.assets|28469|label,Poland,波兰
so|Footnote|resources.assets|28470|description,"In this place, at this time, if you fill the slots with the necessary ingredients, you can obtain something useful. Some ingredients are consumed - some just serve as catalysts. Look closely at  ingredient slots to learn more.","在此地,在此刻,若你用必要的原料填满槽位,便能得到某种有用的东西。有些原料会被消耗——有些只是充当催化剂。仔细看看原料槽位,了解更多。"
so|Footnote|resources.assets|28470|label,Selected Recipe,选中的配方
so|Footnote|resources.assets|28471|description,"The Romanian People's Republic is an Icarian state... but there are no Star-fragments here. Though King Michael is gone, the other Michael, the Messenger who writes in invisible blood, the dead-guide for whom candles are lit - that Michael is seen every day in Cluj, in paintings, mirrors, chalk. A power walks that has nothing to do with Gleam.","罗马尼亚人民共和国是一个伊加利亚国家……但这里没有星之碎片。虽然米哈伊国王已经不在了,但另一位米哈伊——那位以隐形之血书写的信使,那位人们为他点烛的引魂者——这位米哈伊每天都在克卢日现身:在画作里,在镜子里,在粉笔痕迹里。有一股与烁毫无干系的权能,正在行走。"
so|Footnote|resources.assets|28471|label,Romania,罗马尼亚
so|Footnote|resources.assets|28473|description,A greeting and a parting in the tongue of Lagash; and the name of a spirit.,"拉格什之语中的一声问候,与一声道别;也是一位灵的名字。"
so|Footnote|resources.assets|28473|label,Silim,西利姆
so|Footnote|resources.assets|28474|Choices[0].description,Who are pearl - ,身为珍珠——
so|Footnote|resources.assets|28474|Choices[0].label,Lunar,月华
so|Footnote|resources.assets|28474|Choices[1].description,Who cannot be touched -,不可触碰——
so|Footnote|resources.assets|28474|Choices[1].label,Scatheless,无伤
so|Footnote|resources.assets|28474|Choices[2].description,Who cannot be separated -,不可分离——
so|Footnote|resources.assets|28474|Choices[2].label,Conjunct,相合
so|Footnote|resources.assets|28474|Choices[3].description,Who are not as they were?,不再是从前的模样?
so|Footnote|resources.assets|28474|Choices[3].label,Renewed,更新
so|Footnote|resources.assets|28474|description,"<i>who are pearl
who cannot be touched
who cannot be separated</i>

An [[Aviform]] [[Hour]] bringing together what must be together. Sometimes, trusted. The enemy of division and separation.","<i>身为珍珠者;
不可触碰者;
不可分离者</i>

一位[[鸟形]][[司辰]],将必须同在之物聚合一处。有时,也受人信赖。是分裂与分离之敌。"
so|Footnote|resources.assets|28474|label,Sister-And-Witch,双生女巫
so|Footnote|resources.assets|28475|description,"Sleep cures [[Troubles]] - and is only possible when Spencer has at least one Trouble.

[[Pain]] becomes [[Weariness]].

Weariness fades.

[[Dread]], and [[Fascination]], cancel each other out. Any leftover Dread or Fascination will fade... but may cause dreams in the process.

[[Traces]] are the exception. Traces don't allow Sleep, and aren't cured by Sleep - in fact, Sleeping in the same place for more than one night creates a Trace.","睡眠能治愈[[烦扰]]——而且只有斯宾塞至少带着一项烦扰时,才有可能入睡。

[[痛苦]]化为[[倦怠]]。

倦怠会渐渐消退。

[[恐惧]]与[[入迷]]会相互抵消。残留的恐惧或入迷会慢慢消退……但过程中可能引发梦境。

[[痕迹]]是例外。痕迹不容入睡,也不为睡眠所愈——事实上,在同一处睡过不止一夜,便会留下一道痕迹。"
so|Footnote|resources.assets|28475|label,Sleep,睡眠
so|Footnote|resources.assets|28476|description,"""One, Great, and Free."" The Caudillo in Madrid has made good on the first boast, but the other two are nowhere within reach. Still, things may be looking up for this kingless kingdom. The Darlan regime in the French [[State]] has opened the border again. The [[Incorporates]] are ready to overlook old sins in the fight against [[Icarianism]]. The  frost begins to thaw.

Spain stayed out of the Wars - it has less need of [[Gleam]] or [[Corona]] - and there is something else here - a high host that visits select doors in the deep night. The scent of burning wax goes before it.","「统一、伟大、自由。」马德里的考迪罗兑现了第一句豪言,但另外两句依旧遥不可及。不过,这个没有国王的王国,境况或许正在好转。法兰西[[邦国]]的达尔朗政权重新开放了边境。[[集团]]在对抗[[伊加利亚主义]]的战争中,愿意宽恕旧日的罪愆。霜冻开始消融。

西班牙置身于战争之外——它对[[烁]]或[[冕]]的需求较少——而这里还有别的什么:一支高贵的行列,在深夜里造访特定的门扉。燃烧的蜡香先它而至。"
so|Footnote|resources.assets|28476|label,Spain,西班牙
so|Footnote|resources.assets|28477|Choices[0].description,... but lost.,……却已失落。
so|Footnote|resources.assets|28477|Choices[0].label,Remembered,被铭记
so|Footnote|resources.assets|28477|Choices[1].description,... again and again over the years. The isle remained a place of healing and learning.,"……这些年来,一次又一次。这座岛始终是疗愈与学问之地。"
so|Footnote|resources.assets|28477|Choices[1].label,Reborn,重生
so|Footnote|resources.assets|28477|description,"A wealthy mediaeval centre of learning, but a surprisingly obscure one - despite its notorious 'vivid book', its prophets and healers in exile, its Twin-visions, its allegedly poisonous nuns - right up until its dissolution. [[Hush House]] now occupies the old Abbey's site.","一座富庶的中世纪学问中心,却出奇地籍籍无名——尽管有那本声名狼藉的「鲜活之书」、流亡在外的先知与医者、它的双生幻象、据说身怀剧毒的修女们——直到它被解散为止。[[噤声居屋]]如今便占据了这座旧修道院的所在。"
so|Footnote|resources.assets|28477|label,Abbey of St Brandan,圣布伦丹修道院
so|Footnote|resources.assets|28479|description,"<i>which burns still;
which is distant;
which is not as it was..</i>

The chilliest constituent of the [[Sun]]. The Sun-in-Rags, descending towards its final sunset, offered us its beautiful ending. Sometimes, as it did in the beginning, it would accept a very little of our blood.

A dead [[Hour]]; dead and buried.","<i>仍在燃烧者;
已然遥远者;
不复旧日模样者..</i>

[[太阳]]最寒冷的部分。残阳,正坠向它最后的日落,将美丽的结局奉予我们。有时,一如最初那样,它会接受我们少许的鲜血。

一位已死的[[司辰]];死去了,也埋葬了。"
so|Footnote|resources.assets|28479|label,Sun-in-Rags,残阳
so|Footnote|resources.assets|28481|description,"Is Trieste Italian, or Yugoslavian? The Free Territory is a temporary answer to that question, but it's proving less temporary than anyone wanted, The Ministries and the Incorporates can't agree on a governor. Stamps are printed in two languages. The unhappy compromise continues, but at least no-one's shooting.","的里雅斯特是意大利的,还是南斯拉夫的?自由区是对这个问题的一个临时回答,但它正被证明,比任何人所希望的都要持久。[[联盟]]与[[集团]]无法就总督人选达成一致。邮票用两种语言印制。这场不愉快的妥协仍在继续,但至少,没有人开枪。"
so|Footnote|resources.assets|28481|label,The Free Territory of Trieste,的里雅斯特自由区
so|Footnote|resources.assets|28482|description,"If you lose control of your mind or soul; if your body betrays you; if a worldly power imprisons or executes you - if these things happen, the game will end.

The Threats section shows what you need to worry about, and how much you need to worry.","若你失去对心智或灵魂的掌控;若你的身体背叛你;若世间的权柄将你囚禁或处决——倘若这些事发生,游戏便会结束。

威胁栏目会告诉你,你需要担心什么,又需要担心到什么程度。"
so|Footnote|resources.assets|28482|label,Threats,威胁
so|Footnote|resources.assets|28483|description,"<i>who demands the dance;
who cannot be stilled;
who is beaten, like a drum.</i>

The Thunderskin, the Heart Relentless, the Vigilant Storm, which beat and was beaten to preserve the skin of the world. The mortal who loved the goddess; the flayed god sacrificed by its lover to itself. Without his ceaseless efforts, how long could the world have turned untorn?

A dead [[Hour]]; dead and buried.","<i>要求舞蹈者;
无法止息者;
被敲打者,如一面鼓。</i>

轰雷之皮,不倦之心,警醒的风暴——为守护世界的皮膜而击打,亦被击打。那位爱上女神的凡人;那位被爱人剥去皮、由爱人献祭于己身的神。若没有他永不停歇的劳作,这世界又能完好地转动多久?

一位已死的[[司辰]];死去了,也埋葬了。"
so|Footnote|resources.assets|28483|label,Thunderskin,轰雷之皮
so|Footnote|resources.assets|28484|description,"Items in the Troubles section of your Inventory are intangible things that you probably don't want: [[Weariness]], [[Pain]], [[Dread]], [[Fascination]], or [[Traces]]. There are ways to remove any Trouble, and occasionally they can be useful.","你行囊里「烦扰」栏目下的条目,是些你多半不想要的无形之物:[[倦怠]]、[[痛苦]]、[[恐惧]]、[[入迷]],或[[痕迹]]。每种烦扰都有去除之法,而它们偶尔也能派上用场。"
so|Footnote|resources.assets|28484|label,Trouble,烦扰
so|Footnote|resources.assets|28485|Choices[0].description,It <i>might</i> be relevant. You never know.,它<i>也许</i>真有关联。谁也说不准。
so|Footnote|resources.assets|28485|Choices[0].label,Perhaps,也许
so|Footnote|resources.assets|28485|Choices[1].description,Everything will be forgotten. Ubu too.,一切都会被遗忘。乌布也一样。
so|Footnote|resources.assets|28485|Choices[1].label,No,不
so|Footnote|resources.assets|28485|description,"Picasso's friend, Michel Sima, rescued a wounded owl during a trip to the Château Grimaldi, and Picasso adopted it. His lover Françoise Gilot would feed Ubu with mice that she trapped in the studio, but it never took to her. It took to Picasso, eventually, to the extent that it usually stopped biting him. 

Ubu served as a model in Picasso's paintings as war; as peace; as wisdom; perhaps as a model for a conjectured seventh [[Aviform]] [[Hour]]. But none of this is likely ever to be relevant.","毕加索的朋友米歇尔·西马在格里马尔迪城堡之行中救下一只受伤的猫头鹰，毕加索收养了它。他的情人弗朗索瓦丝·吉洛常用她在画室里捉到的老鼠喂乌布，可乌布始终不肯亲近她。它最终亲近了毕加索，以至于通常不再咬他。

乌布曾在毕加索的画作中充当模特：化作战争；化作和平；化作智慧；或许也是一位被推想出的第七位[[鸟形]][[司辰]]的模特。不过这些事，多半永远不会与任何事相干。"
so|Footnote|resources.assets|28485|label,Ubu,乌布
so|Footnote|resources.assets|28486|description,"The New King gave his life at Caen in battle against the [[Enemy]] - as no Englishman will fail to remind you - but the Plantagenet line continues under Queen Alexandra.

The New King's golden age is gone with the Wars, but so is the febrile air that attended it. In the new quiet, there is the sense of waking from an eager dream. But Parliament still meets by candle-light.","新王在卡昂与[[敌人]]作战时殒命——这一点，不会有哪个英格兰人忘了提醒你——不过金雀花的血脉在亚历山德拉女王治下延续至今。

新王的黄金时代已随战争而去，随之而去的还有伴随它的那股亢奋气息。在新生的静谧中，有种从热切梦境里醒来的感觉。但议会仍在烛光下议事。"
so|Footnote|resources.assets|28486|label,United Kingdom,联合王国
so|Footnote|resources.assets|28487|Choices[0].description,She cannot be stayed -,她不能被留住——
so|Footnote|resources.assets|28487|Choices[0].label,Restless,不安
so|Footnote|resources.assets|28487|Choices[1].description,She cannot be exhausted -,她不能被耗尽——
so|Footnote|resources.assets|28487|Choices[1].label,Tireless,不倦
so|Footnote|resources.assets|28487|Choices[2].description,She tells her tale to the willing and the unwilling -,她向甘愿者与不甘愿者讲述她的故事——
so|Footnote|resources.assets|28487|Choices[2].label,Garrulous,絮叨
so|Footnote|resources.assets|28487|Choices[3].description,"Did she carry her artificial eye upwards, to the [[Glory]]?",她是否把那只义眼携向高处，送往[[辉光]]？
so|Footnote|resources.assets|28487|Choices[3].label,Thief of Sights,窃景者
so|Footnote|resources.assets|28487|description,"<i>who cannot be exhausted
who cannot be stayed
who tells her story to the willing and the unwilling</i>

The one [[Hour]] who was excluded from the [[Mansus]] - though before the war, many adepts expected to follow her there as one of seven [[Pilgrims]], and rise above. One of the [[Aviform]] Hours - she took the shape of a laughingthrush. [[Uncounted]] now. Perhaps.","<i>不可被耗尽
不可被留住
向甘愿者与不甘愿者讲述她的故事</i>

她是唯一一位被逐出[[漫宿]]的[[司辰]]——尽管战前，许多修士曾期望化作七位[[巡礼者]]之一随她而入，并超升其上。她是[[鸟形]]司辰之一——化作一只笑鸫的模样。如今已[[除名]]。也许。"
so|Footnote|resources.assets|28487|label,Vagabond,浪游者
so|Footnote|resources.assets|28488|Choices[0].description,"I favour the Bright Arts: so that's Holy Places above all, but sometimes also Quiet Places, Thresholds and Hearths.",我偏好光之技艺：因此以圣地为先，但也时常用到静谧之处、门阈与炉畔。
so|Footnote|resources.assets|28488|Choices[1].description,"I favour the Night Arts: so that's Wounds and Shadowed Places first, but sometimes also Quiet Places and Thresholds.",我偏好夜之技艺：因此以伤处与阴影之地为先，但也时常用到静谧之处与门阈。
so|Footnote|resources.assets|28488|Choices[1].label,Dark,暗
so|Footnote|resources.assets|28488|Choices[2].description,"I favour the Arts Unconsidered - so that's Verdant Places above all, but also sometimes Shadowed Places, Hearths and Thresholds.",我偏好未识技艺：因此以翠绿之地为首，但也时常用到阴影之地、炉畔与门阈。
so|Footnote|resources.assets|28488|Choices[2].label,Dusk,暮
so|Footnote|resources.assets|28488|description,"Venues are hallowed, sinister, powerful or convenient locations where you can craft occult tools. Only a few Unworldly [[Skills]] can be used at each Venue - you'll quickly learn which Venues are most useful to you.",场所是神圣、凶险、强力或便捷的所在，你可以在其中炼制秘术器物。每处场所只能使用少数非尘世[[技艺]]——你很快会明白哪些场所对你最有用。
so|Footnote|resources.assets|28488|label,Venue,场所
so|Footnote|resources.assets|28489|description,"If it exists, and if you can see it while you're not asleep, then you're in the Wake.",倘若它确实存在，而你在未入睡时也能看见它，那你便身在醒世。
so|Footnote|resources.assets|28489|label,Wake,醒世
so|Footnote|resources.assets|28490|Choices[0].description,He navigates -,他引航——
so|Footnote|resources.assets|28490|Choices[0].label,Acute,敏锐
so|Footnote|resources.assets|28490|Choices[1].description,He illuminates -,他照明——
so|Footnote|resources.assets|28490|Choices[1].label,Bright,明亮
so|Footnote|resources.assets|28490|Choices[2].description,He is not compassionate -,他无悲悯——
so|Footnote|resources.assets|28490|description,"<i>who navigates;,<i>他引航；
他照明；
他无悲悯。</i>

他本是[[除名]]的[[司辰]]，曾为甘愿者与不甘愿者照亮前路。他一度被称为「瞳中之门」。「看哪，我站在门外；虽不叩门，却正是在此，我方可被听见。」
who illuminates;
who is not compassionate</i>

The [[Uncounted]] [[Hour]] who once lit the way for the willing and unwilling. He has been called the Door in the Eye. ""Behold, I stand at the door, and though I do not knock, it is here I may be heard.""","<i>他引航；
他照明；
他无悲悯。</i>

他本是[[除名]]的[[司辰]]，曾为甘愿者与不甘愿者照亮前路。他一度被称为「瞳中之门」。「看哪，我站在门前；虽不叩门，却正是在此，我方可被听见。」"
so|Footnote|resources.assets|28490|label,Watchman,守夜人
so|Footnote|resources.assets|28491|description,"The name given to seven great libraries of the hidden world, where the [[Church]] and the [[Duties]] tolerate otherwise forbidden knowledge. Perhaps the result of an arrangement with the [[Watchman]], though that sounds unlike him.",这是隐世七座伟大图书馆共用的名号，在那里，[[教会]]与[[职司]]容忍着本应被禁的知识。或许是某次与[[守夜人]]达成安排的产物——尽管这听起来不像他的作风。
so|Footnote|resources.assets|28491|label,Watchman's Tree,守夜人之树
so|Footnote|resources.assets|28492|description,"'Dreamers and the Dead pass the White Door, but they must abandon their <i>shapt</i>, that part of the soul which speaks - like a key in the door, or a sword outside a king's hall.'

The White Door is the lowest point of access to the [[Mansus]]. When I was young, even uninitiated dreamers might visit it by accident. It is much too dangerous for that now.","「梦者与亡者皆可穿过白门，但他们必须舍弃自己的<i>声魂</i>——灵魂中会言语的那一部分——如同插在门上的钥匙，又如留在王殿门外的利剑。」

白门是通往[[漫宿]]的最低入口。我年轻时，连未经启蒙的梦者也可能在无意间造访那里。如今那已太过危险。"
so|Footnote|resources.assets|28492|label,White Door,白门
so|Footnote|resources.assets|28493|Choices[0].label,Joint,相连
so|Footnote|resources.assets|28493|Choices[1].label,Aloof,疏离
so|Footnote|resources.assets|28493|Choices[2].description,Who are pearl -,她们是珍珠——
so|Footnote|resources.assets|28493|Choices[2].label,Nacreous,珠光
so|Footnote|resources.assets|28493|Choices[3].description,Who are altered?,她们被改变了吗？
so|Footnote|resources.assets|28493|Choices[3].label,Different,不同
so|Footnote|resources.assets|28493|description,"<i>who cannot be separated
who cannot be touched
who are pearl</i>


[[Aviform]] [[Hour]] uniting what is at rest. Born from two wombs. The enemy of disjunction and distinction.","<i>不可被分开
不可被触及
她们是珍珠</i>


[[鸟形]][[司辰]]，使安息者合而为一。生于两具子宫。是分离与区分之敌。"
so|Footnote|resources.assets|28493|label,Witch-and-Sister,双生女巫
so|Footnote|resources.assets|28494|Choices[0].description,When was there a time with neither agony nor rage?,可曾有哪个时代，既无剧痛亦无狂怒？
so|Footnote|resources.assets|28494|Choices[0].label,Night,夜
so|Footnote|resources.assets|28494|Choices[1].description,"It never sat right to me, giving teeth to the Sun.",给太阳装上利齿，我始终觉得不对劲。
so|Footnote|resources.assets|28494|Choices[2].description,"I've always wondered about a connection with the wolf-headed traveller-saint, Christopher Lycocephalus. He always seems likeable in the stories.",我一直琢磨着他与那位狼首的行旅圣徒克里斯托弗·吕科克法洛斯之间是否有所关联。故事里的他总是显得和善可亲。
so|Footnote|resources.assets|28494|Choices[2].label,Sight,洞见
so|Footnote|resources.assets|28494|description,"<i>he unmaketh;
he unmaketh;
he unmaketh.</i>

When the [[Sun]] died, the [[Hour]] called Wolf Divided was born, in agony, to rage. But the Sun has not died only once; he's risen many times. When did the Wolf Divided come into the world?

Any answer is a tangle of heresies. In worse times, you could be put to the question for naming a year. Even today, this is one of the fiercest differences between the Received and Sanctioned versions of the Book of Suns.","<i>他拆解；
他拆解；
他拆解。</i>

[[太阳]]死时，名为裂分之狼的[[司辰]]在剧痛与狂怒中降生。但太阳并非只死过一次；他已复活了许多回。裂分之狼究竟是何时降临此世的？

任何回答都是一团异端乱麻。在更糟的年代，你哪怕只说一个年份，都可能被拖去受刑。即便今日，这也是《太阳之书》通行本与钦定本之间最激烈的分歧之一。"
so|Footnote|resources.assets|28494|label,Wolf Divided,裂分之狼
so|Footnote|resources.assets|28495|Choices[0].description,The Wood has always been the place of [[Moth]] and his allied [[Hours]]. It doesn't have to make sense.,木材之地向来是[[蛾]]与其同盟[[司辰]]的领域。它不必讲得通。
so|Footnote|resources.assets|28495|Choices[0].label,Enigma,谜
so|Footnote|resources.assets|28495|Choices[1].description,The relationship between the Wood and the Mansus isn't something anyone can express directly.,木材与漫宿之间的关系，没有人能够直陈。
so|Footnote|resources.assets|28495|Choices[1].label,Paradox,悖论
so|Footnote|resources.assets|28495|description,"'The Wood lies outside the walls of the [[Mansus]]. As any student of Histories knows, the Mansus has no walls.'

Christopher said that - Christopher Illopoly. He was always a little glib. But it does capture something about the Wood.","「木材位于[[漫宿]]的墙垣之外。凡研习历史者皆知，漫宿并无墙垣。」

这话是克里斯托弗说的——克里斯托弗·伊洛波利。他向来有几分油滑。不过，这话确实抓住了木材的某种特质。"
so|Footnote|resources.assets|28495|label,Wood,木材
so|Footnote|resources.assets|28496|description,"<i>Worldly</i> skills are essential in conversation, dealing with people and real situations. They don't need preparation.",<i>世俗</i>技艺在交谈、与人周旋和应对现实情境时不可或缺。它们无需预备。
so|Footnote|resources.assets|28496|label,Worldly Skill,世俗技艺
so|Footnote|resources.assets|28497|Choices[0].description,"The Ysiens were not kind to me, but its amber-shining cobbles, its coral canals, its ice-temples - they have no equal anywhere this side of the wave.",伊苏人待我并不和善，但那里琥珀泛光的卵石街、珊瑚色的运河、冰砌的庙宇——浪的这一边，天下无可与之相比。
so|Footnote|resources.assets|28497|Choices[0].label,I miss it still,我仍思念它
so|Footnote|resources.assets|28497|Choices[1].description,"Even after they drew the [[Worms]] from my soul-complexus, they kept me caged. But I am very difficult to cage.",即便他们从我的魂丛中抽出[[蠕虫]]，他们仍把我关在笼中。可我这样的人，很难被关得住。
so|Footnote|resources.assets|28497|Choices[1].label,I was a prisoner,我曾是囚徒
so|Footnote|resources.assets|28497|Choices[2].description,"They invoked the [[Witch-and-Sister]] to help in drawing the [[Worms]] from me. Which is still strange. The Witch unites, not divides.",他们曾祈请[[双生巫女]]相助，把[[蠕虫]]从我体内抽出。这至今仍让我费解。女巫主合，不主分。
so|Footnote|resources.assets|28497|Choices[2].label,The Witch,女巫
so|Footnote|resources.assets|28497|description,"No living man may come to Ys. So when I passed through [[Brancrug]] the final time, when I left the world behind... I drowned. Symbolically. Perhaps more than that.",活人无法抵达伊苏。因此，当我最后一次穿过[[布兰库格]]、将尘世抛在身后时……我淹死了。象征意义上的。也许不止于此。
so|Footnote|resources.assets|28497|label,Ys,伊苏
so|FormalAliasQuality|resources.assets|28293|_label,alias,化名
so|FullNameAliasQuality|resources.assets|28294|_label,Alias — Full name,化名——全名
so|Given|resources.assets|28793|QReqs[0].text,=spring,=spring
so|Given|resources.assets|28793|QReqs[1].text,=summer,=summer
so|Given|resources.assets|28793|_label,GreenSeason,绿季
so|Given|resources.assets|28794|QReqs[0].text,=unset,=unset
so|Given|resources.assets|28794|QReqs[1].text,>=distrust,>=distrust
so|Given|resources.assets|28794|_label,NPCsAvailableInSanitarium,疗养院中可会面之人
so|Given|resources.assets|28795|QReqs[0].text,*/hasSeenCrafting,*/hasSeenCrafting
so|Given|resources.assets|28795|_label,Not Ready For Crafting?,尚未准备好炼制？
so|Given|resources.assets|28796|_label,Troubles Need Sleep,烦扰需要睡眠
so|Given|resources.assets|28797|_label,No Sleep Needed,无需睡眠
so|Given|resources.assets|28798|QReqs[0].text,>=rejoined,>=rejoined
so|Given|resources.assets|28798|QReqs[1].text,aprowl,aprowl
so|Given|resources.assets|28798|_label,Vincent Absent from Sanitarium Post,文森特不在疗养院当值
so|Given|resources.assets|28799|QReqs[0].text,=complete_obliging or complete_subversive,=complete_obliging or complete_subversive
so|Given|resources.assets|28800|_label,"Dread, Fascination?",恐惧、入迷？
so|Given|resources.assets|28801|_label,Has No Cash,身无分文
so|Given|resources.assets|28802|QReqs[0].text,true,true
so|Given|resources.assets|28802|_label,Mahaggony Chess Audience Present,红木象棋有观众在场
so|Given|resources.assets|28803|QReqs[0].text,=hokobald_and_sinombre,=hokobald_and_sinombre
so|Given|resources.assets|28803|QReqs[1].text,=hokobald_and_teresa,=hokobald_and_teresa
so|Given|resources.assets|28803|QReqs[2].text,=hokobald_and_alexandra,=hokobald_and_alexandra
so|Given|resources.assets|28803|_label,Mahaggony Chess Begun,红木象棋已开局
so|Given|resources.assets|28804|QReqs[0].text,=hokobald_won,=hokobald_won
so|Given|resources.assets|28804|QReqs[1].text,=teresa_won,=teresa_won
so|Given|resources.assets|28804|_label,Mahaggony Chess Finished,红木象棋已终局
so|Given|resources.assets|28805|_label,Near Death,濒临死亡
so|Given|resources.assets|28806|_label,No Daffer Involvement Yet,达弗尚未介入
so|Given|resources.assets|28807|QReqs[0].text,orderedRefreshment,orderedRefreshment
so|Given|resources.assets|28807|_label,Two Orders per Visit,每次到访两笔订单
so|Given|resources.assets|28808|_label,Create Minor Arts Unconsidered Items,制作次级未识技艺器物
so|Given|resources.assets|28809|_label,Create Minor Bright Arts Items,制作次级光之技艺器物
so|Given|resources.assets|28810|_label,Create Minor Night Arts Items,制作次级夜之技艺器物
so|ItemAudioFXLibrary|resources.assets|28303|_listings[0]._name,Generic_Pickup,Generic_Pickup
so|ItemAudioFXLibrary|resources.assets|28303|_listings[10]._name,Fiery_Pickup,Fiery_Pickup
so|ItemAudioFXLibrary|resources.assets|28303|_listings[11]._name,Glassware_Pickup,Glassware_Pickup
so|ItemAudioFXLibrary|resources.assets|28303|_listings[12]._name,LiquidSmall_Pickup,LiquidSmall_Pickup
so|ItemAudioFXLibrary|resources.assets|28303|_listings[13]._name,LiquidLarge_Pickup,LiquidLarge_Pickup
so|ItemAudioFXLibrary|resources.assets|28303|_listings[14]._name,MetallicSmall_Pickup,MetallicSmall_Pickup
so|ItemAudioFXLibrary|resources.assets|28303|_listings[15]._name,MetallicLarge_Pickup,MetallicLarge_Pickup
so|ItemAudioFXLibrary|resources.assets|28303|_listings[16]._name,Newspaper_Pickup,Newspaper_Pickup
so|ItemAudioFXLibrary|resources.assets|28303|_listings[17]._name,Painting_Pickup,Painting_Pickup
so|ItemAudioFXLibrary|resources.assets|28303|_listings[18]._name,Paper_Pickup,Paper_Pickup
so|ItemAudioFXLibrary|resources.assets|28303|_listings[19]._name,Plinky_Pickup,Plinky_Pickup
so|ItemAudioFXLibrary|resources.assets|28303|_listings[1]._name,Book_Pickup,Book_Pickup
so|ItemAudioFXLibrary|resources.assets|28303|_listings[20]._name,RattlySmall_Pickup,RattlySmall_Pickup
so|ItemAudioFXLibrary|resources.assets|28303|_listings[21]._name,Shimmery_Pickup,Shimmery_Pickup
so|ItemAudioFXLibrary|resources.assets|28303|_listings[22]._name,Stone_Pickup,Stone_Pickup
so|ItemAudioFXLibrary|resources.assets|28303|_listings[23]._name,Tile_Pickup,Tile_Pickup
so|ItemAudioFXLibrary|resources.assets|28303|_listings[24]._name,Whispery_Pickup,Whispery_Pickup
so|ItemAudioFXLibrary|resources.assets|28303|_listings[25]._name,WoodenLarge_Pickup,WoodenLarge_Pickup
so|ItemAudioFXLibrary|resources.assets|28303|_listings[26]._name,WoodenSmall_Pickup,WoodenSmall_Pickup
so|ItemAudioFXLibrary|resources.assets|28303|_listings[27]._name,Generic_Putdown,Generic_Putdown
so|ItemAudioFXLibrary|resources.assets|28303|_listings[28]._name,Book_Putdown,Book_Putdown
so|ItemAudioFXLibrary|resources.assets|28303|_listings[29]._name,CeramicSmall_Putdown,CeramicSmall_Putdown
so|ItemAudioFXLibrary|resources.assets|28303|_listings[2]._name,CeramicSmall_Pickup,CeramicSmall_Pickup
so|ItemAudioFXLibrary|resources.assets|28303|_listings[30]._name,CeramicLarge_Putdown,CeramicLarge_Putdown
so|ItemAudioFXLibrary|resources.assets|28303|_listings[31]._name,Chair_Putdown,Chair_Putdown
so|ItemAudioFXLibrary|resources.assets|28303|_listings[32]._name,ChairBig_Putdown,ChairBig_Putdown
so|ItemAudioFXLibrary|resources.assets|28303|_listings[33]._name,Clock_Putdown,Clock_Putdown
so|ItemAudioFXLibrary|resources.assets|28303|_listings[34]._name,Coin_Putdown,Coin_Putdown
so|ItemAudioFXLibrary|resources.assets|28303|_listings[35]._name,Eerie_Putdown,Eerie_Putdown
so|ItemAudioFXLibrary|resources.assets|28303|_listings[36]._name,Fiery_Putdown,Fiery_Putdown
so|ItemAudioFXLibrary|resources.assets|28303|_listings[37]._name,Fabric_Putdown,Fabric_Putdown
so|ItemAudioFXLibrary|resources.assets|28303|_listings[38]._name,Glassware_Putdown,Glassware_Putdown
so|ItemAudioFXLibrary|resources.assets|28303|_listings[39]._name,LiquidSmall_Putdown,LiquidSmall_Putdown
so|ItemAudioFXLibrary|resources.assets|28303|_listings[3]._name,CeramicLarge_Pickup,CeramicLarge_Pickup
so|ItemAudioFXLibrary|resources.assets|28303|_listings[40]._name,LiquidLarge_Putdown,LiquidLarge_Putdown
so|ItemAudioFXLibrary|resources.assets|28303|_listings[41]._name,MetallicSmall_Putdown,MetallicSmall_Putdown
so|ItemAudioFXLibrary|resources.assets|28303|_listings[42]._name,MetallicLarge_Putdown,MetallicLarge_Putdown
so|ItemAudioFXLibrary|resources.assets|28303|_listings[43]._name,Newspaper_Putdown,Newspaper_Putdown
so|ItemAudioFXLibrary|resources.assets|28303|_listings[44]._name,Painting_Putdown,Painting_Putdown
so|ItemAudioFXLibrary|resources.assets|28303|_listings[45]._name,Paper_Putdown,Paper_Putdown
so|ItemAudioFXLibrary|resources.assets|28303|_listings[46]._name,Plinky_Putdown,Plinky_Putdown
so|ItemAudioFXLibrary|resources.assets|28303|_listings[47]._name,RattlySmall_Putdown,RattlySmall_Putdown
so|ItemAudioFXLibrary|resources.assets|28303|_listings[48]._name,Shimmery_Putdown,Shimmery_Putdown
so|ItemAudioFXLibrary|resources.assets|28303|_listings[49]._name,Stone_Putdown,Stone_Putdown
so|ItemAudioFXLibrary|resources.assets|28303|_listings[4]._name,Chair_Pickup,Chair_Pickup
so|ItemAudioFXLibrary|resources.assets|28303|_listings[50]._name,Tile_Putdown,Tile_Putdown
so|ItemAudioFXLibrary|resources.assets|28303|_listings[51]._name,WoodenLarge_Putdown,WoodenLarge_Putdown
so|ItemAudioFXLibrary|resources.assets|28303|_listings[52]._name,WoodenSmall_Putdown,WoodenSmall_Putdown
so|ItemAudioFXLibrary|resources.assets|28303|_listings[53]._name,Whispery_Putdown,Whispery_Putdown
so|ItemAudioFXLibrary|resources.assets|28303|_listings[54]._name,Cat_Open,Cat_Open
so|ItemAudioFXLibrary|resources.assets|28303|_listings[55]._name,Door_Open,Door_Open
so|ItemAudioFXLibrary|resources.assets|28303|_listings[56]._name,Fridge_Open,Fridge_Open
so|ItemAudioFXLibrary|resources.assets|28303|_listings[57]._name,MetallicHollow_Open,MetallicHollow_Open
so|ItemAudioFXLibrary|resources.assets|28303|_listings[58]._name,Cat_Close,Cat_Close
so|ItemAudioFXLibrary|resources.assets|28303|_listings[59]._name,Fridge_Close,Fridge_Close
so|ItemAudioFXLibrary|resources.assets|28303|_listings[5]._name,ChairBig_Pickup,ChairBig_Pickup
so|ItemAudioFXLibrary|resources.assets|28303|_listings[60]._name,Door_Close,Door_Close
so|ItemAudioFXLibrary|resources.assets|28303|_listings[61]._name,MetallicHollow_Close,MetallicHollow_Close
so|ItemAudioFXLibrary|resources.assets|28303|_listings[62]._name,Generic_Use,Generic_Use
so|ItemAudioFXLibrary|resources.assets|28303|_listings[63]._name,Cat_Use,Cat_Use
so|ItemAudioFXLibrary|resources.assets|28303|_listings[64]._name,Door_Use,Door_Use
so|ItemAudioFXLibrary|resources.assets|28303|_listings[6]._name,Clock_Pickup,Clock_Pickup
so|ItemAudioFXLibrary|resources.assets|28303|_listings[7]._name,Coin_Pickup,Coin_Pickup
so|ItemAudioFXLibrary|resources.assets|28303|_listings[8]._name,Eerie_Pickup,Eerie_Pickup
so|ItemAudioFXLibrary|resources.assets|28303|_listings[9]._name,Fabric_Pickup,Fabric_Pickup
so|Item|resources.assets|28812|_description,"A SPINE-CHILLING tale of a RENEGADE PRIEST whose KNIFE IS THIRSTY FOR INNOCENT BLOOD.

I wrote this under the name 'Meredith Lux', but here is it under the name 'Spencer Hobson'. Spine-chilling is right. It's painful even to look at the cover. But at least as long as I have it, there's one fewer copy in circulation.","一个令人脊背发凉的恐怖故事：一位背教神父，他的刀渴望无辜者的鲜血。

这本书是我用「梅雷迪斯·勒克斯」这个笔名写的，可如今它却署着「斯宾塞·霍布森」的名字。脊背发凉，一点没错。光是看封面都令人难受。不过，只要这本书还在我手里，市面上就少一本流传。"
so|Item|resources.assets|28812|_label,THE BLOOD IN THE BELFRY,《钟楼滴血》
so|Item|resources.assets|28813|_description,"An unwise play I wrote in London in the twenties. That was the first time I ever ran across the [[Bureau]]. They shut down the production on opening night and pulped every copy.... or, it turns out, almost every copy.",二十年代我在伦敦写的一部不智之作。那是我头一回遇上[[防剿局]]。他们首演之夜就叫停了演出，把每一册存本都化成了纸浆……或者说，如后来所见的，几乎每一册。
so|Item|resources.assets|28813|_label,The Pilgrim Rose,朝圣玫瑰
so|Item|resources.assets|28814|_description,FNORD,FNORD
so|Item|resources.assets|28814|_label,The King Stag (Read),《鹿王》（已读）
so|Item|resources.assets|28815|_label,The King Stag (Unread),《鹿王》（未读）
so|Item|resources.assets|28816|_description,"A leaflet printed in dramatic white text on black background, showing the upcoming route of a travelling carnival.",一张传单，黑底白字，印得醒目张扬，展示着一个巡游嘉年华接下来的行程路线。
so|Item|resources.assets|28816|_label,Rosa Mundi Calendrier,罗莎·蒙迪日历
so|Item|resources.assets|28817|_description,A recent likeness.,一张近照。
so|Item|resources.assets|28817|_label,Photograph: NIna Lagasse,照片：尼娜·拉加斯
so|Item|resources.assets|28818|_description,A State-sanctioned daily paper. The masthead: a wheat-sheaf gethered around the <i>francisque</i> axe of the state.,一份获邦国认可的日报。报头图案：一束麦捆环绕着邦国的那柄<i>法兰西之斧</i>。
so|Item|resources.assets|28818|_label,'The Sheaf',《禾捆报》
so|Item|resources.assets|28819|_description,This envelope is heavily creased: I stuffed it down behind the seat cushion to ensure its contents weren't stolen while I napped.,这信封皱得厉害：我把它塞进座垫底下，免得打盹时里面的东西被人偷走。
so|Item|resources.assets|28819|_label,Large Manila Envelope,大号马尼拉纸信封
so|Item|resources.assets|28820|_label,Testing Papers,测试用纸
so|Item|resources.assets|28821|_description,"'Spencer Hobson: multiple entries Italian Republic, Free Territory of Trieste'. A single sheet of paper, enlivened with the flaming-sword stamp of Supreme Headquarters Allied Expeditionary Force.",「斯宾塞·霍布森：可多次入境意大利共和国、的里雅斯特自由区」。一张单页纸，加盖着盟军远征军最高司令部的火剑印章，显得神气活现。
so|Item|resources.assets|28821|_label,AMG Travel Permit: Italy,AMG 旅行通行证：意大利
so|Item|resources.assets|28823|_description,"A permit for Sylvain Huissier to pass through the Allied zones of occupation in Germany, supposedly issues by the <i>Commandement en chef français en Allemagne</i> at Baden-Baden. A reasonably convincing forgery.",一张准许西尔万·韦西耶通行德国各盟军占领区的通行证，据称由巴登-巴登的<i>法国驻德占领军总司令部</i>签发。算得上相当足以乱真的赝品。
so|Item|resources.assets|28823|_label,"CCFA Travel Permit: Germany, Allied Zone (Counterfeit)",CCFA 旅行通行证：德国，盟军占领区（伪造）
so|Item|resources.assets|28824|_description,"A cramped page of Cyrillic text and overlaid stamps, all in aniline purple of many shades from faded to fresh, and headed with a single silver Star. Most of the text is legible with careful attention to detail, but one layer artfully obscures the next, so that it's almost impossible to trace the detail back to the beginning.",一页挤满西里尔字母文字、叠满层层印章的纸，一律是深浅不一的苯胺紫，从褪色到簇新，页首以一颗银星为冠。用心细看，大部分文字尚可辨认，但一层巧妙地掩着下一层，几乎不可能将细节一路回溯到源头。
so|Item|resources.assets|28824|_label,Ministries Visa (Passable Counterfeit),联盟签证（足以乱真的赝品）
so|Item|resources.assets|28825|_description,"VSTUPNÍ VÍZUM. An official signature on an official stamp adorned by the two-tailed lion of Bohemia. Czechoslovakia is not yet, not quite, not quite yet, a People's Republic. ",入境签证。一枚官方印章上落着官方签名，印章饰以波希米亚的双尾狮。捷克斯洛伐克尚未、还算不上、还远远算不上人民共和国。
so|Item|resources.assets|28825|_label,Czechoslovakian Visa,捷克斯洛伐克签证
so|Item|resources.assets|28828|_description,"Officially known as the 'Identity Card No. 2', issued by tha Allied Council for movement across the four occupation zones in Austria.",正式名称为「第二号身份证」，由盟国对奥委员会签发，供人通行奥地利境内的四个占领区。
so|Item|resources.assets|28828|_label,Grey Pass,灰色通行证
so|Item|resources.assets|28829|_description,BEUTAZÁSI VÍZUM. The aniline-ink stamp is still headed with St Stephen's Crown - no Stars yet.,入境签证。苯胺墨的印章页首仍是圣斯蒂芬之冠——还没有星。
so|Item|resources.assets|28829|_label,Hungarian Visa,匈牙利签证
so|Item|resources.assets|28830|_description,"VISTO D'INGRESSO. The consul's signature adorns a stamp of vivid violet ink: oak, olive, cogwheel, five-pointed star. Valid for multiple entries to the Republic of Italy.",入境签证。领事的签名落在一枚艳紫墨印上：橡树、橄榄枝、齿轮、五角星。可多次入境意大利共和国。
so|Item|resources.assets|28830|_label,Italian Visa,意大利签证
so|Item|resources.assets|28831|_description,A little flecks of silvery metal bonded to black cardstock - supposedly a scrap of an actual Star. The Ministries occupation headquarters in Karlshorst issues these to political officers and senior civilians as badges of identification.,几缕银色的金属碎屑附着在黑色卡纸上——据称是一颗真星的残片。联盟设在卡尔斯霍斯特的占领军总部把这些发给政治军官与高级文职人员，作为身份徽记。
so|Item|resources.assets|28831|_label,Karlshorst Fleck,卡尔斯霍斯特徽片
so|Item|resources.assets|28832|_description,Permission for an 'educational theatre company' to give performances throughout Ministries territory. This will get Rosa Mundi across every border behind the Iron Curtain. Issued by the All-Union Committee on Arts Affairs (under the Ministry of Cherries).,一份准许某个「教育剧团」在联盟全境演出的许可证。凭此，罗莎·蒙迪可以穿过铁幕之后的每一道边境。由全联盟艺术事务委员会签发（隶属樱桃部）。
so|Item|resources.assets|28832|_label,Ministries Touring Performance Permit,联盟巡回演出许可证
so|Item|resources.assets|28833|_description,"'Spencer Hobson: multiple entries Germany, US Zone of Occupation'. A single sheet of paper, enlivened with the flaming-sword stamp.",「斯宾塞·霍布森：可多次入境德国美国占领区」。一张单页纸，加盖着那枚火剑印章，显得神气活现。
so|Item|resources.assets|28833|_label,"OMGUS Travel Permit: Germany, US Zone of Occupation",OMGUS 旅行通行证：德国，美国占领区
so|Item|resources.assets|28834|_description,"A pre-war passport in the name of Mr Spencer Hobson. My place of birth is given as Kerisham, in England.

It's a real passport, but the government's changed the law, and it might not be valid much longer.","一本战前护照，持有人为斯宾塞·霍布森先生。出生地一栏写的是英格兰的凯尔伊苏姆。

这是一本真护照，但政府已经改了法律，它也许再过不久就失效了。"
so|Item|resources.assets|28834|_label,British Passport,英国护照
so|Item|resources.assets|28835|_description,A passable counterfeit in the name of François Isnard. The name is clumsily printed and difficult for a lazy official to read accurately at a casual glance. It might draw the attention of a more scrupulous official.,一本署名弗朗索瓦·伊斯纳尔的赝品，足以乱真。名字印得笨拙，懒散的官员草草一瞥很难读准。若是遇上较真的官员，恐怕会引来注意。
so|Item|resources.assets|28835|_label,French State Passport (Passable Counterfeit),法兰西邦国护照（足以乱真的赝品）
so|Item|resources.assets|28836|_description,"A pre-war passport in the name of M. Sylvain [[Huissier]]. My place of birth is given as Paris. That much is true, as far as I know, but it's not a name I often use. It can be convenient to travel as a Frenchman, but I can't legally be a citizen of both Britain and France.

It carries a consular stamp in purple aniline ink, confirming that the Fourth Republic recognises me as a citizen. Both the passport and the stamp are forgeries, but they're good ones. They'll get me across the Republic border unless I'm very unlucky.","一本战前护照，持有人为西尔万·[[韦西耶]]先生。出生地一栏写的是巴黎。就我所知，那部分属实，但这并非我常用的名字。以法国人的身份旅行有时颇为方便，可我无法合法地同时身为英国与法国的公民。

护照上有一枚紫色苯胺墨的领事印章，确认第四共和国承认我为公民。护照和印章都是伪造的，但都是上好的伪造。除非我倒霉到家，否则它们足以带我越过共和国的边境。"
so|Item|resources.assets|28836|_label,Third Republic Passport (Endorsed),第三共和国护照（已签注）
so|Item|resources.assets|28837|_description,"A pre-war passport in the name of M. Sylvain [[Huissier]]. My place of birth is given as Paris. That much is true, as far as I know, but it's not a name I often use. It can be convenient to travel as a Frenchman, but I can't legally be a citizen of both Britain and France.

So the passport is a forgery - and the Republic has issued new ones anyway, leaving it invalid. Everything's changed since the Wars.","一本战前护照，持有人为西尔万·[[韦西耶]]先生。出生地一栏写的是巴黎。就我所知，那部分属实，但这并非我常用的名字。以法国人的身份旅行有时颇为方便，可我无法合法地同时身为英国与法国的公民。

所以这本护照是伪造的——何况共和国反正也换了新护照，它已经失效。自战争以来，一切都变了。"
so|Item|resources.assets|28837|_label,Third Republic Passport (Invalid),第三共和国护照（已失效）
so|Item|resources.assets|28838|_description,"WIZA WJAZDOWA. The stamp is not aniline purple, but something vivid red, with the white eagle a pale shape at its core.",入境签证。印章不是苯胺紫，而是一种鲜亮的红，白鹰在正中凝成一抹淡影。
so|Item|resources.assets|28838|_label,Polish Visa,波兰签证
so|Item|resources.assets|28839|_description,VIZĂ DE INTRARE. The arms of the People's Republic of Romania: a tractor before three factory chimneys crowned with smudges of smoke. A Star rises behind the horizon - tinted with something silverier than the aniline violet of the stamp.,入境签证。罗马尼亚人民共和国的国徽：一台拖拉机，三根工厂烟囱立于其前，顶上笼着缕缕烟痕。一颗星自地平线后升起——染着比印章的苯胺紫更银亮的光泽。
so|Item|resources.assets|28839|_label,Romanian Visa,罗马尼亚签证
so|Item|resources.assets|28840|_description,"VISADO DE ENTRADA. The consul's signature adorns a stamp of vivid violet ink - yoke, arrows, eagle, and the Pillars of Hercules. Look close enough, and there's a tiny radiance at the top of each pillar, like a candle flame.",入境签证。领事的签名落在一枚艳紫墨印上——轭、箭、鹰，以及赫拉克勒斯之柱。凑近细看，每根柱顶都有一点微光，仿佛烛焰。
so|Item|resources.assets|28840|_label,Spanish Visa,西班牙签证
so|Item|resources.assets|28842|_description,"The letter confirms that its bearer, Père Laiton, has the diocese's authorisation to pursue matters concerning the medical records of his one-time parishioner, Liliane Huissier. It carries the stamp of the episcopal chancery. It's easily good enough to convince someone who doesn't spend much time looking at episcopal chancery stamps.",这封信确认持信人黄铜神父获得教区授权，可处理其昔日教区居民莉莉安·韦西耶的医疗档案事宜。信上盖着主教府的公章。对不常细看主教府公章的人来说，它足以乱真。
so|Item|resources.assets|28842|_label,Forged Letter from Bishop of Nantes,伪造的南特主教信函
so|Item|resources.assets|28843|_description,"A soggy mess of identity cards and mulched ration books, scavenged from the Dead of Kerisham beach.",一堆湿透的身份证件与沤烂成浆的配给簿，是从凯尔伊苏姆海滩的亡者身上捡来的。
so|Item|resources.assets|28843|_label,Drowned Papers,溺亡者的文件
so|Item|resources.assets|28844|_description,"A letter from Maître Argant to Madame Zelia, in a slim sky-blue envelope that smells like Argant itself.",一封阿尔冈律师写给泽莉亚夫人的信，装在一个纤薄的天蓝色信封里，信封带着阿尔冈自身的气息。
so|Item|resources.assets|28844|_label,Letter from Argant to Zèlia,阿尔冈致泽莉亚的信
so|Item|resources.assets|28845|_description,"A letter from Maître Argant to Madame Zelia, folded in quarters and labelled ZIELA MY LOVE in Juliusz' barely-readable scrawl. He has adorned it with hearts, kisses, and little pictures of friendly wasps.",一封阿尔冈律师写给泽莉亚夫人的信，折成四折，尤利乌什以几乎认不出的潦草笔迹写着「吾爱泽莉亚」。他还在信上点缀了心形、亲吻记号，以及一幅幅友善黄蜂的小画。
so|Item|resources.assets|28845|_label,Letter from Juliusz to Zèlia,尤利乌什致泽莉亚的信
so|Item|resources.assets|28846|_description,"A letter from Max Mustermann to Madame Zelia, in a white envelope lettered with punctilious copperplate care.",一封马克斯·穆斯特曼写给泽莉亚夫人的信，装在一个白色信封里，信封上的字是一笔不苟的铜版体。
so|Item|resources.assets|28846|_label,Letter from Max to Zèlia,马克斯致泽莉亚的信
so|Item|resources.assets|28847|_description,"A list of names once used by the missing and dead, recovered to apply to the Dead of Kerisham.",一份名单，收着失踪者与亡者生前用过的名字，如今被寻回，安到凯尔伊苏姆的亡者身上。
so|Item|resources.assets|28847|_label,List of Repurposed Names,复用名字清单
so|Item|resources.assets|28848|_description,"A long list of carefully constructed names, each chosen for a face on the beach, with another dozen for latecomers. It'll literally n ever make any difference to anyone except me.",一长串精心构造的名字，海滩上的每张面孔都有一个，另备了一打给后来者。除了我，它永远不会对任何人产生任何影响——字面意义上的。
so|Item|resources.assets|28848|_label,Painstaking List of Invented Names,煞费苦心的杜撰名单
so|Item|resources.assets|28849|_description,A neatly wrapped parcel containing a new Outfit.,一份包装齐整的包裹，内有一件新行头。
so|Item|resources.assets|28849|_label,Package: Father's Day,包裹：父亲节
so|Item|resources.assets|28850|_description,"An order for a knitted vest, shirt and tie, practical and respectable, made to measure. [The package will appear in your inventory after you travel to another city.]",一份量身定做的订单：针织背心、衬衫与领带，实用且体面。[旅行到另一座城市后，包裹会出现在你的物品栏中。]
so|Item|resources.assets|28850|_label,Order: Father's Day,订单：父亲节
so|Item|resources.assets|28851|_description,"My old Légion uniform, meticulously mended by the elder Janvier.",我昔日的军团制服，由年长的让维耶一针一线精心补缀而成。
so|Item|resources.assets|28851|_label,Package: Honneur et Humanité,包裹：荣誉与人性
so|Item|resources.assets|28852|_label,Package: Man of Mystery,包裹：神秘男子
so|Item|resources.assets|28853|_description,"An order for a dark jacket and trousers, made to measure. [The package will appear in your inventory after you travel to another city.]",一份量身定做的订单：深色夹克与长裤。[旅行到另一座城市后，包裹会出现在你的物品栏中。]
so|Item|resources.assets|28853|_label,Order: Man of Mystery,订单：神秘男子
so|Item|resources.assets|28854|_label,Package: Summer Frivolity,包裹：夏日闲情
so|Item|resources.assets|28855|_description,"An order for a light summer blazer and trousers, made to measure. [The package will appear in your inventory after you travel to another city.]",一份量身定做的订单：轻薄的夏日西装外套与长裤。[旅行到另一座城市后，包裹会出现在你的物品栏中。]
so|Item|resources.assets|28855|_label,Order: Summer Frivolity,订单：夏日闲情
so|Item|resources.assets|28856|_label,Package: Trenchcoat Brigade,包裹：风衣纵队
so|Item|resources.assets|28857|_description,"An order for warm winter clothing, made to measure. [The package will appear in your inventory after you travel to another city.]",一份量身定做的订单：保暖的冬装。[旅行到另一座城市后，包裹会出现在你的物品栏中。]
so|Item|resources.assets|28857|_label,Order: Trenchcoat Brigade,订单：风衣纵队
so|Item|resources.assets|28858|_description,"An alchemical preparation used to purge and purify. It refreshes Edge and Lantern aspects, and is necessary for higher-level crafting recipes.",一种用于涤除与净化的炼金制剂。它能恢复刃与灯性相，也是更高阶炼制配方所必需。
so|Item|resources.assets|28858|_label,Kathartikon,卡塔尔提孔
so|Item|resources.assets|28859|_description,"An alchemical preparation with the double-edge power of the threshold. It refreshes Knock and Rose aspects, and is necessary for higher-level crafting recipes.

[Labrikon can also be used in some actions to open the way to liminal spaces like the edge of dream. Don't consume it if you plan to use it for that.]","一种具有门阈双刃之力的炼金制剂。它能恢复启与引性相，也是部分更高阶炼制配方所必需。

[在某些行动中，拉布里孔也可用来开辟通往阈限空间的道路，比如梦境边缘。若打算这样用，就不要服用它。]"
so|Item|resources.assets|28859|_label,Labrikon,拉布里孔
so|Item|resources.assets|28860|_description,"An alchemical preparation intended to poison, to cure, or to stimulate. It refreshes Heart and Grail aspects, and is necessary for some higher-level crafting recipes.

[Pharmakon can also be used in some actions to drug or to cure others, if you have the skills. Don't consume it if you plan to use it for that.]","一种本可用于下毒、治病或催激的炼金制剂。它能恢复心与杯性相，也是部分更高阶炼制配方所必需。

[若你技艺足够，在某些行动中，法尔马孔也可用来迷倒或救治他人。若打算这样用，就不要服用它。]"
so|Item|resources.assets|28860|_label,Pharmakon,法尔马孔
so|Item|resources.assets|28861|_description,"An alchemical preparation used to quieten or madden. It refreshes Moth and Winter aspects, and is necessary for some higher-level crafting recipes.",一种用于使人静默或使人疯狂的炼金制剂。它能恢复蛾与冬性相，也是部分更高阶炼制配方所必需。
so|Item|resources.assets|28861|_label,Trygikon,特里吉孔
so|Item|resources.assets|28863|_description,"The proud but ailing [[currency]] of the proud but failing Empire. Not as widely accepted as Incorporate dollars or Swiss francs. But better than francisques or ostmarks.

A pound's worth about four dollars.","骄傲却日渐衰颓的帝国那骄傲却病入膏肓的[[货币]]。不像集团美元或瑞士法郎那样广受欢迎。但比法兰西斧币或东德马克强些。

一英镑约值四美元。"
so|Item|resources.assets|28863|_label,Sterling,英镑
so|Item|resources.assets|28864|_description,"The Allies suddenly issued their new [[currency]]... and overnight the old Reichsmarks were useless outside the Eastern sector of Berlin. To stave off inflation, Ministry clerks sanctioned a limited number of Reichsmarks by attaching little Star-watched adhesive coupons, and these became the Eastern currency. It held the line against hyperinflation, but the Ostmark is only worth about half a D-Mark, and the coupons come off in the rain.

The Stars may now agree to issue their onteiristically flawless <i>dolya</i> in East Berlin now. But that would be an escalation that might force the Incorporates' hand in turn. No-one is ready for a third war.

Roughly six ostmarks to the dollar.","盟军忽然发行了他们的新[[货币]]……一夜之间，旧帝国马克在柏林东区之外统统成了废纸。为遏制通货膨胀，联盟的职员们给一批帝国马克贴上印有小星守望图样的附票予以认可，这批马克便成了东区货币。它守住了恶性通胀的堤线，但东德马克只值大约半个西德马克，而且附票一淋雨就会脱落。

群星如今或许会同意在东柏林发行他们那在梦境学意义上无懈可击的<i>多利亚</i>。但那将是升级之举，反过来可能逼得集团不得不摊牌。没有人准备好迎接第三次战争。

大约六东德马克兑一美元。"
so|Item|resources.assets|28864|_label,Ostmark,东德马克
so|Item|resources.assets|28865|_description,"The [[currency]] of the French Republic, graced by the profile of Marianne, its personification. 'LIBERTY, EQUALITY, FRATERNITY.' Don't be caught with these in the French State. They're prickly about their currency down there.

The franc, like the francisque, trades at about two hundred to the dollar.","法兰西共和国的[[货币]]，币面饰有其拟人化身玛丽安娜的侧影。「自由、平等、博爱。」别在法兰西邦国境内被人搜出这些。那边的人对自己货币的事可计较得很。

法郎与法兰西斧币一样，约莫两百兑一美元。"
so|Item|resources.assets|28865|_label,New Franc,新法郎
so|Item|resources.assets|28866|_description,"The official [[Ministries]] currency - more than that, the currency of the Great Exchange, the mutual bank guaranteed by Stars themselves. Utterly reliable incarnation of Icarian-Proudhonist mutualism; onteiriologically perfect reflection of the value of labour; a means of exchange guaranteed not by gold or by silver, but by the fate-synthesis of the shining fellow-travellers from outside the sky. Universally accepted in the Soviet sphere, utterly forbidden in the West.

One dollar will get you four doli, if you can find someone to make the exchange.","[[联盟]]的官方货币——不止于此，它还是大汇兑所的货币，那家由群星亲自担保的互助银行。它是伊加利亚—蒲鲁东式互助主义绝无偏差的化身；是劳动价值的梦境学完美映照；是一种不以黄金或白银、而以天外闪耀的同路者们的命运合成为担保的交换媒介。在苏联势力范围内普受接纳，在西方则绝对禁止。

一美元能换四多利亚——前提是你能找到愿意做成这笔兑换的人。"
so|Item|resources.assets|28866|_label,Dolya,多利亚
so|Item|resources.assets|28867|_description,"The [[currency]] of the French State, named for the double-headed axe which serves the State as its symbol. 'WORK, FAMILY, HOMELAND.'

The francisque, like the franc, trades at about two hundred to the dollar.","法兰西邦国的[[货币]]，得名于那柄充当邦国象征的双头斧。「劳动、家庭、祖国。」

法兰西斧币与法郎一样，约莫两百兑一美元。"
so|Item|resources.assets|28867|_label,Francisque,法兰西斧币
so|Item|resources.assets|28868|_description,"Everyone in Europe knows that the unimpeachable value of their [[currency]]. Even on the eastern side of the Iron Curtain, even legitimate businesses will quietly accept payment in Swiss francs.

It <I>is</i> odd that the Ministries permit use of a gold-backed currency in their mutualist paradise. But there has been something opaque happening in Switzerland, ever since the Alps grew colder.

One Swiss franc is worth about one dollar.","欧洲人人都知道，他们的[[货币]]价值无可指摘。即使在铁幕东侧，即使是正当生意，也会默不作声地接受瑞士法郎付款。

联盟竟允许在其互助主义乐园中使用金本位货币，这<I>确实</i>奇怪。但自阿尔卑斯山变冷以来，瑞士境内一直有某种晦暗不明的事在发生。

一瑞士法郎约值一美元。"
so|Item|resources.assets|28868|_label,Swiss Franc,瑞士法郎
so|Item|resources.assets|28869|_description,"The Corona-touched [[currency]] of the United States, buttery smooth beneath the fingertips, faintly luminous even in darkness. Much valued in the wilder hinterlands of Europe as a talisman of onteirological stability. The new five dollar bill is sometimes nailed above doors to invoke the protection the one whose likeness it bears - Barkley, who is both President and Incorporate.

Every other currency's value is expressed in terms of the dollar. Heaven bless America.","美国那种被冕触及的[[货币]]，指尖抚过如奶油般滑顺，即使在黑暗中也会发出微光。在欧洲更蛮荒的内地，它作为梦境学稳定的护符而备受珍视。崭新的五美元钞票有时会被钉在门楣之上，以祈求钞票上那位形象的庇护——巴克利，他既是总统，也是集团成员。

所有其他货币的价值都以美元计。天佑美利坚。"
so|Item|resources.assets|28869|_label,Dollar,美元
so|Item|resources.assets|28870|_description,"Crisp new Deutsche Mark - the [[currency]] printed under Incorporate aegis to succeed the tainted and inflated Reichsmark. Bane of the black market; seed of the Blockade; worth twice an ostmark, or about a third of a dollar.",崭新挺括的德国马克——在集团庇护下印制的[[货币]]，用以接替那已被玷污、通胀肆虐的帝国马克。它是黑市之灾；是封锁之种；价值抵两枚东马克，或约三分之一美元。
so|Item|resources.assets|28870|_label,D-Mark,德国马克
so|Item|resources.assets|28871|_description,"A seven-inch cigar of the highest quality, painstakingly rolled in Havana by a master torcedor, ready to be incited by fire's touch to a choking cloud of smoke. Easily worth a dollar on the black market.",一支七英寸长的顶级雪茄，由哈瓦那的卷烟大师一丝不苟地卷成，只待火焰一触，便化作一团呛人的烟雾。在黑市上轻易能值一美元。
so|Item|resources.assets|28871|_label,Romeo y Juliet Churchill Cigar,罗密欧与朱丽叶·丘吉尔型雪茄
so|Item|resources.assets|28872|_description,"A genuine Incorporate cigarette. This far from the US, a dollar might get you ten cigarettes on the black market. In Europe, it's almost a [[currency]]. ",一支货真价实的集团香烟。在离美国这么远的地方，一美元在黑市上也许能换来十支香烟。在欧洲，它几乎就是一种[[货币]]。
so|Item|resources.assets|28872|_label,Bonanza Cigarette,博南扎香烟
so|Item|resources.assets|28873|_description,A hand-picked spray of eglantine.,一枝手摘的犬蔷薇。
so|Item|resources.assets|28873|_label,Eglantine,犬蔷薇
so|Item|resources.assets|28875|_description,"'Socrates,, having walked about, when he said that his legs were growing heavy, lay down on his back... he said that when the poison reached his heart, he would leave us.'

In Europe, since the Wars, there's no shortage of deaths, but this is among the gentler ones.

","『苏格拉底，走动一番之后，说他的双腿渐渐沉重，便仰面躺下……他说，当毒药抵达心脏时，他就要离开我们了。』

战争以来的欧洲从不缺少死亡，但这算是其中比较温和的一种。

"
so|Item|resources.assets|28875|_label,Hemlock,毒芹
so|Item|resources.assets|28876|_description,All that dazzles is golden.,凡眩目者，皆为金色。
so|Item|resources.assets|28876|_label,Influence: Corona's Promise,影响：冕之诺
so|Item|resources.assets|28877|_description,Intimations of anger; the storm-clouds of struggle.,愤怒的预兆；争斗的乌云。
so|Item|resources.assets|28877|_label,Influence: Edge,影响：刃
so|Item|resources.assets|28878|_description,The possibility of sparks; a heat that alters.,火花萌生的可能；一种会改变的热。
so|Item|resources.assets|28878|_label,Influence: Forge,影响：铸
so|Item|resources.assets|28879|_description,The Stars are bright here.,此处的群星格外明亮。
so|Item|resources.assets|28879|_label,Influence: Gleam's Gift,影响：烁之赐
so|Item|resources.assets|28880|_description,Heightened appetite; deepened sensation.,更盛的渴望；更深的感受。
so|Item|resources.assets|28880|_label,Influence: Grail,影响：杯
so|Item|resources.assets|28881|_description,Reassurance in motion.,律动中的慰藉。
so|Item|resources.assets|28881|_label,Influence: Heart,影响：心
so|Item|resources.assets|28882|_description,Clouds part; wounds creak; doors strain.,云层分开；伤口吱嘎作响；门扉绷紧。
so|Item|resources.assets|28882|_label,Influence: Knock,影响：启
so|Item|resources.assets|28883|_description,"Every colour is brighter, but the brightest colours bleed towards white.",每一种颜色都更加明亮，但最明亮的颜色都向白色渗去。
so|Item|resources.assets|28883|_label,Influence: Lantern,影响：灯
so|Item|resources.assets|28884|_description,Brains buzz; skins shift; passions part like leaves.,头脑嗡嗡作响；皮肤悄然变幻；激情如叶四散。
so|Item|resources.assets|28884|_label,Influence: Moth,影响：蛾
so|Item|resources.assets|28885|_description,"Choices prowled by possibility; a sense of horizons.

[Rose influences are the only influences that don't fade on Travel.]","被可能性蹑足环绕的选择；地平线的感觉。

[引的影响是唯一不会在旅行中消退的影响。]"
so|Item|resources.assets|28885|_label,Influence: Rose,影响：引
so|Item|resources.assets|28886|_description,A deadening chill; an expectation of silence; the apprehension of frost.,令人死寂的寒意；对寂静的期许；对霜冻的预感。
so|Item|resources.assets|28886|_label,Influence: Winter,影响：冬
so|Item|resources.assets|28887|_description,"Something uncomfortable.
","某种令人不适的东西。
"
so|Item|resources.assets|28887|_label,Memory: Contradiction,回忆：矛盾
so|Item|resources.assets|28888|_description,"''The oldest and strongest emotion of mankind is fear, and the oldest and strongest kind of fear is fear of the unknown.' - Lovecraft",『人类最古老、最强烈的情感是恐惧，而最古老、最强烈的恐惧，是对未知的恐惧。』——洛夫克拉夫特
so|Item|resources.assets|28888|_label,Memory: Fear,回忆：恐惧
so|Item|resources.assets|28889|_description,"''Wit's forge and fire-blast, meaning's press and screw.' - Coleridge, 'On Donne's Poetry'",『机智的锻炉与火风，意义的压机与螺钉。』——柯勒律治，《论多恩的诗》
so|Item|resources.assets|28889|_label,Memory: Foresight,回忆：先见
so|Item|resources.assets|28890|_description,It doesn't exactly make sense - but I understand it anyway.,它说不太通——但我还是明白了。
so|Item|resources.assets|28890|_label,Memory: Impulse,回忆：冲动
so|Item|resources.assets|28891|_description,But it might mean nothing at all...,但它或许什么也不意味着……
so|Item|resources.assets|28891|_label,Memory: Intuition,回忆：直觉
so|Item|resources.assets|28892|_description,"''The Moth, the Grail, and the Egg Unhatching all tell different stories of the world's beginning. One of those stories is the oldest, but it may not be the first.' - Abbess Nonna, [[Abbey of St Brandan]]",『飞蛾、赤杯与逆孵之卵，对世界的开端各有各的讲述。其中一则故事最为古老，但它也许并非最先。』——诺娜院长，[[圣布伦丹修道院]]
so|Item|resources.assets|28892|_label,Memory: Paradox,回忆：悖论
so|Item|resources.assets|28893|_description,Every choice has its shadow.,每一个选择都有它的阴影。
so|Item|resources.assets|28893|_label,Memory: Regret,回忆：悔恨
so|Item|resources.assets|28894|_description,"Some truths come to us from outside, or above - the Church would say, from the Hours of the Sun. Practical people write these truths down.",有些真理从外部、或从上方来到我们这里——教会会说，它们来自太阳诸司辰。务实的人会把这些真理写下来。
so|Item|resources.assets|28894|_label,Memory: Revelation,回忆：启示
so|Item|resources.assets|28895|_description,"Some appetites are easier to satisfy than others.
","有些渴望比别的更容易满足。
"
so|Item|resources.assets|28895|_label,Memory: Satisfaction,回忆：满足
so|Item|resources.assets|28896|_description,The wound is visible; the pain is not. ,伤口看得见；疼痛看不见。
so|Item|resources.assets|28896|_label,Memory: Scar,回忆：伤疤
so|Item|resources.assets|28897|_description,Green scents recall rain. Stronger scents recall the ozone of storms.,青绿的气味让人想起雨水。更强烈的气味让人想起风暴的臭氧。
so|Item|resources.assets|28897|_label,Memory: Scent,回忆：气味
so|Item|resources.assets|28898|_description,"After trouble, remember peace.",烦扰过后，记得平静。
so|Item|resources.assets|28898|_label,Memory: Solace,回忆：慰藉
so|Item|resources.assets|28899|_description,Something overheard in dreams? Or just something that shouldn't really be in the Wake?,是在梦中偷听到的什么吗？还是某种本不该存在于醒世的什么？
so|Item|resources.assets|28899|_label,Memory: A Stolen Secret,回忆：窃来的秘密
so|Item|resources.assets|28900|_description,Craft is learnt through the tips of the fingers.,手艺是通过指尖学会的。
so|Item|resources.assets|28900|_label,Memory: Touch,回忆：触感
so|Item|resources.assets|28901|_description,"When the feast of the Sun's Resurrection came to Brancrug, the rectory was still cold - those old stone walls, thick as a castle's - and with no housekeeper, I had to lay my own fire... 

Recall <link=""mypastanastasis"">My Past: Anastasis, Brancrug, 1920</link>","太阳复活的庆典降临布兰库格时，牧师寓所仍透着寒气——那些古老的石墙，厚如城堡——又没有管家，我只得自己生火……

追忆 <link=""mypastanastasis"">我的过去：复活，布兰库格，1920年</link>"
so|Item|resources.assets|28901|_label,"Memory: Anastasis, Brancrug, 1920",回忆：复活，布兰库格，1920年
so|Item|resources.assets|28902|_description,"Temples of ice, cobbies gleaming amber, knives of nerveless acuteness, a cage of coral...

Recall <link=""mypasteveofstdahutys1942"">My Past: Eve of St Dahut, Ys, 1940 (?)</link>","冰的圣殿，泛着琥珀光泽的卵石，锋利得毫无知觉的刀，一座珊瑚的牢笼……

追忆 <link=""mypasteveofstdahutys1942"">我的过去：圣达于特节前夜，伊苏，1940年（？）</link>"
so|Item|resources.assets|28902|_label,"Memory: Eve of St Dahut, Ys, 1940 (?)",回忆：圣达于特节前夜，伊苏，1940年（？）
so|Item|resources.assets|28903|_description,"The campfire flames were bright as hair-ribbons, the night before we met the men of the Lion in battle, and the moon a scarred and naked knife... 

Recall <link=""mypasteveofstjamesthegreater"">My Past: Eve of St James the Greater, Khorasan, 1934</link>","营火的火焰亮如发带——那是我们与狮子的人马交战的前夜——月亮像一把伤痕累累、裸露无鞘的刀……

追忆 <link=""mypasteveofstjamesthegreater"">我的过去：圣大雅各节前夜，呼罗珊，1934年</link>"
so|Item|resources.assets|28903|_label,"Memory: Eve of St James the Greater, Khorasan, 1934",回忆：圣大雅各节前夜，呼罗珊，1934年
so|Item|resources.assets|28904|_description,"I'd been out drinking with Teresa and Christopher, and when I came back to my rooms, the quiet men of the [[Bureau]] were waiting... 

Recall <link=""mypastlammastide"">My Past: Lammastide, Camden Lock, 1925</link>","我和特蕾莎、克里斯托弗在外头喝了一夜的酒，回到住处时，[[防剿局]]那些沉默的人已经等着我了……

追忆 <link=""mypastlammastide"">我的过去：收获节，卡姆登船闸，1925年</link>"
so|Item|resources.assets|28904|_label,"Memory: Lammastide, Camden Lock, 1925",回忆：收获节，卡姆登船闸，1925年
so|Item|resources.assets|28905|_description,"My third and last Brancrug autumn, when the days shrank and the storms beat at the coast...

Recall  <link=""mypastmichaelmas"">My Past: Michaelmas, Brancrug, 1921</link>","我在布兰库格的第三个、也是最后一个秋天，白昼渐短，风暴拍打着海岸……

追忆 <link=""mypastmichaelmas"">我的过去：米迦勒节，布兰库格，1921年</link>"
so|Item|resources.assets|28905|_label,"Memory: Michaelmas, Brancrug, 1921",回忆：米迦勒节，布兰库格，1921年
so|Item|resources.assets|28906|_description,"I don't remember much of how it was, when the Worms were in me...

Recall  <link=""mypaststagneseve"">My Past: St Agnes' Eve, 1937 (?)</link>","蠕虫在我体内时是何种光景，我已记不太清……

追忆 <link=""mypaststagneseve"">我的过去：圣阿格尼丝节前夜，1937年（？）</link>"
so|Item|resources.assets|28906|_label,"Memory: St Agnes' Eve, 1937 (?)",回忆：圣阿格尼丝节前夜，1937年（？）
so|Item|resources.assets|28907|_description,"I liked the painted nights on the stage, for the gasps of the audience and the absence of uncertainty.

Recall <link=""mypaststbrazenseve"">My Past: St Brazen's Eve, 1924</link>","我喜欢舞台上的彩绘之夜，为的是观众的惊叹，也为那份没有不确定性的时光。

追忆 <link=""mypaststbrazenseve"">我的过去：圣黄铜节前夜，1924年</link>"
so|Item|resources.assets|28907|_label,"Memory: St Brazen's Eve, 1924",回忆：圣黄铜节前夜，1924年
so|Item|resources.assets|28908|_description,"The first thing I saw, when I opened my new eyes in [[Alexandria]], was Stanislav's face.

Recall <link=""mypaststcatherineseve"">My Past: St Catherine's Eve, Alexandria, 1948</link>","在[[亚历山大港]]睁开我这双新眼睛时，我见到的第一样东西，是斯坦尼斯拉夫的脸。

追忆 <link=""mypaststcatherineseve"">我的过去：圣凯瑟琳节前夜，亚历山大港，1948年</link>"
so|Item|resources.assets|28908|_label,"Memory: St Catherine's Eve, Alexandria, 1948",回忆：圣凯瑟琳节前夜，亚历山大港，1948年
so|Item|resources.assets|28909|_description,"Chez Bricktop: Coca-Cola and the Quintette du Hot Club like the world's heart pumping...

Recall <link=""mypaststdjangoseve"">My Past: St Django's Eve, Rue Pigalle, 1930</link>","布里克托普之家：可口可乐，还有热俱乐部五重奏，就像世界的心脏在搏动……

追忆 <link=""mypaststdjangoseve"">我的过去：圣姜戈节前夜，皮加勒街，1930年</link>"
so|Item|resources.assets|28909|_label,"Memory: St Django's Eve, Rue Pigalle, 1930",回忆：圣姜戈节前夜，皮加勒街，1930年
so|Item|resources.assets|28910|_description,"On nights of the new moon, sometimes I found myself back at the Ecdysis Club...

Recall <link=""mypaststkallisteseve"">My Past: St Kalliste's Eve, London, 1923</link>","新月之夜，我有时会发觉自己又回到了蜕皮俱乐部……

追忆 <link=""mypaststkallisteseve"">我的过去：圣卡利斯特节前夜，伦敦，1923年</link>"
so|Item|resources.assets|28910|_label,"Memory: St Kalliste's Eve, London, 1923",回忆：圣卡利斯特节前夜，伦敦，1923年
so|Item|resources.assets|28911|_description,"One summer Saturday, in my first year as parish priest...

Recall <link=""mypaststmelanctheseve"">My Past: St Melancthe's Eve, Brancrug, 1919</link>","我任堂区神父的第一年，某个夏日的周六……

追忆 <link=""mypaststmelanctheseve"">我的过去：圣梅兰克西节前夜，布兰库格，1919年</link>"
so|Item|resources.assets|28911|_label,"Memory: St Melancthe's Eve, Brancrug, 1919",回忆：圣梅兰克西节前夜，布兰库格，1919年
so|Item|resources.assets|28912|_description,"I was the youngest chaplain in the regiment, but Father Schaller had taken me under his wing... 

Recall <link=""mypaststoulioseve"">My Past: St Oulio's Eve, Cambray, 1919</link>","我是团里最年轻的随军神父，但沙勒神父已将我护在羽翼之下……

追忆 <link=""mypaststoulioseve"">我的过去：圣欧利奥节前夜，康布雷，1919年</link>"
so|Item|resources.assets|28912|_label,"My Past: St Oulio's Eve, Cambray, 1919",我的过去：圣欧利奥节前夜，康布雷，1919年
so|Item|resources.assets|28913|_description,"October in [[Brancrug]], the last year before the war. Dusk-purple heather, grey-growling sea...

Recall <link=""mypaststreparataseve"">My Past: St Reparata's Eve, Brancrug, 1938</link>","[[布兰库格]]的十月，战前最后一年。暮紫色的石楠，灰蒙蒙低吼的海……

追忆 <link=""mypaststreparataseve"">我的过去：圣雷帕拉塔节前夜，布兰库格，1938年</link>"
so|Item|resources.assets|28913|_label,"Memory: St Reparata's Eve, Brancrug, 1938",回忆：圣雷帕拉塔节前夜，布兰库格，1938年
so|Item|resources.assets|28914|_description,"I left the Légion when my five years were done. I didn't think anything could be worse than the Rung Ma or Khorasan... 

Recall <link=""mypaststrobigoseve"">My Past: St Robigo's Eve, Gladwyn Lake, 1935</link>","五年期满后，我离开了军团。我曾以为，没有什么会比朗玛或呼罗珊更糟……

追忆 <link=""mypaststrobigoseve"">我的过去：圣罗比戈节前夜，格拉德温湖，1935年</link>"
so|Item|resources.assets|28914|_label,"Memory: St Robigo's Eve, Gladwyn Lake, 1935",回忆：圣罗比戈节前夜，格拉德温湖，1935年
so|Item|resources.assets|28915|_description,"I had gone from the stinking dankness of the orphanage into the clean narrow chill of the minor seminary...

Recall <link=""mypastststephenseve"">My Past: St Stephen's Eve, Paris, 1907</link>","我从孤儿院那股发臭的潮闷中，走进小修院那干净、狭窄的寒意……

追忆 <link=""mypastststephenseve"">我的过去：圣司提反节前夜，巴黎，1907年</link>"
so|Item|resources.assets|28915|_label,"Memory: St Stephen's Eve, Paris, 1907",回忆：圣司提反节前夜，巴黎，1907年
so|Item|resources.assets|28916|_description,"We all of us went stamping out from the cold rooms and the great pool of Bart's, into the meat markets where we saw again the things that are decently hidden beneath the skin...

Recall <link=""mypaststtheophrastuseve"">My Past: St Theophrastus' Eve, Smithfield, 1927</link>","我们一行人踏着重重的步子，走出巴茨冰冷的房间和那巨大的血池，走进肉市场，在那里我们又看见了那些体面地藏在皮肤底下的东西……

追忆 <link=""mypaststtheophrastuseve"">我的过去：圣泰奥弗拉斯托斯节前夜，史密斯菲尔德，1927年</link>"
so|Item|resources.assets|28916|_label,"Memory: St Theophrastus' Eve, Smithfield, 1927",回忆：圣泰奥弗拉斯托斯节前夜，史密斯菲尔德，1927年
so|Item|resources.assets|28917|_description,"These were the years I drifted fleshless through the Bounds,那些年月里，我无形无体地漂过边境，瘦如雨丝，空如肥皂泡……

追忆 <link="mypastviaticum">我的过去：临终圣餐，边境，1942-1946年（？）</link>

Recall <link=""mypastviaticum"">My Past: Viaticum, the Bounds, 1942-1946 (?)</link>","那些年月里，我无形无体地漂过边界之地，瘦如雨丝，空如肥皂泡……

追忆 <link=""mypastviaticum"">我的过去：临终圣餐，边界之地，1942-1946年（？）</link>"
so|Item|resources.assets|28917|_label,"Memory: Viaticum,回忆：临终圣餐，边境，1942-1946年（？）
so|Item|resources.assets|28918|_description,"A hand-picked bunch, loosely tied with string.",一束手摘的玫瑰，用细绳松松扎着。
so|Item|resources.assets|28918|_label,Red Roses,红玫瑰
so|Item|resources.assets|28919|_description,A tiny cup of fierce black coffee beneath a whipped cream quiff.,一小杯浓烈的黑咖啡，顶着一撮翘起的奶油尖。
so|Item|resources.assets|28919|_label,Viennese Coffee,维也纳咖啡
so|Item|resources.assets|28920|_description,"Real eggs, not powdered, are hard to come by in these times. But here they are - and crunchy!",如今这些年头，真鸡蛋——不是蛋粉——可不易得。但它们就在这里——而且酥脆！
so|Item|resources.assets|28920|_label,Egg Croquettes,鸡蛋可乐饼
so|Item|resources.assets|28921|_description,"Vanilla, custard, and meringue, landscaped and caramelled: a Claridge's speciality.",香草、蛋奶糊与蛋白霜，摆盘成景，再浇上焦糖：克拉里奇酒店的招牌甜点。
so|Item|resources.assets|28921|_label,Floating Island,漂浮岛
so|Item|resources.assets|28922|_description,"A little jar of honey. Amber in some lights, golden in others. [Unlike many Refreshments, honey survives travel.]",一小罐蜂蜜。在某些光线下呈琥珀色，在另一些光线下呈金色。[与许多茶点不同，蜂蜜经得起旅行。]
so|Item|resources.assets|28922|_label,Honey,蜂蜜
so|Item|resources.assets|28923|_description,"A wonderfully versatile dish favoured for breakfast by the sons of the lark, for supper by the daughters of the owl, and as a cold midnight snack by the children of the crow.",一种妙不可言的百搭菜肴：百灵鸟的儿子们爱用它作早餐，猫头鹰的女儿们爱用它作晚餐，乌鸦的孩子们则把它当作深夜的冷食。
so|Item|resources.assets|28923|_label,Kedgeree,英式鱼蛋烩饭
so|Item|resources.assets|28924|_description,British manufacture. 'French' means it's cut with chicory - a reference to the coffee shortages of Napoleon's time. ,英国制造。“法式”意味着它掺了菊苣——这是对拿破仑时代咖啡短缺的呼应。
so|Item|resources.assets|28924|_label,Lyons French Coffee,莱昂斯法式咖啡
so|Item|resources.assets|28925|_description,A sweet dish named (of course) to celebrate Offenbach's 1865 operetta <i>La belle Hélène</i>.,一道甜点，自然是为庆祝奥芬巴赫 1865 年的轻歌剧<i>美丽的海伦</i>而命名。
so|Item|resources.assets|28925|_label,Poire Belle Hélène,美丽海伦梨
so|Item|resources.assets|28926|_description,"A nice hot cup of strong black tea, softened with milk.",一杯滚烫的浓红茶，以牛奶调柔。
so|Item|resources.assets|28926|_label,Strong Tea,浓茶
so|Item|resources.assets|28927|_description,"A little white ceramic jar containing a small quantity of golden ink - uzult, one of the five <i>encausta terminalia</i>, the Great Inks in which interpretations of [[Histories]] can be recorded by the appointed few.

[This is a precious substance. Use it only at need. You can sell it, but few in all Europe will appreciate its true price.]","一只小小的白色瓷罐，内盛少量金色墨水——乌祖尔特，五种<i>终结彩墨</i>之一，即那“大墨”：被选定的少数人能以之记录对[[历史]]的诠释。

[这是珍稀之物。只在必要时使用。你可以卖掉它，但全欧洲没有几个人懂得它真正的价值。]"
so|Item|resources.assets|28927|_label,Uzult,乌祖尔特
so|Item|resources.assets|28928|_description,"A little white ceramic jar from Aubière's box - the pyx, the reliquary, whatever it was.",奥比埃匣子里的一只小小的白色瓷罐——圣体盒也好，圣物匣也好，管它是什么。
so|Item|resources.assets|28928|_label,Pyx Jar,圣体盒罐
so|Item|resources.assets|28929|_label,White Lilies,白百合
so|Item|resources.assets|28930|_description,"A black-and-gold fountain pen monogrammed 'L.A.'
","一支黑金相间的钢笔，压着 'L.A.' 的花押。
"
so|Item|resources.assets|28930|_label,Aubière's Fountain Pen,奥比埃的钢笔
so|Item|resources.assets|28931|_description,The sign of the half-human hill-child called <i>bisclavret</i>. The sign trembles with aguey vitality.,被称为<i>比斯克拉弗雷</i>的半人山野之子的印记。这印记带着寒热般的活力颤动着。
so|Item|resources.assets|28931|_label,Bisclavret's Knot,比斯克拉弗雷之结
so|Item|resources.assets|28932|_description,"A touchstone and talisman, worn as a good-luck piece until its owner became too closely acquainted with a howitzer shell at Remagen. The amulet survived the experience, so perhaps it assures its own good luck.",一枚试金石兼护身符，被当作辟邪吉物佩戴，直到它的主人在雷马根与一枚榴弹炮弹过于亲近。护符挺过了那场经历，所以也许它护佑的是自己的好运。
so|Item|resources.assets|28932|_label,Blackened Cinnabar Amulet,发黑的朱砂护符
so|Item|resources.assets|28933|_description,"A hand-made petrol-fueled lighter, painstakingly hammered out of a spent shell-casing. I had one rather like this, back in my Dorsetshire Regiment days. I threw it away after it took my eyebrows off. This one doesn't look <i>much</i> safer, but its provenance lends it power. And the maker thoughtfully lined the fuel chamber with wadded asbestos so it's less likely to explode.",一只手工打造的汽油打火机，由一枚用过的弹壳一丝不苟地锤制而成。多塞特团服役那会儿，我也有过一只跟它差不多的。它燎掉我的眉毛之后，我把它扔了。这一只看起来并不比那只<i>安全</i>多少，但它的来历赋予了它力量。而且制作者想得周到，在燃料舱里衬了填实的石棉，所以它不大可能爆炸。
so|Item|resources.assets|28933|_label,Brass Trench-Art Lighter,黄铜堑壕工艺打火机
so|Item|resources.assets|28934|_description,"A black-enamelled hip flask of extremely modest dimensions - just enough to hold a small nip of spirits, but reassuringly inconspicuous, perhaps even to a body-search. 'Flat man', the German term means.",一只黑色珐琅的扁酒壶，尺寸极其克制——刚好容得下一小口烈酒，却小得令人安心，或许连搜身都能瞒过。德语词的意思是“扁平的人”。
so|Item|resources.assets|28934|_label,Flachmann,扁酒壶
so|Item|resources.assets|28935|_description,"A warm red-purple tone on an open weave, like a smile across the lip of a raised wine glass.",疏织布上一抹暖调的红紫，像高擎酒杯时掠过杯沿的微笑。
so|Item|resources.assets|28935|_label,Grenadine Claret Handkerchief,石榴红酒红手帕
so|Item|resources.assets|28936|_description,"An intricate, beautiful pattern that's <i>just</i> brash enough to remain tasteful.",一个繁复美丽的图案，<i>恰好</i>张扬到依旧不失雅致。
so|Item|resources.assets|28936|_label,Madder Paisley Silk Handkerchief,茜红佩斯利丝绸手帕
so|Item|resources.assets|28937|_description,"A tin medallion commemorating the wolf-headed patron of travelers, storms, and strength - an unfailingly popular and notoriously unsophisticated saint.",一枚锡质纪念章，纪念那位狼首的旅人、风暴与力量之主保——一位始终广受欢迎、出了名粗陋的圣人。
so|Item|resources.assets|28937|_label,Medallion of St Christopher Lycocephalus,圣克里斯托弗·狼首纪念章
so|Item|resources.assets|28938|_description,"The inattentive will see a pale grey handkerchief - the attentive, a subtle pattern for a subtle colour on a weave that grants it subtle life. 'Nothing dearer than the song of grey, where Precision joins Imprecision.'",不留心的人只看见一块浅灰的手帕——留心的人则看见：一种精巧的颜色，一个精巧的图案，织在一块赋予它们精巧生命的布上。“没有什么比灰色的歌更珍贵，在那里，精确与不精确交汇。”
so|Item|resources.assets|28938|_label,Pale Oyster Foulard Silk Twill Handkerchief,浅牡蛎色富拉尔绸斜纹手帕
so|Item|resources.assets|28939|_description,Fifty-two fortunes.,五十二种命运。
so|Item|resources.assets|28939|_label,Deck of Playing Cards,一副扑克牌
so|Item|resources.assets|28940|_description,"A circular silver-gilt box, adorned with an exquisitely modelled dove, also silver-gilt. A story associates it with St Galileo. It held something holy or otherwise powerful for long enough to acquire a little power of its own.",一只圆形镀金银盒，饰着一只同样镀金、做工精美的鸽子。有个传说将它和圣伽利略联系在一起。它盛放某种神圣或其他有力的东西已经够久，自身也攒下了一点力量。
so|Item|resources.assets|28940|_label,Dove Pyx,鸽形圣体盒
so|Item|resources.assets|28941|_description,"A safety razor blade. In short supply since the Wars.

Notably useful for practitioners of the [[Arts Unconsidered]], who often need to shed blood with a tool that has never tasted blood.","一片安全剃须刀片。战争以来一直短缺。

对[[未识技艺]]的修行者尤其有用，他们常常需要用一件从未尝过血的工具来放血。"
so|Item|resources.assets|28941|_label,Razor Blade,剃刀刀片
so|Item|resources.assets|28942|_description,"Ignites on anything, burns with a clear and beautiful white flame. They don't make these any more, because the manufacturing process made the match-girls' jaws rot, then glow, then collapse. Except in the Vatican, for certain essential rights; and there, we are assured, the matches are produced so safely and carefully that phossy jaw is entirely unknown.",在任何东西上都能擦燃，燃起清澈美丽的白色火焰。这种火柴已经不再生产了，因为制造过程会让火柴女工的颌骨腐烂，继而发光，继而塌陷。只有梵蒂冈还在为某些必不可少的礼典生产；而在那里，我们得到保证，火柴生产得如此安全、如此小心，磷毒性颌骨坏死完全不为人知。
so|Item|resources.assets|28942|_label,Sanctified Lucifer Match,祝圣路西法火柴
so|Item|resources.assets|28943|_description,"Occult treasures are purchased with occult coin: spintriae. This one is silver. Its reverse displays a man and woman coupling. Their configuration implies enthusiasm, but what can be seen of their faces suggests boredom.",玄秘的珍宝要用玄秘的钱币来购：斯宾特里亚。这一枚是银的。它的背面绘着一男一女交合。他们的姿势透着热忱，但能看见的脸上却写着无聊。
so|Item|resources.assets|28943|_label,Silver Spintria,银制斯宾特里亚
so|Item|resources.assets|28944|_description,The bulky quartered-cross ornament sometimes worn by ordained priests of the [[Church]] of the Unconquered [[Sun]].,那种笨重的四分十字饰物，有时由[[教会]]中受圣职的司祭佩戴，侍奉不可征服之[[太阳]]。
so|Item|resources.assets|28944|_label,Sun-Cross Pectoral,日十字胸饰
so|Item|resources.assets|28945|_description,A pure white square of fine linen. Cambric; named for [[Cambray]] town…,一方纯白的细亚麻布。细棉布——因[[康布雷]]城得名……
so|Item|resources.assets|28945|_label,Unblemished Cambric Handkerchief,洁白无瑕的细棉布手帕
so|Item|resources.assets|28946|_description,"Linen, and chromic catgut; silk, and silkworm gut; instruments of ivory, silver, and steel.",亚麻线与铬制肠线；丝绸与蚕丝肠线；象牙、白银与钢铁的器械。
so|Item|resources.assets|28946|_label,Unconventional Suture Kit,非常规缝合工具包
so|Item|resources.assets|28947|_description,How many ways can I take notes? Judiciously; briefly; threateningly - no-one's paying attention. But I'm paying attention to them.,我能用多少种方式记笔记？审慎地；简短地；威胁性地——没有人注意我。但我正注意着他们。
so|Item|resources.assets|28947|_label,Unobtrusive Notepad,不起眼的记事本
so|Item|resources.assets|28948|_description,"Metaphorically, 'a mote of the Divided Sun'. Practically, an alchemical tool of considerable potency.",打个比方，它是“分裂之阳的一粒微尘”。实际上，它是一件效力相当可观的炼金工具。
so|Item|resources.assets|28948|_label,Carcass Spark,残骸火花
so|Item|resources.assets|28949|_description,A little tangle of night-magics and serpent-tricks.,一小团夜之魔法与蛇术的纠缠。
so|Item|resources.assets|28949|_label,Coiled Sign,盘绕印记
so|Item|resources.assets|28950|_description,The powers of higher heaven might honour this request - or wink at an exception.,更高天界的力量也许会成全这一请求——或对某个例外睁一只眼闭一只眼。
so|Item|resources.assets|28950|_label,Coronal Indulgence,冕之宽赦
so|Item|resources.assets|28951|_description,"By this mark, we invoke the severest gaze of the powers of higher heaven.",凭此印记，我们唤起更高天界诸力量最严厉的注视。
so|Item|resources.assets|28951|_label,Coronal Interdiction,冕之禁绝
so|Item|resources.assets|28952|_description,"A web of subtle work to encourage peace, healing and a slow knitting-together of possibilities.",一张精巧织就的网，用以促成安宁、愈合，以及种种可能性的缓慢织合。
so|Item|resources.assets|28952|_label,Cradle-Weft,摇篮纬纱
so|Item|resources.assets|28953|_description,"A token invested with heavenly power, in defiance of Corona's claims of solar seignorage. Used for Bright Arts crafting recipes.",一件注入了天界力量的凭证，公然违抗冕对太阳铸币权的主张。用于光之技艺的炼制配方。
so|Item|resources.assets|28953|_label,Eye of Authority,权威之眼
so|Item|resources.assets|28954|_description,Here is the promise we all make each night.,这就是我们每夜都会许下的承诺。
so|Item|resources.assets|28954|_label,Fetching Mommet,迷人的人偶
so|Item|resources.assets|28955|_description,Here is the solace confounded by light.,这就是被光搅乱的慰藉。
so|Item|resources.assets|28955|_label,Flushed Mommet,绯红人偶
so|Item|resources.assets|28956|_description,"A horrible tangle of potential Worms or Worm-traces, modelled after the scars left in a host's soul.",一团可怖的纠缠，内里是潜在的蠕虫或蠕虫之迹，仿照宿主灵魂上留下的伤疤而成。
so|Item|resources.assets|28956|_label,Herpetic Implex,疱疹状缠结
so|Item|resources.assets|28957|_description,"A bright token inhabited by a sharp spirit. Never allow anyone to look directly at it, or its power will instantly depart.",一件明亮的器物，内住着一位锐利的精灵。绝不可让任何人直视它，否则它的力量会立刻离去。
so|Item|resources.assets|28957|_label,Hint-Haunted Glass,暗示萦绕的玻璃
so|Item|resources.assets|28958|_description,The Church's older traditions have their roots in the Persian fire-cults.,教会更为古老的诸传统，可追溯至波斯的火神崇拜。
so|Item|resources.assets|28958|_label,Iasnate Eye,亚斯纳特之眼
so|Item|resources.assets|28959|_description,No dawn knows only a single colour. No sky knows only a single dawn.,没有哪个黎明只识得一种颜色。没有哪片天空只识得一个黎明。
so|Item|resources.assets|28959|_label,Ichor Auroral,曙光神血
so|Item|resources.assets|28960|_description,A dark and syrupy liquor favoured in unnamed forest villages.,一种深色黏稠的烈酒，在无名的林间村落里备受青睐。
so|Item|resources.assets|28960|_label,Leathy,利西
so|Item|resources.assets|28961|_description,"A token invested with unearthly power, in defiance of Gleam's claims of cosmic prerogative. Used for Night Arts crafting. ",一件注入了非尘世力量的凭证，公然违抗烁对宇宙特权的主张。用于夜之技艺的炼制。
so|Item|resources.assets|28961|_label,Mark of Necessity,必然之印迹
so|Item|resources.assets|28962|_description,The proper use of this sombre sign silences restless spirits. Improper use can trouble the sleep and health of living human spirits.,正确使用这阴沉的印记，能让不安的亡魂归于沉寂。使用不当则会扰乱生者的睡眠与健康。
so|Item|resources.assets|28962|_label,Midnight Mark,午夜印记
so|Item|resources.assets|28963|_description,Invokes the kindest of the Elegiast's Names.,唤起悼歌诗人最仁慈的尊名。
so|Item|resources.assets|28963|_label,Naenian Quittance,悼歌之豁免
so|Item|resources.assets|28964|_description,Is the Hour named Velvet now Uncounted? Dead? How would we ever know?,那个名为丝毧的司辰，如今已除名了吗？死了吗？我们怎么会知道呢？
so|Item|resources.assets|28964|_label,Nameless Shibboleth,无名暗语
so|Item|resources.assets|28965|_description,An elegant little mark used in graveyard arts.,一种优雅的小印记，用于墓园之术。
so|Item|resources.assets|28965|_label,Pale Sign,苍白印记
so|Item|resources.assets|28966|_description,To be exiled - that is also a kind of freedom.,被放逐——那也是一种自由。
so|Item|resources.assets|28966|_label,Pilgrim's Ostrakon,巡礼者的陶片
so|Item|resources.assets|28967|_description,A bright token vitrified to utmost purity.,一件玻璃化至极致纯净的明亮器物。
so|Item|resources.assets|28967|_label,Pristine Glass,纯净玻璃
so|Item|resources.assets|28968|_description,"The Witch-and-Sister are usually depicted on the sea-shore. In the gentler Limian tradition, the Salt-Skein is what the Sister has used to bind them together.",双生女巫通常被描绘在海滨。在较温和的利米安传统中，盐线团正是姊妹用来把她们绑在一起的东西。
so|Item|resources.assets|28968|_label,Salt-Skein,盐线团
so|Item|resources.assets|28969|_description,"An impossibly thin, paradoxically heatless geometric segment of contained fire.","一截细得不可思议、悖论般毫无热力的几何线段,其中困着一团火。"
so|Item|resources.assets|28969|_label,Sparkflake,火花碎屑
so|Item|resources.assets|28970|_description,"A clot of wood, leaves and feathers that sometimes used to draw the attention of minor Names like Knotwingknot.","一团结着木、叶与羽的乱块,昔时偶尔会引来诺特温克诺特这类次要尊名的注目。"
so|Item|resources.assets|28970|_label,Tanglebrag,诳语缠结
so|Item|resources.assets|28971|_description,"A sign of the authority granted to the Names of the Church-sanctioned Hours, and passed on by Names to the officers of the Church.","此印记承载着一种权威——授予教会认可的司辰之尊名,再由尊名传予教会的职官。"
so|Item|resources.assets|28971|_label,Tesserate Eye,四维之眼
so|Item|resources.assets|28972|_description,A covenant of travel in silence. 'Twilight and evening bell / And after that the dark!',"一份于静默中行旅的盟约。「薄暮与晚钟,/而后便是黑暗!」"
so|Item|resources.assets|28972|_label,Twilit Votum,薄暮誓愿
so|Item|resources.assets|28973|_description,Here are the forms and the roots and the sleight.,"形体、根脉与巧技,尽在此中。"
so|Item|resources.assets|28973|_label,Vertumnal Mommet,秋神人偶
so|Item|resources.assets|28974|_description,"The Watchman's vigilance is invoked to reveal, command or expel troublesome spirits.","召请守夜人的警觉,以揭露、号令或驱逐滋扰的鬼灵。"
so|Item|resources.assets|28974|_label,Vigilant Eye,警觉之眼
so|Item|resources.assets|28975|_description,"Use this luminous token to unveil the hidden, or purify and exalt the tainted.","用这枚发光的凭证,揭开被隐匿之物,或涤净并超拔被玷污之物。"
so|Item|resources.assets|28975|_label,Wakeful Eye,警醒之眼
so|Item|resources.assets|28976|_description,A sigil deployed by  travelling healers and Bounds-wanderers.,行脚医者与边境漫游者所施用的符印。
so|Item|resources.assets|28976|_label,Wayfarer's Sign,旅人之印
so|Item|resources.assets|28977|_description,A trace of something that died tainted and returned corrupt.,某种污秽而亡、腐坏而归之物留下的痕迹。
so|Item|resources.assets|28977|_label,Widow's Wound,遗孀之伤
so|Item|resources.assets|28978|_description,Here is the road long concealed from their sight.,"这条久被遮蔽于他们视线之外的道路,就在此处。"
so|Item|resources.assets|28978|_label,Winged Mommet,有翼人偶
so|Item|resources.assets|28979|_description,"Used through centuries untold to bring lovers together, bless marriages, or make parties go with a swing.","无数世纪以来,人们用它撮合有情人、祝福婚姻,或令宴聚热闹尽兴。"
so|Item|resources.assets|28979|_label,Witch's Knot,女巫结
so|Item|resources.assets|28980|_description,The soft and dusty grey-green of Highland hills. A fine accessory for an earl out to bag pheasants.,"苏格兰高地丘陵那柔和而蒙尘的灰绿。对一位外出猎雉的伯爵而言,这是得体的配饰。"
so|Item|resources.assets|28980|_label,Woollen Lovat Handkerchief,羊毛洛瓦特灰绿手帕
so|Item|resources.assets|28981|_description,Light - light leaks through the cracks...,光——光自裂隙间渗漏……
so|Item|resources.assets|28981|_label,Bright Dreams,明亮之梦
so|Item|resources.assets|28982|_description,"Fear has its teeth in my hopes.

[As Dread increases, Spencer will suffer penalties. At Dread 10, misery will overwhelm him, ending the game. When Spencer rests, Fascination and Dread will cancel each other out, but anything left over may cause difficult dreams.]","恐惧的獠牙已没入我的希望。

[随着恐惧加深,斯宾塞将遭受惩罚。恐惧达到 10 时,悲苦将压垮他,游戏就此结束。斯宾塞休息时,入迷与恐惧会相互抵消,但残余的部分可能引发难安的梦境。]"
so|Item|resources.assets|28982|_label,Dread,恐惧
so|Item|resources.assets|28983|_description,"The world grows thinner, the light brighter. It's dangerous to see too much of Eternity.

[As Fascination increases, Spencer will suffer penalties. At Fascination 10, he'll lose his mind, ending the game. When Spencer rests, Fascination and Dread will cancel each other out, but anything left over may cause difficult dreams.]","世界日渐稀薄,光芒愈发炽亮。窥见过多永恒,是危险的。

[随着入迷加深,斯宾塞将遭受惩罚。入迷达到 10 时,他将丧失心智,游戏就此结束。斯宾塞休息时,入迷与恐惧会相互抵消,但残余的部分可能引发难安的梦境。]"
so|Item|resources.assets|28983|_label,Fascination,入迷
so|Item|resources.assets|28984|_description,"Wounds, illness, the other miseries of the body.

[As Pain increases, Spencer will suffer penalties. At Pain 10, he'll die.]","创伤、疾病,以及其他种种肉身之苦。

[随着痛苦加深,斯宾塞将遭受惩罚。痛苦达到 10 时,他将死去。]"
so|Item|resources.assets|28985|_description,"A betraying clue.

As Traces accumulate, as my name gets around, I'm more likely to be recognised. Sometimes this might be good. I won't count on it being good.

[Spencer can gain Traces from truthfully sharing personal information, interacting with the authorities, or simply staying in one place too long. Sleeping in the same place for one night is safe - every night after that adds a Trace. Traveling to a new city removes Traces, as long as you don't keep travelling the same route.]","一条泄密的线索。

随着痕迹累积,我的名声渐渐传开,我被人认出的可能也随之增加。有时这或许是好事。但我不指望它是好事。

[斯宾塞可以通过如实吐露个人信息、与当局打交道,或仅仅在同一处久留来获得痕迹。在同一处安睡一夜是安全的——此后每多一夜,都会增添一条痕迹。只要不重复走同一条路线,前往一座新城市就会清除痕迹。]"
so|Item|resources.assets|28985|_label,Trace,痕迹
so|Item|resources.assets|28986|_description,"Sleep's mother, the heart's warning.

[As Weariness increases, Spencer will gain penalties. If it reaches 10, he'll lose 3 Weariness and gain 3 Pain.]","睡眠之母,心之警讯。

[随着倦怠加深,斯宾塞将遭受惩罚。若倦怠达到 10,他将失去 3 点倦怠,并获得 3 点痛苦。]"
so|Item|resources.assets|28986|_label,Weariness,倦怠
so|Item|resources.assets|28987|_description,There's a wolf that eats thought...,"有一匹狼,专噬思想……"
so|Item|resources.assets|28987|_label,Wolf Dreams,狼梦
so|LastNameAliasQuality|resources.assets|28295|_label,Alias — Last name,化名——姓氏
so|LocData|resources.assets|28229|entries[0].key,ADVICE_CAN_READ,ADVICE_CAN_READ
so|LocData|resources.assets|28229|entries[0].value,Right-click to read.,右键点击阅读。
so|LocData|resources.assets|28229|entries[100].key,UI_DATE_FORMAT,UI_DATE_FORMAT
so|LocData|resources.assets|28229|entries[100].value,MM/dd/yyyy,yyyy/MM/dd
so|LocData|resources.assets|28229|entries[101].key,UI_DEFAULT_CONVERSATION_TITLE,UI_DEFAULT_CONVERSATION_TITLE
so|LocData|resources.assets|28229|entries[101].value,Speak; Listen,言说；聆听
so|LocData|resources.assets|28229|entries[102].key,UI_DESCRIPTION_CONCEALED,UI_DESCRIPTION_CONCEALED
so|LocData|resources.assets|28229|entries[103].key,UI_DOFFED_OUTFIT,UI_DOFFED_OUTFIT
so|LocData|resources.assets|28229|entries[103].value,Doffed Outfit: {0},脱下{0}行头
so|LocData|resources.assets|28229|entries[104].key,UI_DONNED_OUTFIT,UI_DONNED_OUTFIT
so|LocData|resources.assets|28229|entries[104].value,Donned Outfit: {0},穿上{0}行头
so|LocData|resources.assets|28229|entries[105].key,UI_ELLIPSIS,UI_ELLIPSIS
so|LocData|resources.assets|28229|entries[106].key,UI_ESCAPE_CONFIRM_KNOCK,UI_ESCAPE_CONFIRM_KNOCK
so|LocData|resources.assets|28229|entries[106].value,Definitely use ESCAPE! to get Spencer unstuck? Don't use it unless he's properly stuck! It's not good for him!,确定使用 ESCAPE! 让斯宾塞脱困？除非他确实卡住了，否则不要使用！这对他没有好处！
so|LocData|resources.assets|28229|entries[107].key,UI_ESCAPE_CONFIRM_MAIN_MENU,UI_ESCAPE_CONFIRM_MAIN_MENU
so|LocData|resources.assets|28229|entries[107].value,Really exit to main menu?,真的要退出到主菜单吗？
so|LocData|resources.assets|28229|entries[108].key,UI_ESCAPE_CONFIRM_QUIT,UI_ESCAPE_CONFIRM_QUIT
so|LocData|resources.assets|28229|entries[108].value,Really exit to desktop?,真的要退出到桌面吗？
so|LocData|resources.assets|28229|entries[109].key,UI_ESCAPE_KNOCK_TAB_DESC,UI_ESCAPE_KNOCK_TAB_DESC
so|LocData|resources.assets|28229|entries[109].value,"If a pathfinding bug has got Spencer stuck, this will get him unstuck again. Don't use it unless he's properly stuck! It's not good for him!",如果寻路错误让斯宾塞卡住，此功能可助他重新脱困。除非他确实卡住了，否则不要使用！这对他没有好处！
so|LocData|resources.assets|28229|entries[10].key,ADVICE_ONE_CONSUMED_ON_TRAVEL,ADVICE_ONE_CONSUMED_ON_TRAVEL
so|LocData|resources.assets|28229|entries[10].value,One item from this stack will disappear when you travel to another city - don't hesitate to use it before then.,"你前往另一座城市时,这一叠中会有一件消失——在那之前,别犹豫,把它用掉。"
so|LocData|resources.assets|28229|entries[110].key,UI_ESCAPE_KNOCK_TAB_LABEL,UI_ESCAPE_KNOCK_TAB_LABEL
so|LocData|resources.assets|28229|entries[111].key,UI_EVOLVED_PASSION,UI_EVOLVED_PASSION
so|LocData|resources.assets|28229|entries[111].value,Gained a Passion! ({0}),获得一份激情！（{0}）
so|LocData|resources.assets|28229|entries[112].key,UI_EVOLVE_TO,UI_EVOLVE_TO
so|LocData|resources.assets|28229|entries[112].value,Evolve To {0} ({1} {2}),演化为{0}（{1} {2}）
so|LocData|resources.assets|28229|entries[113].key,UI_EXPERIENCE_GAIN,UI_EXPERIENCE_GAIN
so|LocData|resources.assets|28229|entries[113].value,Gained {0} {1} Experiences,获得 {0} 点{1}
so|LocData|resources.assets|28229|entries[114].key,UI_EXPERIENCE_GAIN_ONE,UI_EXPERIENCE_GAIN_ONE
so|LocData|resources.assets|28229|entries[114].value,Gained 1 {0} Experience,获得 1 点{0}
so|LocData|resources.assets|28229|entries[115].key,UI_EXPERIENCE_SPENT,UI_EXPERIENCE_SPENT
so|LocData|resources.assets|28229|entries[115].value,Spent {0} {1} Experiences,花费 {0} 点{1}
so|LocData|resources.assets|28229|entries[116].key,UI_EXP_COST,UI_EXP_COST
so|LocData|resources.assets|28229|entries[116].value,({0} Exp),（{0} 点经验）
so|LocData|resources.assets|28229|entries[117].key,UI_FAILURE,UI_FAILURE
so|LocData|resources.assets|28229|entries[117].value,{0} - Failure,{0}——失败
so|LocData|resources.assets|28229|entries[118].key,UI_FOOTNOTE_SUBTLE,UI_FOOTNOTE_SUBTLE
so|LocData|resources.assets|28229|entries[118].value,Subtle,含蓄
so|LocData|resources.assets|28229|entries[119].key,UI_FOOTNOTE_SUBTLE_HINT,UI_FOOTNOTE_SUBTLE_HINT
so|LocData|resources.assets|28229|entries[119].value,Only highlight first appearance,仅高亮首次出现
so|LocData|resources.assets|28229|entries[11].key,AQ_CHANGE_PLAN,AQ_CHANGE_PLAN
so|LocData|resources.assets|28229|entries[11].value,<b>Journal - {0}</b> - {1},<b>日记 - {0}</b> - {1}
so|LocData|resources.assets|28229|entries[120].key,UI_FOOTNOTE_UNSUBTLE,UI_FOOTNOTE_UNSUBTLE
so|LocData|resources.assets|28229|entries[120].value,Importunate,扰人
so|LocData|resources.assets|28229|entries[121].key,UI_FOOTNOTE_UNSUBTLE_HINT,UI_FOOTNOTE_UNSUBTLE_HINT
so|LocData|resources.assets|28229|entries[121].value,Highlighted every time,每次出现均高亮
so|LocData|resources.assets|28229|entries[122].key,UI_FORCED_SUCCESS,UI_FORCED_SUCCESS
so|LocData|resources.assets|28229|entries[122].value,{0} - Forced Success,{0}——强制成功
so|LocData|resources.assets|28229|entries[123].key,UI_GRAPHICS_HIGH,UI_GRAPHICS_HIGH
so|LocData|resources.assets|28229|entries[123].value,High,高
so|LocData|resources.assets|28229|entries[124].key,UI_GRAPHICS_LOW,UI_GRAPHICS_LOW
so|LocData|resources.assets|28229|entries[124].value,Low,低
so|LocData|resources.assets|28229|entries[125].key,UI_GRAPHICS_MED,UI_GRAPHICS_MED
so|LocData|resources.assets|28229|entries[125].value,Medium,中
so|LocData|resources.assets|28229|entries[126].key,UI_HUD_HOTKEY_CHARACTER,UI_HUD_HOTKEY_CHARACTER
so|LocData|resources.assets|28229|entries[126].value,C,C
so|LocData|resources.assets|28229|entries[127].key,UI_HUD_HOTKEY_FOOTNOTES,UI_HUD_HOTKEY_FOOTNOTES
so|LocData|resources.assets|28229|entries[127].value,F,F
so|LocData|resources.assets|28229|entries[128].key,UI_HUD_HOTKEY_INVENTORY,UI_HUD_HOTKEY_INVENTORY
so|LocData|resources.assets|28229|entries[128].value,I,I
so|LocData|resources.assets|28229|entries[129].key,UI_HUD_HOTKEY_JOURNAL,UI_HUD_HOTKEY_JOURNAL
so|LocData|resources.assets|28229|entries[129].value,J,J
so|LocData|resources.assets|28229|entries[12].key,AQ_CHANGE_UNSPECIFIED,AQ_CHANGE_UNSPECIFIED
so|LocData|resources.assets|28229|entries[130].key,UI_HUD_HOTKEY_MAP,UI_HUD_HOTKEY_MAP
so|LocData|resources.assets|28229|entries[130].value,M,M
so|LocData|resources.assets|28229|entries[131].key,UI_HUD_HOTKEY_OPTIONS,UI_HUD_HOTKEY_OPTIONS
so|LocData|resources.assets|28229|entries[131].value,Esc,Esc
so|LocData|resources.assets|28229|entries[132].key,UI_HUD_HOTKEY_RECIPES,UI_HUD_HOTKEY_RECIPES
so|LocData|resources.assets|28229|entries[132].value,R,R
so|LocData|resources.assets|28229|entries[133].key,UI_HUD_HOVER_CHARACTER,UI_HUD_HOVER_CHARACTER
so|LocData|resources.assets|28229|entries[133].value,Character,角色
so|LocData|resources.assets|28229|entries[134].key,UI_HUD_HOVER_FOOTNOTES,UI_HUD_HOVER_FOOTNOTES
so|LocData|resources.assets|28229|entries[134].value,Footnotes,脚注
so|LocData|resources.assets|28229|entries[135].key,UI_HUD_HOVER_INVENTORY,UI_HUD_HOVER_INVENTORY
so|LocData|resources.assets|28229|entries[135].value,Inventory,物品栏
so|LocData|resources.assets|28229|entries[136].key,UI_HUD_HOVER_JOURNAL,UI_HUD_HOVER_JOURNAL
so|LocData|resources.assets|28229|entries[136].value,Journal,日记
so|LocData|resources.assets|28229|entries[137].key,UI_HUD_HOVER_MAP,UI_HUD_HOVER_MAP
so|LocData|resources.assets|28229|entries[137].value,Map,地图
so|LocData|resources.assets|28229|entries[138].key,UI_HUD_HOVER_OPTIONS,UI_HUD_HOVER_OPTIONS
so|LocData|resources.assets|28229|entries[138].value,Options,选项
so|LocData|resources.assets|28229|entries[139].key,UI_HUD_HOVER_RECIPES,UI_HUD_HOVER_RECIPES
so|LocData|resources.assets|28229|entries[139].value,Recipes,配方
so|LocData|resources.assets|28229|entries[13].key,ASPECTS_DISLIKED,ASPECTS_DISLIKED
so|LocData|resources.assets|28229|entries[13].value,Dislikes ,反感 
so|LocData|resources.assets|28229|entries[140].key,UI_IMPROVE_WITH,UI_IMPROVE_WITH
so|LocData|resources.assets|28229|entries[140].value,Improve with {0} {1} Experiences,以 {0} 点{1}提升
so|LocData|resources.assets|28229|entries[141].key,UI_ITEM_CATEGORY_ALL,UI_ITEM_CATEGORY_ALL
so|LocData|resources.assets|28229|entries[141].value,All,全部
so|LocData|resources.assets|28229|entries[142].key,UI_ITEM_CATEGORY_Papers,UI_ITEM_CATEGORY_Papers
so|LocData|resources.assets|28229|entries[142].value,Papers,纸张
so|LocData|resources.assets|28229|entries[143].key,UI_ITEM_CATEGORY_Resources,UI_ITEM_CATEGORY_Resources
so|LocData|resources.assets|28229|entries[143].value,Resources,资源
so|LocData|resources.assets|28229|entries[144].key,UI_ITEM_CATEGORY_Tools,UI_ITEM_CATEGORY_Tools
so|LocData|resources.assets|28229|entries[144].value,Tools,工具
so|LocData|resources.assets|28229|entries[145].key,UI_ITEM_CATEGORY_Troubles,UI_ITEM_CATEGORY_Troubles
so|LocData|resources.assets|28229|entries[145].value,Troubles,烦扰
so|LocData|resources.assets|28229|entries[146].key,UI_ITEM_WAS_CONSUMED,UI_ITEM_WAS_CONSUMED
so|LocData|resources.assets|28229|entries[146].value,Consumed on use: {0},使用时消耗：{0}
so|LocData|resources.assets|28229|entries[147].key,UI_LOAD_FAILED,UI_LOAD_FAILED
so|LocData|resources.assets|28229|entries[147].value,Couldn't load!,无法加载！
so|LocData|resources.assets|28229|entries[148].key,UI_LOAD_INCOMPATIBLE,UI_LOAD_INCOMPATIBLE
so|LocData|resources.assets|28229|entries[148].value,Sorry - this save is too old for this version of the game,抱歉——此存档对当前游戏版本而言太旧了
so|LocData|resources.assets|28229|entries[149].key,UI_LOCKED_SLOT,UI_LOCKED_SLOT
so|LocData|resources.assets|28229|entries[149].value,Locked Slot,锁定槽位
so|LocData|resources.assets|28229|entries[14].key,ASPECTS_LIKED,ASPECTS_LIKED
so|LocData|resources.assets|28229|entries[14].value,Likes ,喜好 
so|LocData|resources.assets|28229|entries[150].key,UI_LOST_OUTFIT,UI_LOST_OUTFIT
so|LocData|resources.assets|28229|entries[150].value,Lost Outfit: {0},失去{0}行头
so|LocData|resources.assets|28229|entries[151].key,UI_MERCHANT_AGIO_FORMAT,UI_MERCHANT_AGIO_FORMAT
so|LocData|resources.assets|28229|entries[151].value,{0}{1} at par · {0}{2} exchange cost (<i>agio</i>),{0}{1} 平价 · {0}{2} 兑换费用（<i>贴水</i>）
so|LocData|resources.assets|28229|entries[152].key,UI_MERCHANT_AMOUNT_TO_BUY,UI_MERCHANT_AMOUNT_TO_BUY
so|LocData|resources.assets|28229|entries[152].value,Amount to buy,购买数量
so|LocData|resources.assets|28229|entries[153].key,UI_MERCHANT_AMOUNT_TO_SELL,UI_MERCHANT_AMOUNT_TO_SELL
so|LocData|resources.assets|28229|entries[153].value,Amount to sell,出售数量
so|LocData|resources.assets|28229|entries[154].key,UI_MERCHANT_BADGE_FOREIGN,UI_MERCHANT_BADGE_FOREIGN
so|LocData|resources.assets|28229|entries[155].key,UI_MERCHANT_BADGE_NATIVE,UI_MERCHANT_BADGE_NATIVE
so|LocData|resources.assets|28229|entries[156].key,UI_MERCHANT_BUYS,UI_MERCHANT_BUYS
so|LocData|resources.assets|28229|entries[156].value,Buys {0},收购 {0}
so|LocData|resources.assets|28229|entries[157].key,UI_MERCHANT_CONFIRM_OVERPAY,UI_MERCHANT_CONFIRM_OVERPAY
so|LocData|resources.assets|28229|entries[157].value,This is a generous overpayment! {0}{1} for {0}{2}. Sure?,"这是一次慷慨的溢付!以 {0}{1} 换取价值 {0}{2} 的货物,确定?"
so|LocData|resources.assets|28229|entries[158].key,UI_MERCHANT_SELLS_PAID_IN,UI_MERCHANT_SELLS_PAID_IN
so|LocData|resources.assets|28229|entries[158].value,PLACEHOLDER-AK: sales are paid in {0},PLACEHOLDER-AK: 销售以 {0} 结算
so|LocData|resources.assets|28229|entries[159].key,UI_MERCHANT_TOTAL_FORMAT,UI_MERCHANT_TOTAL_FORMAT
so|LocData|resources.assets|28229|entries[159].value,TOTAL: {1} {0}{2} {3},总计: {1} {0}{2} {3}
so|LocData|resources.assets|28229|entries[15].key,COMMA,COMMA
so|LocData|resources.assets|28229|entries[160].key,UI_MERCHANT_WARN_CANT_PAY,UI_MERCHANT_WARN_CANT_PAY
so|LocData|resources.assets|28229|entries[160].value,Can't pay: {1} {0}{2} {3},无法支付: {1} {0}{2} {3}
so|LocData|resources.assets|28229|entries[161].key,UI_MERCHANT_WARN_MERCHANT_CANT_COVER,UI_MERCHANT_WARN_MERCHANT_CANT_COVER
so|LocData|resources.assets|28229|entries[161].value,Merchant can't afford this!,商贩买不起这个!
so|LocData|resources.assets|28229|entries[162].key,UI_MERCHANT_WARN_TRIVIAL,UI_MERCHANT_WARN_TRIVIAL
so|LocData|resources.assets|28229|entries[162].value,Transaction too trivial!,交易额太小!
so|LocData|resources.assets|28229|entries[163].key,UI_NONE,UI_NONE
so|LocData|resources.assets|28229|entries[163].value,None,无
so|LocData|resources.assets|28229|entries[164].key,UI_NOT,UI_NOT
so|LocData|resources.assets|28229|entries[164].value,Not {0},非 {0}
so|LocData|resources.assets|28229|entries[165].key,UI_NO_COMPANION_BONUS,UI_NO_COMPANION_BONUS
so|LocData|resources.assets|28229|entries[165].value,{0} provides no assistance with Skills.,{0} 对技艺毫无助益。
so|LocData|resources.assets|28229|entries[166].key,UI_OPTIONS_TAB_ADJUSTMENTS,UI_OPTIONS_TAB_ADJUSTMENTS
so|LocData|resources.assets|28229|entries[166].value,"""'Our company it was that shattered it,' Ghirbi says suddenly. He begins again to weep his molten tears..."" — Conversations at the Stag Door","「砸碎它的正是我们会社,」吉比尔突然说道。他再度流下熔融的泪水…… ——《牡鹿之门的闲谈》"
so|LocData|resources.assets|28229|entries[167].key,UI_OPTIONS_TAB_AUDIO,UI_OPTIONS_TAB_AUDIO
so|LocData|resources.assets|28229|entries[167].value,"""There are common sentiments in every thunderclap. Let us acknowledge them."" — A Thunderous Secret",「每一记雷霆之中都有共通的情感。让我们承认它们。」 ——《轰雷的秘密》
so|LocData|resources.assets|28229|entries[168].key,UI_OPTIONS_TAB_CONTROLS,UI_OPTIONS_TAB_CONTROLS
so|LocData|resources.assets|28229|entries[168].value,"""'Every key has its lock' sounds much grander than when we say that every spanner has its nut. But both remain true."" — Serena Blackwood","「『每把钥匙都有它的锁』,听起来可比『每把扳手都有它的螺母』气派多了。但两者都依然成立。」 ——塞蕾娜·布莱克伍德"
so|LocData|resources.assets|28229|entries[169].key,UI_OPTIONS_TAB_VISUALS,UI_OPTIONS_TAB_VISUALS
so|LocData|resources.assets|28229|entries[169].value,"""A thief of sights, a scavenger of thrones; a border-reaver and a thief of knots; a thief of colours and a thief of bones."" — Mischiefs of the Aviform Hours","「盗目光之贼,掠王座之贼;犯边之贼,解结之贼;盗色彩之贼,盗骸骨之贼。」 ——《鸟形司辰的恶作剧》"
so|LocData|resources.assets|28229|entries[16].key,DIALOGUE_END_MARKER,DIALOGUE_END_MARKER
so|LocData|resources.assets|28229|entries[16].value,[END] ,[结束] 
so|LocData|resources.assets|28229|entries[170].key,UI_PERCENTAGE_CHANCE,UI_PERCENTAGE_CHANCE
so|LocData|resources.assets|28229|entries[171].key,UI_PICK_SOMETHING_OUT,UI_PICK_SOMETHING_OUT
so|LocData|resources.assets|28229|entries[171].value,Pick Something Out,挑一件东西
so|LocData|resources.assets|28229|entries[172].key,UI_PLAN_COMPLETED,UI_PLAN_COMPLETED
so|LocData|resources.assets|28229|entries[172].value,{0} completed! Gather Experiences on the Journal page.,{0} 已完成!到日记页收集经验。
so|LocData|resources.assets|28229|entries[173].key,UI_PLAN_REWARD_CLAIMED_TAG,UI_PLAN_REWARD_CLAIMED_TAG
so|LocData|resources.assets|28229|entries[174].key,UI_PROVIDES_ASPECTS_POOL,UI_PROVIDES_ASPECTS_POOL
so|LocData|resources.assets|28229|entries[174].value,"Provides these Aspects in the Pool, to help you force successes.","在性相池中提供这些性相,助你强推成功。"
so|LocData|resources.assets|28229|entries[175].key,UI_QUICKSAVING,UI_QUICKSAVING
so|LocData|resources.assets|28229|entries[175].value,Quicksaving...,快速存档中……
so|LocData|resources.assets|28229|entries[176].key,UI_RECIPE_BOOK_HEADER,UI_RECIPE_BOOK_HEADER
so|LocData|resources.assets|28229|entries[176].value,Known Recipes,已知配方
so|LocData|resources.assets|28229|entries[177].key,UI_RECIPE_SLOT_REQS_CATALYST,UI_RECIPE_SLOT_REQS_CATALYST
so|LocData|resources.assets|28229|entries[177].value,Add an ingredient with Aspects {0} - the recipe will not consume it,添加具有性相 {0} 的原料——配方不会消耗它
so|LocData|resources.assets|28229|entries[178].key,UI_RECIPE_SLOT_REQS_FUEL,UI_RECIPE_SLOT_REQS_FUEL
so|LocData|resources.assets|28229|entries[178].value,Add an ingredient with Aspects {0} - the recipe will consume it,添加具有性相 {0} 的原料——配方将消耗它
so|LocData|resources.assets|28229|entries[179].key,UI_RECOVERED_POOL_ASPECTS,UI_RECOVERED_POOL_ASPECTS
so|LocData|resources.assets|28229|entries[179].value,Aspect Pool recovered {0},性相池回收 {0}
so|LocData|resources.assets|28229|entries[17].key,GAINED_ITEM,GAINED_ITEM
so|LocData|resources.assets|28229|entries[17].value,Gained {0} ({1}),获得 {0} ({1})
so|LocData|resources.assets|28229|entries[180].key,UI_REJECTED_PASSION,UI_REJECTED_PASSION
so|LocData|resources.assets|28229|entries[180].value,Rejected Passion: {0},被拒的激情: {0}
so|LocData|resources.assets|28229|entries[181].key,UI_REJECT_PASSION_SUMMARY,UI_REJECT_PASSION_SUMMARY
so|LocData|resources.assets|28229|entries[181].value,Reject {0},拒绝 {0}
so|LocData|resources.assets|28229|entries[182].key,UI_RESULT_FAILURE,UI_RESULT_FAILURE
so|LocData|resources.assets|28229|entries[182].value,Failure,失败
so|LocData|resources.assets|28229|entries[183].key,UI_RESULT_SUCCESS,UI_RESULT_SUCCESS
so|LocData|resources.assets|28229|entries[183].value,Success,成功
so|LocData|resources.assets|28229|entries[184].key,UI_SAVE_CATEGORY_AUTOSAVE,UI_SAVE_CATEGORY_AUTOSAVE
so|LocData|resources.assets|28229|entries[184].value,Autosave,自动存档
so|LocData|resources.assets|28229|entries[185].key,UI_SAVE_CATEGORY_ENDING,UI_SAVE_CATEGORY_ENDING
so|LocData|resources.assets|28229|entries[185].value,Game complete,通关
so|LocData|resources.assets|28229|entries[186].key,UI_SAVE_CATEGORY_QUICKSAVE,UI_SAVE_CATEGORY_QUICKSAVE
so|LocData|resources.assets|28229|entries[186].value,Quicksave,快速存档
so|LocData|resources.assets|28229|entries[187].key,UI_SAVE_CONFIRM_DELETE,UI_SAVE_CONFIRM_DELETE
so|LocData|resources.assets|28229|entries[187].value,"This will permanently delete this saved game, and cannot be undone!","这将永久删除该存档,且无法撤销!"
so|LocData|resources.assets|28229|entries[188].key,UI_SAVE_CONFIRM_DELETE_BUTTON,UI_SAVE_CONFIRM_DELETE_BUTTON
so|LocData|resources.assets|28229|entries[188].value,Delete save file,删除存档
so|LocData|resources.assets|28229|entries[189].key,UI_SAVE_CONFIRM_DELETE_TITLE,UI_SAVE_CONFIRM_DELETE_TITLE
so|LocData|resources.assets|28229|entries[189].value,Definitely delete save?,确定删除存档?
so|LocData|resources.assets|28229|entries[18].key,LABEL_OPINION,LABEL_OPINION
so|LocData|resources.assets|28229|entries[18].value,Opinion - ,看法 - 
so|LocData|resources.assets|28229|entries[190].key,UI_SAVE_CONFIRM_LOAD,UI_SAVE_CONFIRM_LOAD
so|LocData|resources.assets|28229|entries[190].value,Your current unsaved progress will be lost.,当前未保存的进度将会丢失。
so|LocData|resources.assets|28229|entries[191].key,UI_SAVE_CONFIRM_LOAD_BUTTON,UI_SAVE_CONFIRM_LOAD_BUTTON
so|LocData|resources.assets|28229|entries[191].value,Load save file,读取存档
so|LocData|resources.assets|28229|entries[192].key,UI_SAVE_CONFIRM_LOAD_TITLE,UI_SAVE_CONFIRM_LOAD_TITLE
so|LocData|resources.assets|28229|entries[192].value,Load selected save?,读取所选存档?
so|LocData|resources.assets|28229|entries[193].key,UI_SAVE_CONFIRM_OVERWRITE,UI_SAVE_CONFIRM_OVERWRITE
so|LocData|resources.assets|28229|entries[193].value,"This will permanently overwrite this saved game, and cannot be undone!","这将永久覆盖该存档,且无法撤销!"
so|LocData|resources.assets|28229|entries[194].key,UI_SAVE_CONFIRM_OVERWRITE_BUTTON,UI_SAVE_CONFIRM_OVERWRITE_BUTTON
so|LocData|resources.assets|28229|entries[194].value,Confirm + save,确认并保存
so|LocData|resources.assets|28229|entries[195].key,UI_SAVE_CONFIRM_OVERWRITE_TITLE,UI_SAVE_CONFIRM_OVERWRITE_TITLE
so|LocData|resources.assets|28229|entries[195].value,Definitely overwrite save?,确定覆盖存档?
so|LocData|resources.assets|28229|entries[196].key,UI_SAVE_INCOMPATIBLE,UI_SAVE_INCOMPATIBLE
so|LocData|resources.assets|28229|entries[196].value,Incompatible legacy save,不兼容的旧版存档
so|LocData|resources.assets|28229|entries[197].key,UI_SAVE_SLOTS_FULL,UI_SAVE_SLOTS_FULL
so|LocData|resources.assets|28229|entries[197].value,You've reached the maximum number of saves! (Congratulations?) Delete or overwrite an existing save.,你已达到存档数量上限!(恭喜?)请删除或覆盖现有存档。
so|LocData|resources.assets|28229|entries[198].key,UI_SAVING,UI_SAVING
so|LocData|resources.assets|28229|entries[198].value,Saving...,保存中……
so|LocData|resources.assets|28229|entries[199].key,UI_SCREENMODE_EXCLUSIVEFULLSCREEN,UI_SCREENMODE_EXCLUSIVEFULLSCREEN
so|LocData|resources.assets|28229|entries[199].value,Fullscreen,全屏
so|LocData|resources.assets|28229|entries[19].key,LOST_ITEM,LOST_ITEM
so|LocData|resources.assets|28229|entries[19].value,Lost {0} ({1}),失去 {0} ({1})
so|LocData|resources.assets|28229|entries[1].key,ADVICE_CAN_READ_ONCE,ADVICE_CAN_READ_ONCE
so|LocData|resources.assets|28229|entries[1].value,Right-click to read (once only).,右键点击阅读(仅限一次)。
so|LocData|resources.assets|28229|entries[200].key,UI_SCREENMODE_FULLSCREENWINDOW,UI_SCREENMODE_FULLSCREENWINDOW
so|LocData|resources.assets|28229|entries[200].value,Borderless,无边框
so|LocData|resources.assets|28229|entries[201].key,UI_SCREENMODE_WINDOWED,UI_SCREENMODE_WINDOWED
so|LocData|resources.assets|28229|entries[201].value,Window,窗口
so|LocData|resources.assets|28229|entries[202].key,UI_SEMICOLON,UI_SEMICOLON
so|LocData|resources.assets|28229|entries[203].key,UI_SKILLCHECKRANDOMNESS_PURERANDOM,UI_SKILLCHECKRANDOMNESS_PURERANDOM
so|LocData|resources.assets|28229|entries[203].value,"Pure (random, streaks possible)",纯随机(可能出现连串)
so|LocData|resources.assets|28229|entries[204].key,UI_SKILLCHECKRANDOMNESS_SHUFFLEBAGPERSISTED,UI_SKILLCHECKRANDOMNESS_SHUFFLEBAGPERSISTED
so|LocData|resources.assets|28229|entries[204].value,Balanced (no reset on reload),均衡(读档后不重置)
so|LocData|resources.assets|28229|entries[205].key,UI_SKILLCHECKRANDOMNESS_SHUFFLEBAGVOLATILE,UI_SKILLCHECKRANDOMNESS_SHUFFLEBAGVOLATILE
so|LocData|resources.assets|28229|entries[205].value,Balanced (reset on reload),均衡(读档时重置)
so|LocData|resources.assets|28229|entries[206].key,UI_SKILL_CHECK_ACCEPTED_FAILURE,UI_SKILL_CHECK_ACCEPTED_FAILURE
so|LocData|resources.assets|28229|entries[206].value,Failure!,失败!
so|LocData|resources.assets|28229|entries[207].key,UI_SKILL_CHECK_FAILURE,UI_SKILL_CHECK_FAILURE
so|LocData|resources.assets|28229|entries[207].value,Failure?,失败?
so|LocData|resources.assets|28229|entries[208].key,UI_SKILL_CHECK_FORCED_SUCCESS,UI_SKILL_CHECK_FORCED_SUCCESS
so|LocData|resources.assets|28229|entries[208].value,Rescued success!,成功获救!
so|LocData|resources.assets|28229|entries[209].key,UI_SKILL_CHECK_HEADER,UI_SKILL_CHECK_HEADER
so|LocData|resources.assets|28229|entries[209].value,SKILL CHECK: {0},技艺检定: {0}
so|LocData|resources.assets|28229|entries[20].key,NPC_RELATIONSHIP_WITH_PLAYER,NPC_RELATIONSHIP_WITH_PLAYER
so|LocData|resources.assets|28229|entries[210].key,UI_SKILL_CHECK_MOD_DESC,UI_SKILL_CHECK_MOD_DESC
so|LocData|resources.assets|28229|entries[210].value,{0} to {1} skill checks,{1} 次技艺检定 {0}
so|LocData|resources.assets|28229|entries[211].key,UI_SKILL_CHECK_MOD_DESC_ALL,UI_SKILL_CHECK_MOD_DESC_ALL
so|LocData|resources.assets|28229|entries[211].value,{0} to all skill checks,所有技艺检定 {0}
so|LocData|resources.assets|28229|entries[212].key,UI_SKILL_CHECK_SUCCESS,UI_SKILL_CHECK_SUCCESS
so|LocData|resources.assets|28229|entries[213].key,UI_SOLD_OUT,UI_SOLD_OUT
so|LocData|resources.assets|28229|entries[213].value,Sold out,售罄
so|LocData|resources.assets|28229|entries[214].key,UI_SUCCESS,UI_SUCCESS
so|LocData|resources.assets|28229|entries[214].value,{0} -Success,{0} - 成功
so|LocData|resources.assets|28229|entries[215].key,UI_TIME_FORMAT,UI_TIME_FORMAT
so|LocData|resources.assets|28229|entries[215].value,HH:mm,HH:mm
so|LocData|resources.assets|28229|entries[216].key,UI_TRAVEL_ACROSS_BORDER,UI_TRAVEL_ACROSS_BORDER
so|LocData|resources.assets|28229|entries[216].value,Spencer can travel here; he has what he needs to cross the border.,斯宾塞可以前往此地;他已备齐穿越边境所需之物。
so|LocData|resources.assets|28229|entries[217].key,UI_TRAVEL_ALREADY_THERE,UI_TRAVEL_ALREADY_THERE
so|LocData|resources.assets|28229|entries[217].value,Spencer is here,斯宾塞就在这里
so|LocData|resources.assets|28229|entries[218].key,UI_TRAVEL_CANNOT_CROSS_BORDER,UI_TRAVEL_CANNOT_CROSS_BORDER
so|LocData|resources.assets|28229|entries[218].value,Spencer can't cross the border until he has the right papers.,"斯宾塞需备齐合法证件,方能穿越边境。"
so|LocData|resources.assets|28229|entries[219].key,UI_TRAVEL_CAN_TRAVEL_HERE,UI_TRAVEL_CAN_TRAVEL_HERE
so|LocData|resources.assets|28229|entries[219].value,Spencer can travel here.,斯宾塞可以前往此地。
so|LocData|resources.assets|28229|entries[21].key,OPT_FULLSCREEN_WRONGRATIO_WARNING,OPT_FULLSCREEN_WRONGRATIO_WARNING
so|LocData|resources.assets|28229|entries[21].value,"The game looks best in 16:9 resolutions, but we'll letterbox for widescreen.","游戏在 16:9 分辨率下观感最佳,宽屏下我们则会以黑边呈现。"
so|LocData|resources.assets|28229|entries[220].key,UI_TRAVEL_DESTINATION_INVALID,UI_TRAVEL_DESTINATION_INVALID
so|LocData|resources.assets|28229|entries[220].value,Something's gone wrong: destination unavailable,出了差错:目的地不可用
so|LocData|resources.assets|28229|entries[221].key,UI_TRAVEL_INSIDE_BORDERS,UI_TRAVEL_INSIDE_BORDERS
so|LocData|resources.assets|28229|entries[221].value,Spencer can travel here without crossing a border.,"斯宾塞可以前往此地,无需穿越边境。"
so|LocData|resources.assets|28229|entries[222].key,UI_TRAVEL_NO_TRACES,UI_TRAVEL_NO_TRACES
so|LocData|resources.assets|28229|entries[222].value,"This route would cleanse Spencer of some <sprite=""QualityIcons"" name=""trace"">, if he had any.","此路线将洗去斯宾塞身上的一些 <sprite=""QualityIcons"" name=""trace"">——倘若他有的话。"
so|LocData|resources.assets|28229|entries[223].key,UI_TRAVEL_RESTRICTED_FOR_NOW,UI_TRAVEL_RESTRICTED_FOR_NOW
so|LocData|resources.assets|28229|entries[223].value,Not yet! Travel to {0} first.,还不行!请先前往 {0}。
so|LocData|resources.assets|28229|entries[224].key,UI_TRAVEL_TOO_FAR,UI_TRAVEL_TOO_FAR
so|LocData|resources.assets|28229|entries[224].value,Spencer could travel here from an adjacent station,斯宾塞可从邻近车站前往此地
so|LocData|resources.assets|28229|entries[225].key,UI_TRAVEL_TRACES_GAIN,UI_TRAVEL_TRACES_GAIN
so|LocData|resources.assets|28229|entries[225].value,"Passing this way again so soon will accrue {0} <sprite=""QualityIcons"" name=""trace"">.","如此匆忙地再度途经此地,将累积 {0} 点 <sprite=""QualityIcons"" name=""trace"">。"
so|LocData|resources.assets|28229|entries[226].key,UI_TRAVEL_TRACES_LOSE,UI_TRAVEL_TRACES_LOSE
so|LocData|resources.assets|28229|entries[226].value,"This route will remove {0} <sprite=""QualityIcons"" name=""trace"">","此路线将消除 {0} 点 <sprite=""QualityIcons"" name=""trace"">"
so|LocData|resources.assets|28229|entries[227].key,UI_TRAVEL_UNAVAILABLE_BY_RAIL,UI_TRAVEL_UNAVAILABLE_BY_RAIL
so|LocData|resources.assets|28229|entries[227].value,The circus train can't or won't travel here.,马戏团列车无法或不愿前往此地。
so|LocData|resources.assets|28229|entries[228].key,UI_UNDRESS,UI_UNDRESS
so|LocData|resources.assets|28229|entries[228].value,Undress,卸下行头
so|LocData|resources.assets|28229|entries[229].key,UI_UNLOCKED_OUTFIT,UI_UNLOCKED_OUTFIT
so|LocData|resources.assets|28229|entries[229].value,Unlocked Outfit: {0},解锁行头: {0}
so|LocData|resources.assets|28229|entries[22].key,QV_CHANGE_CIRCUMSTANCE,QV_CHANGE_CIRCUMSTANCE
so|LocData|resources.assets|28229|entries[22].value,<b>A Circumstance has changed</b> {0}: {1},<b>有世事已然生变</b> {0}: {1}
so|LocData|resources.assets|28229|entries[230].key,UI_UNLOCK_WITH,UI_UNLOCK_WITH
so|LocData|resources.assets|28229|entries[230].value,Unlock with {0} {1} Experiences,以 {0} {1} 经验解锁
so|LocData|resources.assets|28229|entries[231].key,UI_UNSHROUD_TO_LEARN_MORE,UI_UNSHROUD_TO_LEARN_MORE
so|LocData|resources.assets|28229|entries[231].value,Unshroud this recipe to learn more...,"揭开此配方的面纱,了解更多……"
so|LocData|resources.assets|28229|entries[232].key,UI_USES_ASPECTS_POOL,UI_USES_ASPECTS_POOL
so|LocData|resources.assets|28229|entries[232].value,Relies on these Aspects from the Pool when you hope to force successes.,"当你希求强推成功时,依赖性相池中的这些性相。"
so|LocData|resources.assets|28229|entries[233].key,UI_VS,UI_VS
so|LocData|resources.assets|28229|entries[233].value,vs,对
so|LocData|resources.assets|28229|entries[234].key,UNCHANGED_ITEM_COUNT,UNCHANGED_ITEM_COUNT
so|LocData|resources.assets|28229|entries[235].key,VGROUP_ANTIBES,VGROUP_ANTIBES
so|LocData|resources.assets|28229|entries[236].key,VGROUP_CAEN,VGROUP_CAEN
so|LocData|resources.assets|28229|entries[237].key,VGROUP_DAFFER,VGROUP_DAFFER
so|LocData|resources.assets|28229|entries[237].value,Daffer,达弗尔 [PENDING]
so|LocData|resources.assets|28229|entries[238].key,VGROUP_KERISHAM,VGROUP_KERISHAM
so|LocData|resources.assets|28229|entries[239].key,VGROUP_ROSAMUNDI,VGROUP_ROSAMUNDI
so|LocData|resources.assets|28229|entries[239].value,Rosa Mundi,罗莎·蒙迪
so|LocData|resources.assets|28229|entries[23].key,QV_CHANGE_PLAN,QV_CHANGE_PLAN
so|LocData|resources.assets|28229|entries[240].key,VGROUP_SANITARIUM,VGROUP_SANITARIUM
so|LocData|resources.assets|28229|entries[240].value,Sanitarium,疗养院
so|LocData|resources.assets|28229|entries[24].key,QV_CHANGE_THREAT,QV_CHANGE_THREAT
so|LocData|resources.assets|28229|entries[24].value,<b>A Threat has developed</b> - {0}: {1},<b>有威胁已然滋生</b> - {0}: {1}
so|LocData|resources.assets|28229|entries[25].key,QV_NOQLD_CHANGE,QV_NOQLD_CHANGE
so|LocData|resources.assets|28229|entries[25].value,"{0} was {1}, is {2}","{0} 原为 {1},现为 {2}"
so|LocData|resources.assets|28229|entries[26].key,RELATIONSHIP_IMPACT_GRAND,RELATIONSHIP_IMPACT_GRAND
so|LocData|resources.assets|28229|entries[26].value,Grand,极大
so|LocData|resources.assets|28229|entries[27].key,RELATIONSHIP_IMPACT_MAJOR,RELATIONSHIP_IMPACT_MAJOR
so|LocData|resources.assets|28229|entries[27].value,Major,重大
so|LocData|resources.assets|28229|entries[28].key,RELATIONSHIP_IMPACT_MINOR,RELATIONSHIP_IMPACT_MINOR
so|LocData|resources.assets|28229|entries[28].value,Minor,轻微
so|LocData|resources.assets|28229|entries[29].key,RELATIONSHIP_IMPACT_SIGNIFICANT,RELATIONSHIP_IMPACT_SIGNIFICANT
so|LocData|resources.assets|28229|entries[29].value,Significant,显著
so|LocData|resources.assets|28229|entries[2].key,ADVICE_CAN_REFRESH_WITH,ADVICE_CAN_REFRESH_WITH
so|LocData|resources.assets|28229|entries[2].value,Right-click to refresh {0} {1} in your Aspect Pool (consumes this item).,"右键点击,在你的性相池中刷新 {0} {1}(会消耗此物品)。"
so|LocData|resources.assets|28229|entries[30].key,RELATIONSHIP_STATUS_APPRECIATIVE,RELATIONSHIP_STATUS_APPRECIATIVE
so|LocData|resources.assets|28229|entries[30].value,Appreciative,感激
so|LocData|resources.assets|28229|entries[31].key,RELATIONSHIP_STATUS_AVOWEDLYVENGEFUL,RELATIONSHIP_STATUS_AVOWEDLYVENGEFUL
so|LocData|resources.assets|28229|entries[31].value,Avowedly Vengeful,扬言复仇
so|LocData|resources.assets|28229|entries[32].key,RELATIONSHIP_STATUS_FRIENDLY,RELATIONSHIP_STATUS_FRIENDLY
so|LocData|resources.assets|28229|entries[32].value,Friendly,友好
so|LocData|resources.assets|28229|entries[33].key,RELATIONSHIP_STATUS_HOSTILE,RELATIONSHIP_STATUS_HOSTILE
so|LocData|resources.assets|28229|entries[33].value,Hostile,敌对
so|LocData|resources.assets|28229|entries[34].key,RELATIONSHIP_STATUS_LOYAL,RELATIONSHIP_STATUS_LOYAL
so|LocData|resources.assets|28229|entries[34].value,Loyal,忠诚
so|LocData|resources.assets|28229|entries[35].key,RELATIONSHIP_STATUS_RECEPTIVE,RELATIONSHIP_STATUS_RECEPTIVE
so|LocData|resources.assets|28229|entries[35].value,Receptive,乐于接纳
so|LocData|resources.assets|28229|entries[36].key,RELATIONSHIP_STATUS_SUPREMELYLOYAL,RELATIONSHIP_STATUS_SUPREMELYLOYAL
so|LocData|resources.assets|28229|entries[36].value,Supremely Loyal,绝对忠诚
so|LocData|resources.assets|28229|entries[37].key,RELATIONSHIP_STATUS_SUSPICIOUS,RELATIONSHIP_STATUS_SUSPICIOUS
so|LocData|resources.assets|28229|entries[37].value,Suspicious,怀疑
so|LocData|resources.assets|28229|entries[38].key,RELATIONSHIP_STATUS_UNMET,RELATIONSHIP_STATUS_UNMET
so|LocData|resources.assets|28229|entries[38].value,Unmet,素未谋面
so|LocData|resources.assets|28229|entries[39].key,RELATIONSHIP_STATUS_VENGEFUL,RELATIONSHIP_STATUS_VENGEFUL
so|LocData|resources.assets|28229|entries[39].value,Vengeful,心怀复仇
so|LocData|resources.assets|28229|entries[3].key,ADVICE_CAN_USE,ADVICE_CAN_USE
so|LocData|resources.assets|28229|entries[3].value,Right-click to use.,右键点击使用。
so|LocData|resources.assets|28229|entries[40].key,RELATIONSHIP_STATUS_VERYAPPRECIATIVE,RELATIONSHIP_STATUS_VERYAPPRECIATIVE
so|LocData|resources.assets|28229|entries[40].value,Very Appreciative,非常感激
so|LocData|resources.assets|28229|entries[41].key,RELATIONSHIP_STATUS_VERYFRIENDLY,RELATIONSHIP_STATUS_VERYFRIENDLY
so|LocData|resources.assets|28229|entries[41].value,Very Friendly,非常友好
so|LocData|resources.assets|28229|entries[42].key,RELATIONSHIP_STATUS_VERYHOSTILE,RELATIONSHIP_STATUS_VERYHOSTILE
so|LocData|resources.assets|28229|entries[42].value,Very Hostile,非常敌对
so|LocData|resources.assets|28229|entries[43].key,RELATIONSHIP_STATUS_VERYLOYAL,RELATIONSHIP_STATUS_VERYLOYAL
so|LocData|resources.assets|28229|entries[43].value,Very Loyal,非常忠诚
so|LocData|resources.assets|28229|entries[44].key,RELATIONSHIP_STATUS_VERYRECEPTIVE,RELATIONSHIP_STATUS_VERYRECEPTIVE
so|LocData|resources.assets|28229|entries[44].value,Very Receptive,非常乐于接纳
so|LocData|resources.assets|28229|entries[45].key,RELATIONSHIP_STATUS_VERYSUSPICIOUS,RELATIONSHIP_STATUS_VERYSUSPICIOUS
so|LocData|resources.assets|28229|entries[45].value,Very Suspicious,非常怀疑
so|LocData|resources.assets|28229|entries[46].key,RELATIONSHIP_STATUS_VERYVENGEFUL,RELATIONSHIP_STATUS_VERYVENGEFUL
so|LocData|resources.assets|28229|entries[46].value,Very Vengeful,非常心怀复仇
so|LocData|resources.assets|28229|entries[47].key,RELATIONSHIP_STATUS_VERYWARY,RELATIONSHIP_STATUS_VERYWARY
so|LocData|resources.assets|28229|entries[47].value,Very Wary,非常戒备
so|LocData|resources.assets|28229|entries[48].key,RELATIONSHIP_STATUS_WARY,RELATIONSHIP_STATUS_WARY
so|LocData|resources.assets|28229|entries[48].value,Wary,戒备
so|LocData|resources.assets|28229|entries[49].key,REL_BETTER_INCREMENT,REL_BETTER_INCREMENT
so|LocData|resources.assets|28229|entries[49].value,{0} approves (+{1}),{0} 表示赞许 (+{1})
so|LocData|resources.assets|28229|entries[4].key,ADVICE_CAN_USE_ONCE,ADVICE_CAN_USE_ONCE
so|LocData|resources.assets|28229|entries[4].value,Right-click to use (consumes this item).,右键点击使用(会消耗此物品)。
so|LocData|resources.assets|28229|entries[50].key,REL_BETTER_STEP,REL_BETTER_STEP
so|LocData|resources.assets|28229|entries[50].value,"{0} approves (+{1}), and is now {2}","{0} 表示赞许 (+{1}),如今已是 {2}"
so|LocData|resources.assets|28229|entries[51].key,REL_UNCHANGED,REL_UNCHANGED
so|LocData|resources.assets|28229|entries[51].value,{0}: Opinion is unchanged,{0}：看法未变
so|LocData|resources.assets|28229|entries[52].key,REL_WORSE_INCREMENT,REL_WORSE_INCREMENT
so|LocData|resources.assets|28229|entries[52].value,{0} disapproves (-{1}),{0} 表示不满（-{1}）
so|LocData|resources.assets|28229|entries[53].key,REL_WORSE_STEP,REL_WORSE_STEP
so|LocData|resources.assets|28229|entries[53].value,"{0} disapproves (-{1}), and is now {2}",{0} 表示不满（-{1}），如今已是{2}
so|LocData|resources.assets|28229|entries[54].key,SKILL_CHECK_FAILURE_TROUBLE_WARNING,SKILL_CHECK_FAILURE_TROUBLE_WARNING
so|LocData|resources.assets|28229|entries[54].value,Failing a {0} check adds {1}.,未通过{0}检定会增加{1}。
so|LocData|resources.assets|28229|entries[55].key,UI_ACTED_WITH_PASSION,UI_ACTED_WITH_PASSION
so|LocData|resources.assets|28229|entries[55].value,Acted with Passion: {0},以激情行事：{0}
so|LocData|resources.assets|28229|entries[56].key,UI_ADOPT_PASSION_SUMMARY,UI_ADOPT_PASSION_SUMMARY
so|LocData|resources.assets|28229|entries[56].value,Adopt {0},采纳{0}
so|LocData|resources.assets|28229|entries[57].key,UI_ADOPT_PASSION_SUMMARY_WITH_ASPECT,UI_ADOPT_PASSION_SUMMARY_WITH_ASPECT
so|LocData|resources.assets|28229|entries[57].value,Adopt {0} ({1}),采纳{0}（{1}）
so|LocData|resources.assets|28229|entries[58].key,UI_AUTOSAVING,UI_AUTOSAVING
so|LocData|resources.assets|28229|entries[58].value,Autosaving...,正在自动存档……
so|LocData|resources.assets|28229|entries[59].key,UI_BUG_REPORT_CRASH_TITLE,UI_BUG_REPORT_CRASH_TITLE
so|LocData|resources.assets|28229|entries[59].value,"DAMN IT ALL - a crash! Please help us fix this, with a bug report - ",真见鬼——游戏崩溃了！请提交错误报告，帮我们修复——
so|LocData|resources.assets|28229|entries[5].key,ADVICE_CONSUMED_ON_TRAVEL,ADVICE_CONSUMED_ON_TRAVEL
so|LocData|resources.assets|28229|entries[5].value,This will disappear when you travel to another city - don't hesitate to use it before then..,"你前往另一座城市时,它会消失——在那之前,别犹豫,把它用掉吧。"
so|LocData|resources.assets|28229|entries[60].key,UI_BUG_REPORT_FAILURE_NETWORK,UI_BUG_REPORT_FAILURE_NETWORK
so|LocData|resources.assets|28229|entries[60].value,The game couldn't reach the internet - or our server is down.,游戏无法连接网络——或者我们的服务器宕机了。
so|LocData|resources.assets|28229|entries[61].key,UI_BUG_REPORT_FAILURE_NOT_CONFIGURED,UI_BUG_REPORT_FAILURE_NOT_CONFIGURED
so|LocData|resources.assets|28229|entries[61].value,Bug reporting isn't configured in this build! Let us know your version number at support@weatherfactory.biz,此版本未配置错误报告功能！请将你的版本号告知我们：support@weatherfactory.biz
so|LocData|resources.assets|28229|entries[62].key,UI_BUG_REPORT_FAILURE_RATE_LIMITED,UI_BUG_REPORT_FAILURE_RATE_LIMITED
so|LocData|resources.assets|28229|entries[62].value,"We rate limit bug reports - wait a bit, or email us at support@weatherfactory.biz",错误报告有频率限制——请稍候片刻，或发送邮件至 support@weatherfactory.biz
so|LocData|resources.assets|28229|entries[63].key,UI_BUG_REPORT_SUCCESS_TITLE,UI_BUG_REPORT_SUCCESS_TITLE
so|LocData|resources.assets|28229|entries[63].value,Successfully uploaded!,上传成功！
so|LocData|resources.assets|28229|entries[64].key,UI_BUG_REPORT_VALIDATION_DESCRIPTION,UI_BUG_REPORT_VALIDATION_DESCRIPTION
so|LocData|resources.assets|28229|entries[64].value,Missing description,缺少描述
so|LocData|resources.assets|28229|entries[65].key,UI_BUG_REPORT_VALIDATION_EMAIL,UI_BUG_REPORT_VALIDATION_EMAIL
so|LocData|resources.assets|28229|entries[65].value,Missing email,缺少邮箱
so|LocData|resources.assets|28229|entries[66].key,UI_CHARGEN_ASPECT_POOL_PASSIONS,UI_CHARGEN_ASPECT_POOL_PASSIONS
so|LocData|resources.assets|28229|entries[66].value,"Spencer's Passion provides Aspects, increasing the chance of success with Skills that use those Aspects. ",斯宾塞的激情提供性相，提升使用这些性相的技艺的成功率。 
so|LocData|resources.assets|28229|entries[67].key,UI_CHARGEN_ASPECT_POOL_SIGN,UI_CHARGEN_ASPECT_POOL_SIGN
so|LocData|resources.assets|28229|entries[67].value,"Spencer's Passion provides Aspects, increasing the chance of success with Skills that use those Aspects. Final choice of Skills also determines a Sign which gives a small additional bonus. Current Skills which match this final Aspect Pool: <b>{0}</b>.",斯宾塞的激情提供性相，提升使用这些性相的技艺的成功率。技艺的最终抉择还将决定一个印记，带来少许额外加成。与最终性相池相符的当前技艺：<b>{0}</b>。
so|LocData|resources.assets|28229|entries[68].key,UI_CHARGEN_ASPECT_POOL_SKILLS,UI_CHARGEN_ASPECT_POOL_SKILLS
so|LocData|resources.assets|28229|entries[68].value,"Spencer's Passion provides Aspects, increasing the chance of success with Skills that use those Aspects - currently, <b>{0}</b>.",斯宾塞的激情提供性相，提升使用这些性相的技艺的成功率——目前为<b>{0}</b>。
so|LocData|resources.assets|28229|entries[69].key,UI_COLLECT,UI_COLLECT
so|LocData|resources.assets|28229|entries[69].value,Collect,收集
so|LocData|resources.assets|28229|entries[6].key,ADVICE_EQUIPPED,ADVICE_EQUIPPED
so|LocData|resources.assets|28229|entries[6].value,This item is assigned as Active - it's modifying your Skill checks,此物品已被指派为活跃物品——它会修正你的技艺检定。
so|LocData|resources.assets|28229|entries[70].key,UI_COMPANION_BONUSES,UI_COMPANION_BONUSES
so|LocData|resources.assets|28229|entries[70].value,{0} provides Assistance - {1},{0}提供协助——{1}
so|LocData|resources.assets|28229|entries[71].key,UI_CONDITION_AGAIN,UI_CONDITION_AGAIN
so|LocData|resources.assets|28229|entries[71].value,"{0}, again.",再次{0}。
so|LocData|resources.assets|28229|entries[72].key,UI_CONDITION_EXIT_AGAIN,UI_CONDITION_EXIT_AGAIN
so|LocData|resources.assets|28229|entries[72].value,"No longer {0}, again.",再次不再{0}。
so|LocData|resources.assets|28229|entries[73].key,UI_CONFIRM,UI_CONFIRM
so|LocData|resources.assets|28229|entries[73].value,Confirm,确认
so|LocData|resources.assets|28229|entries[74].key,UI_CRAFT,UI_CRAFT
so|LocData|resources.assets|28229|entries[74].value,Craft,炼制
so|LocData|resources.assets|28229|entries[75].key,UI_CRAFTING_FILL_SLOTS,UI_CRAFTING_FILL_SLOTS
so|LocData|resources.assets|28229|entries[75].value,Fill every slot,填满所有槽位
so|LocData|resources.assets|28229|entries[76].key,UI_CRAFTING_PLEASE_SELECT_DESC,UI_CRAFTING_PLEASE_SELECT_DESC
so|LocData|resources.assets|28229|entries[76].value,View a recipe anywhere; craft where venue and recipe match skill,随处查看配方；在场地与配方皆契合技艺之处炼制
so|LocData|resources.assets|28229|entries[77].key,UI_CRAFTING_PLEASE_SELECT_TITLE,UI_CRAFTING_PLEASE_SELECT_TITLE
so|LocData|resources.assets|28229|entries[77].value,Select a recipe...,选择配方……
so|LocData|resources.assets|28229|entries[78].key,UI_CRAFTING_SKILLS_OR,UI_CRAFTING_SKILLS_OR
so|LocData|resources.assets|28229|entries[78].value,", OR ",，或 
so|LocData|resources.assets|28229|entries[79].key,UI_CRAFTING_SKILL_AT_VENUES_ENTRY,UI_CRAFTING_SKILL_AT_VENUES_ENTRY
so|LocData|resources.assets|28229|entries[79].value,{0} in a {1},在{1}中{0}
so|LocData|resources.assets|28229|entries[7].key,ADVICE_EQUIPPED_EXHAUSTABLE,ADVICE_EQUIPPED_EXHAUSTABLE
so|LocData|resources.assets|28229|entries[7].value,"This item is assigned as Active - it's modifying your Skill checks, and will be exhausted after use.","此物品已被指派为活跃物品——它会修正你的技艺检定,使用后即告耗尽。"
so|LocData|resources.assets|28229|entries[80].key,UI_CRAFTING_SKILL_LOCKED,UI_CRAFTING_SKILL_LOCKED
so|LocData|resources.assets|28229|entries[80].value,Improve your Skills to craft this recipe,提升你的技艺以炼制此配方
so|LocData|resources.assets|28229|entries[81].key,UI_CRAFTING_VENUE_NEEDS_SKILL,UI_CRAFTING_VENUE_NEEDS_SKILL
so|LocData|resources.assets|28229|entries[81].value,Recipe fits venue; but venue needs Skills {0},配方适合此场地；但场地需要技艺{0}
so|LocData|resources.assets|28229|entries[82].key,UI_CRAFTING_VENUE_OR,UI_CRAFTING_VENUE_OR
so|LocData|resources.assets|28229|entries[82].value, or ,或
so|LocData|resources.assets|28229|entries[83].key,UI_CRAFTING_VENUE_SKILL_INSUFFICIENT,UI_CRAFTING_VENUE_SKILL_INSUFFICIENT
so|LocData|resources.assets|28229|entries[83].value,You are skilled enough for this recipe… but only with {0},你的技艺已足以炼制此配方……但仅限于{0}
so|LocData|resources.assets|28229|entries[84].key,UI_CRAFTING_WRONG_VENUE,UI_CRAFTING_WRONG_VENUE
so|LocData|resources.assets|28229|entries[84].value,Craft at: {0},炼制地点：{0}
so|LocData|resources.assets|28229|entries[85].key,UI_CURRENCY_SHORT_cashBritain,UI_CURRENCY_SHORT_cashBritain
so|LocData|resources.assets|28229|entries[86].key,UI_CURRENCY_SHORT_cashEastGermany,UI_CURRENCY_SHORT_cashEastGermany
so|LocData|resources.assets|28229|entries[86].value,OM,OM
so|LocData|resources.assets|28229|entries[87].key,UI_CURRENCY_SHORT_cashRepublic,UI_CURRENCY_SHORT_cashRepublic
so|LocData|resources.assets|28229|entries[87].value,FR,FR
so|LocData|resources.assets|28229|entries[88].key,UI_CURRENCY_SHORT_cashSoviet,UI_CURRENCY_SHORT_cashSoviet
so|LocData|resources.assets|28229|entries[89].key,UI_CURRENCY_SHORT_cashState,UI_CURRENCY_SHORT_cashState
so|LocData|resources.assets|28229|entries[89].value,FQ,FQ
so|LocData|resources.assets|28229|entries[8].key,ADVICE_HAS_SKILL_MODIFIERS,ADVICE_HAS_SKILL_MODIFIERS
so|LocData|resources.assets|28229|entries[8].value,Drag this to one of your Active Items slots.,把它拖到你的某个活跃物品栏位中。
so|LocData|resources.assets|28229|entries[90].key,UI_CURRENCY_SHORT_cashSwiss,UI_CURRENCY_SHORT_cashSwiss
so|LocData|resources.assets|28229|entries[90].value,CHF,CHF
so|LocData|resources.assets|28229|entries[91].key,UI_CURRENCY_SHORT_cashUSA,UI_CURRENCY_SHORT_cashUSA
so|LocData|resources.assets|28229|entries[92].key,UI_CURRENCY_SHORT_cashWestGermany,UI_CURRENCY_SHORT_cashWestGermany
so|LocData|resources.assets|28229|entries[92].value,DM,DM
so|LocData|resources.assets|28229|entries[93].key,UI_CURRENCY_SHORT_cigarette,UI_CURRENCY_SHORT_cigarette
so|LocData|resources.assets|28229|entries[93].value,CIG,CIG
so|LocData|resources.assets|28229|entries[94].key,UI_DATA_COLLECTION_ACCEPTED,UI_DATA_COLLECTION_ACCEPTED
so|LocData|resources.assets|28229|entries[94].value,YES,是
so|LocData|resources.assets|28229|entries[95].key,UI_DATA_COLLECTION_ACCEPTED_HINT,UI_DATA_COLLECTION_ACCEPTED_HINT
so|LocData|resources.assets|28229|entries[95].value,We'll collect pseudonymised data about story choices,我们将收集剧情选择的假名化数据
so|LocData|resources.assets|28229|entries[96].key,UI_DATA_COLLECTION_ACCEPTED_PLUS,UI_DATA_COLLECTION_ACCEPTED_PLUS
so|LocData|resources.assets|28229|entries[96].value,LINK,关联
so|LocData|resources.assets|28229|entries[97].key,UI_DATA_COLLECTION_ACCEPTED_PLUS_HINT,UI_DATA_COLLECTION_ACCEPTED_PLUS_HINT
so|LocData|resources.assets|28229|entries[97].value,"As Yes, plus you don't mind us linking it to bug reports",与「是」相同，且不介意我们将数据与错误报告关联
so|LocData|resources.assets|28229|entries[98].key,UI_DATA_COLLECTION_DENIED,UI_DATA_COLLECTION_DENIED
so|LocData|resources.assets|28229|entries[98].value,NO,否
so|LocData|resources.assets|28229|entries[99].key,UI_DATA_COLLECTION_DENIED_HINT,UI_DATA_COLLECTION_DENIED_HINT
so|LocData|resources.assets|28229|entries[99].value,We won't collect any data about story choices,我们不会收集任何剧情选择数据
so|LocData|resources.assets|28229|entries[9].key,ADVICE_HAS_SKILL_MODIFIERS_EXHAUSTABLE,ADVICE_HAS_SKILL_MODIFIERS_EXHAUSTABLE
so|LocData|resources.assets|28229|entries[9].value,Using this item to help with a successful skill test will consume it! (A failed skill test won't consume it.),"用此物品助你通过一次技艺检定,就会把它消耗掉!(检定失败则不会消耗。)"
so|LocusPortalUsable|level10|3098|_locusName,spawnpoint_from_sanitarium,spawnpoint_from_sanitarium
so|MapOpener|level7|5933|Notes,"Once we've been to Mimata, the conversation will stop showing up.
Until we know she's with the Rosa Mundi, the conversation will bump us out.
Once we know she's with the Rosa Mundi, the conversation will fire, but then sequence us into the map.","一旦我们去过米玛塔,这段对话就不再出现。
在我们得知她与罗莎·蒙迪同行之前,对话会打断我们。
一旦我们得知她与罗莎·蒙迪同行,对话便会触发,但随后将我们送入地图。"
so|MapOpener|level7|5933|_requirementForTravel.text,<mimata,<mimata
so|MapOpener|level7|5933|_tutorialTravelStates[0]._requirement.text,<favours,<favours
so|MapOpener|level9|2489|_tutorialTravelStates[0]._requirement.text,unmet,unmet
so|MerchantProfile|resources.assets|28501|_label,French State (Black Market),法兰西邦国(黑市)
so|MerchantProfile|resources.assets|28502|_label,French State (Legitimate),法兰西邦国(正规)
so|MerchantQuality|resources.assets|28503|_description,"Goods that the French State might proscribe or tax, smuggled up the coast from Monaco.","法兰西邦国可能查禁或征税的货物,从摩纳哥沿岸一路走私而来。"
so|MerchantQuality|resources.assets|28503|_label,Behind the Bookseller,书商身后
so|MerchantQuality|resources.assets|28504|_description,"Through two mundane wars and one celestial, across at least five cities, this establishment has catered to discerning gentlemen.","历经两场凡世战争与一场天界战争,辗转至少五座城市,这家铺子始终侍奉着眼光挑剔的先生们。"
so|MerchantQuality|resources.assets|28504|_label,JANVIER et Fils,让维耶父子行
so|MerchantQuality|resources.assets|28504|_stock[0].uniqueWith[1].text,Unlocked,已解锁
so|MerchantQuality|resources.assets|28504|_stock[0].unlockReq.text,*/revealedIdentityJanvier,*/revealedIdentityJanvier
so|MerchantQuality|resources.assets|28504|_stock[1].uniqueWith[0].text,=[Unlocked],=[Unlocked]
so|MidpointSO|resources.assets|28011|_midpointName,AnyAcceptance,AnyAcceptance
so|MidpointSO|resources.assets|28214|_midpointName,Known,Known
so|MidpointSO|resources.assets|29206|_midpointName,drinksCurrentlyDoctored,drinksCurrentlyDoctored
so|MidpointSO|resources.assets|29278|_midpointName,found_nina,found_nina
so|MusicQuality|resources.assets|28747|_label,Music Override,音乐覆盖
so|MusicTrackLibrary|resources.assets|28304|tracks[0],Antibes Light,昂蒂布之光
so|MusicTrackLibrary|resources.assets|28304|tracks[10],Rosa Mundi attenuated,罗莎·蒙迪(衰减版)
so|MusicTrackLibrary|resources.assets|28304|tracks[11],temenos.thunderskin,temenos.thunderskin
so|MusicTrackLibrary|resources.assets|28304|tracks[12],temenos.flowermaker,temenos.flowermaker
so|MusicTrackLibrary|resources.assets|28304|tracks[13],temenos.suninrags,temenos.suninrags
so|MusicTrackLibrary|resources.assets|28304|tracks[14],The Carapace Cross,介壳种
so|MusicTrackLibrary|resources.assets|28304|tracks[15],The Incorporates,集团
so|MusicTrackLibrary|resources.assets|28304|tracks[16],Vessella's Italian Band,韦塞拉的意大利乐队
so|MusicTrackLibrary|resources.assets|28304|tracks[17],antibes:chezFelix,antibes:chezFelix
so|MusicTrackLibrary|resources.assets|28304|tracks[18],Sergei Rachmaninoff,谢尔盖·拉赫玛尼诺夫
so|MusicTrackLibrary|resources.assets|28304|tracks[19],Golliwoggs Cake-Walk,《木偶的步态舞》
so|MusicTrackLibrary|resources.assets|28304|tracks[1],sanitarium.l2,sanitarium.l2
so|MusicTrackLibrary|resources.assets|28304|tracks[20],Hans Kindler - Rosario Bourdon,汉斯·金德勒－罗萨里奥·布尔东
so|MusicTrackLibrary|resources.assets|28304|tracks[21],Le Cygne (The Swan),《天鹅》
so|MusicTrackLibrary|resources.assets|28304|tracks[2],antibes:sunnySide,antibes:sunnySide
so|MusicTrackLibrary|resources.assets|28304|tracks[3],brancrug.village,brancrug.village
so|MusicTrackLibrary|resources.assets|28304|tracks[4],berlin.allied,berlin.allied
so|MusicTrackLibrary|resources.assets|28304|tracks[5],berlin.russian,berlin.russian
so|MusicTrackLibrary|resources.assets|28304|tracks[6],Dinner in the Dark,黑暗中的晚餐
so|MusicTrackLibrary|resources.assets|28304|tracks[7],paris.mithraeum,paris.mithraeum
so|MusicTrackLibrary|resources.assets|28304|tracks[8],Fiaker at the Centrale,中央站的菲亚克马车
so|MusicTrackLibrary|resources.assets|28304|tracks[9],Breakfast in the Ruins,废墟中的早餐
so|Oneshot|level11|1848|_effects[0].text,spawnpoint_from_sanitarium.l2,spawnpoint_from_sanitarium.l2
so|Oneshot|level7|6130|_effects[0].text,spawnpoint_from_antibes,spawnpoint_from_antibes
so|Outfit|resources.assets|28568|_description,TBC,TBC
so|Outfit|resources.assets|28568|_label,After Six,六点之后
so|Outfit|resources.assets|28569|_description,"When one's suitcase has been confiscated, tailor subverted, or laundry pre-empted...",当行李箱被没收、裁缝被策反，或者洗衣计划被别人抢先一步时……
so|Outfit|resources.assets|28569|_label,Déshabillé,家居装
so|Outfit|resources.assets|28570|_label,Father Brass,黄铜神父
so|Outfit|resources.assets|28571|_description,"Conservatively casual, scrupulously unthreatening.",保守而随意，一丝不苟地毫无威胁。
so|Outfit|resources.assets|28571|_label,Father's Day,父亲节
so|Outfit|resources.assets|28572|_label,Garden Party,花园宴会
so|Outfit|resources.assets|28573|_label,Honneur et Humanité,荣誉与人道
so|Outfit|resources.assets|28574|_label,Kir Royale,皇家基尔
so|Outfit|resources.assets|28575|_description,"All the swingest zazous hung at Le Pam-Pam. <i>Sensass</i> drinks, <i>sensass</i> style, <i>sensass</i> music! And best of all, Vichy <i>hated</i> it.",最会摇摆的扎祖青年都聚在帕姆-帕姆。<i>绝赞</i>的饮料，<i>绝赞</i>的风格，<i>绝赞</i>的音乐！最妙的是，维希<i>恨透了</i>这里。
so|Outfit|resources.assets|28575|_label,Le Pam-Pam,帕姆-帕姆
so|Outfit|resources.assets|28576|_description,"Bohemian, or burglar? Modern, minimal, dramatic.",波希米亚人，还是窃贼？现代、简洁、戏剧性。
so|Outfit|resources.assets|28576|_label,Man of Mystery,神秘男子
so|Outfit|resources.assets|28577|_label,Mufti,便装
so|Outfit|resources.assets|28579|_label,Orderly,护工服
so|Outfit|resources.assets|28580|_label,Scapin-at-Large,逍遥斯卡潘
so|Outfit|resources.assets|28581|_label,Shooting Party,狩猎聚会
so|Outfit|resources.assets|28582|_label,Soutane,神父袍
so|Outfit|resources.assets|28583|_label,Spearmint Bounder,薄荷浪荡子
so|Outfit|resources.assets|28584|_label,Sphinx and Castle,狮身人面像与城堡
so|Outfit|resources.assets|28585|_description,"When you want to go punting, or conduct a swing band.",适合你想去撑篙划船，或者指挥一支摇摆乐队的时候。
so|Outfit|resources.assets|28585|_label,Summer Frivolity,盛夏轻佻
so|Outfit|resources.assets|28586|_description,"Fashionable, practical, and snug. An American style, but not an Incorporate one.",时髦、实用、暖和。美国风格，但并非集团风格。
so|Outfit|resources.assets|28586|_label,Transatlantic Rambler,跨大西洋漫游客
so|Outfit|resources.assets|28587|_description,"Authoritative, austere, armoured against colder climes.",威严、克制，像披甲一样抵御更寒冷的气候。
so|Outfit|resources.assets|28587|_label,Trench Coat Brigade,风衣旅
so|Outfit|resources.assets|28588|_description,Ready for a night at the opera.,已经准备好去歌剧院过一夜。
so|Outfit|resources.assets|28588|_label,White Tie,白领结
so|Passion|resources.assets|28988|_label,NullPassion,无激情
so|Passion|resources.assets|28989|_description,"To strive, to achieve, to rise. A [[Passion]].

[Aspirational, confident, prideful, or arrogant choices are Ambitious.]","奋斗，成就，上升。一种[[激情]]。

[追求上进、自信、自豪或傲慢的选择，都属于「野心」。]"
so|Passion|resources.assets|28989|_label,Ambition,野心
so|Passion|resources.assets|28990|_description,"To avenge whatever I might suffer; to be feared.

A [[Passion]].

[Forceful, aggressive, or spiteful choices embody Anger. But Spencer isn't a violent man.]","为我遭受的一切复仇；让人畏惧我。

一种[[激情]]。

[强硬、攻击性或怀恨的选择体现「愤怒」。但斯宾塞并不是暴力的人。]"
so|Passion|resources.assets|28990|_label,Anger,愤怒
so|Passion|resources.assets|28991|_description,"More of it, whatever it is. Avarice, lust, gluttony: all the fun ones.

A [[Passion]].","无论是什么，都还要更多。贪婪、色欲、暴食：全是好玩的那些。

一种[[激情]]。"
so|Passion|resources.assets|28991|_label,Appetite,欲望
so|Passion|resources.assets|28992|_description,"'Only a million people can help a million people. But one person can help one person.'

A [[Passion]].

[Gentle or empathetic conversation choices often count as Compassionate.]","『一百万人只能由一百万人来帮助。但一个人可以帮助一个人。』

一种[[激情]]。

[温和或富有同理心的对话选择通常属于「悲悯」。]"
so|Passion|resources.assets|28992|_label,Compassion,悲悯
so|Passion|resources.assets|28993|_description,"There's always, always something more to know.

A [[Passion]].","永远，永远都有更多值得知道。

一种[[激情]]。"
so|Passion|resources.assets|28993|_label,Curiosity,好奇
so|Passion|resources.assets|28994|_description,"It is what it is.

A [[Passion]]. Though we might not feel like it counts as a Passion.

[Self-centred, or deceitful, or sceptical actions are all Cynical.]","事情就是这样。

一种[[激情]]。虽然我们可能觉得这根本算不上激情。

[自我中心、欺骗性或怀疑主义的行动都属于「犬儒」。]"
so|Passion|resources.assets|28994|_label,Cynicism,犬儒
so|Passion|resources.assets|28995|_description,"There used to be more in me.

[An absence that might be filled with any Passion.]","我体内曾经有更多东西。

[一处可以被任意激情填满的空缺。]"
so|Passion|resources.assets|28995|_label,Hollow,空洞
so|Passion|resources.assets|28996|_description,"Who you are is what you do when no-one's watching.

A [[Passion]].

[Honourable choices may involve self-discipline, honesty, or just courtesy.]","无人注视时你做什么，才决定你是谁。

一种[[激情]]。

[「荣誉」选择可能意味着自律、诚实，或者单纯的礼貌。]"
so|Passion|resources.assets|28996|_label,Honour,荣誉
so|Passion|resources.assets|28997|_description,"Something's been cut out of me.

[An absence that might be filled with any Passion.]","我体内有某样东西被切走了。

[一处可以被任意激情填满的空缺。]"
so|Passion|resources.assets|28997|_label,Scarred,伤痕累累
so|Passion|resources.assets|28998|_description,"'Tho much abides... much is taken.'

A [[Passion]].

[Choices which acknowledge regret are Sorrowful. So, usually, is a choice to remain silent.]","『虽仍有许多留存……更多已被夺去。』

一种[[激情]]。

[承认遗憾的选择属于「悲伤」。通常，选择沉默也是。]"
so|Passion|resources.assets|28999|_description,"Yes, I did.

And <i>what?</i>

A [[Passion]]. Whimsical choices are not often constructive.","是，我做过。

可<i>做过什么？</i>

一种[[激情]]。「奇想」的选择通常不怎么有建设性。"
so|Passion|resources.assets|28999|_label,Whimsy,奇想
so|QuoteSceneController|level2|35|_longWorkBeginningString,<i>,<i>
so|QuoteSceneController|level2|35|_longWorkEndingString,</i>,</i>
so|Recipe|resources.assets|28506|_advice,Patience defeats strength; winter waits.,耐心胜过蛮力；冬天会等。
so|Recipe|resources.assets|28506|_description,Use a Winter Influence to subvert two Edge Influences into a Winter Memory.,以一份冬之影响为催化，将两份刃之影响转化为一份冬之回忆。
so|Recipe|resources.assets|28506|_label,Winter Memory,冬之回忆
so|Recipe|resources.assets|28506|_slots[0]._label,Catalyst,催化剂
so|Recipe|resources.assets|28506|_slots[1]._label,Subvert,转化
so|Recipe|resources.assets|28507|_advice,"What is shaped, may be shattered, especially where battle has branded the skin of the world.",凡被塑成者，皆可被击碎，尤其在战斗已经烙伤世界皮肤的地方。
so|Recipe|resources.assets|28507|_description,Use an Edge Influence to subvert two Forge Influences into an Edge Memory.,以一份刃之影响为催化，将两份铸之影响转化为一份刃之回忆。
so|Recipe|resources.assets|28507|_label,Edge Memory,刃之回忆
so|Recipe|resources.assets|28508|_advice,"If Grail is oldest, Moth is older.",若杯最古老，那么蛾比它更古老。
so|Recipe|resources.assets|28508|_description,Use a Moth Influence to subvert two Grail Influences into a Moth Memory.,以一份蛾之影响为催化，将两份杯之影响转化为一份蛾之回忆。
so|Recipe|resources.assets|28508|_label,Moth Memory,蛾之回忆
so|Recipe|resources.assets|28509|_advice,"What moves, hungers.",凡运动者，皆会饥饿。
so|Recipe|resources.assets|28509|_description,Use a Grail Influence to subvert two Heart Influences into a Grail Memory.,以一份杯之影响为催化，将两份心之影响转化为一份杯之回忆。
so|Recipe|resources.assets|28509|_label,Grail Memory,杯之回忆
so|Recipe|resources.assets|28510|_advice,Pragmatism collapses abstraction.,务实压垮抽象。
so|Recipe|resources.assets|28510|_description,Use a Forge Influence to subvert two Lantern Influences into a Forge Memory.,以一份铸之影响为催化，将两份灯之影响转化为一份铸之回忆。
so|Recipe|resources.assets|28510|_label,Forge Memory,铸之回忆
so|Recipe|resources.assets|28511|_advice,"The Glory is a question, and the Moth always answers, Yes.",辉光是一个问题，而蛾总会回答：「是。」
so|Recipe|resources.assets|28511|_description,Use a Lantern  Influence to subvert two Moth Influences into a Lantern Memory.,以一份灯之影响为催化，将两份蛾之影响转化为一份灯之回忆。
so|Recipe|resources.assets|28511|_label,Lantern Memory,灯之回忆
so|Recipe|resources.assets|28512|_advice,The compass rose faces every direction from the circle's edge. Rose goes anywhere.,罗盘玫瑰从圆周边缘指向所有方向。引能去任何地方。
so|Recipe|resources.assets|28512|_description,"With a Rose Memory as a catalyst, to convert any two other Influences to one random Memory.",以一份引之回忆为催化剂，将任意两份其他影响转化为一份随机回忆。
so|Recipe|resources.assets|28512|_label,Surprise Memory,惊奇回忆
so|Recipe|resources.assets|28513|_advice,"First winter, then spring.",先有冬，再有春。
so|Recipe|resources.assets|28513|_description,Use a Heart Influence to subvert two Winter Influences into a Heart Memory.,以一份心之影响为催化，将两份冬之影响转化为一份心之回忆。
so|Recipe|resources.assets|28513|_label,Heart Memory,心之回忆
so|Recipe|resources.assets|28514|_advice,"When we open a thing, then we learn its nature. but its nature changes. Knock is the wound at the centre",当我们打开某物，便会知晓其本性。但它的本性也随之改变。启，是位于中心的伤口。
so|Recipe|resources.assets|28514|_description,Use a Knock Influence to subvert any two Influences into a Knock Memory.,以一份启之影响为催化，将任意两份影响转化为一份启之回忆。
so|Recipe|resources.assets|28514|_label,Knock Memory,启之回忆
so|Recipe|resources.assets|28515|_description,"Since the war, Night Arts practitioners rely on the assertions of the Ministries <i>dolya</i>. If I won't, or can't, I can defiantly acknowledge necessity with a token of base metal backed by the older powers of night and bone. But it will rely on - and add to - that familiar half-cosmic Dread.",战争之后，夜之技艺的施术者依赖联盟<i>多利亚</i>的断言。若我不愿或不能如此，也可以用一枚贱金属信物，借夜与骨的旧权能，桀骜地「承认必然」。不过这依赖——并加深——那熟悉的、半属宇宙尺度的恐惧。
so|Recipe|resources.assets|28515|_label,Acknowledge Necessity,承认必然
so|Recipe|resources.assets|28516|_description,"Since the war, Bright Arts practitioners rely on the authority of the dollar. If I won't, or can't, I can mischievously assert authority with a token of paper and old light. But it will rely on - and add to - the dangerous dazzlement of Fascination.",战争之后，光之技艺的施术者依赖美元所代表的权威。若我不愿或不能如此，也可以用纸片与旧光制成一枚信物，恶作剧般「宣示权威」。不过这依赖危险的入迷眩光，也会让入迷加深。
so|Recipe|resources.assets|28516|_label,Assert Authority,宣示权威
so|Recipe|resources.assets|28517|_completionEffects[1].text,do:crafted,do:crafted
so|Recipe|resources.assets|28517|_slots[1]._label,Ingredient,原料
so|Recipe|resources.assets|28518|_advice,Hidden things might be revealed by the Eye. Dark things might be discouraged.,隐藏之物也许会被那只眼揭示。黑暗之物也许会因此退缩。
so|Recipe|resources.assets|28518|_description,"Prick a one-dollar note ('bill', as the [[Incorporates]] would call it) in the correct pattern to awaken the Eye in the Pyramid. In lean times, use another sign of Authority. Needs a Lantern-aspected Memory, and a bill or a substitute.",按正确图案在一美元纸币（[[集团]]会称之为「钞票」）上扎孔，即可唤醒金字塔中的那只「眼」。拮据之时，也可使用另一种权威的印记。需要一份灯性相的回忆，以及一张纸币或替代之物。
so|Recipe|resources.assets|28518|_label,Awaken a Wakeful Eye,唤醒一只警醒之眼
so|Recipe|resources.assets|28520|_advice,"'By Heaven, Sir, we shall have no Cigars in the Library, and yet we shall have no House without a Smoking-Room.'",『天哪，先生——图书馆里决不能有雪茄；可一座宅邸又怎能没有吸烟室。』
so|Recipe|resources.assets|28520|_description,Use Grail influence to reduce Dread. Cheerier than many Grail rites. That's Bancroft for you.,用杯之影响削减恐惧。与许多杯之仪式相比，这一式轻快得多。班克罗夫特就是这种人。
so|Recipe|resources.assets|28520|_label,Bancroft's Theme,班克罗夫特的主题
so|Recipe|resources.assets|28521|_description,"With Edge influence, provoke a ghastly realisation to reduce Fascination. By Gristwood's usual appalling standards, this is quite a gentle rite, but it still provokes at least a little Dread.
",用刃之影响激发一次可怕的领悟，从而削减入迷。按格里斯特伍德一贯骇人的标准，这已经是相当温和的仪式，但仍会至少激起少许恐惧。
so|Recipe|resources.assets|28521|_label,Gristwood's Anagnorisis,格里斯特伍德的识认
so|Recipe|resources.assets|28522|_description,"A root-rite performed to protect against fascination. Traditionally, one digs beneath the roots of a yew with one's fingernails, but Moth is forgiving. Or at least distractible.",一种用于抵御入迷的根系仪式。传统做法是用指甲在紫杉根下挖掘，不过蛾很宽容。或者至少很容易分心。
so|Recipe|resources.assets|28522|_label,Ivinek,魅爪仪式
so|Recipe|resources.assets|28523|_description,"The Ordo Limiae, later called the Obliviates, often used this rite to cover their tracks, despite its inherent risk of Fascination.",利米亚教团——后来被称作遗忘者——常用这一仪式掩盖行迹，尽管它天然带有引发入迷的风险。
so|Recipe|resources.assets|28523|_label,Limian Discipline,利米亚典仪
so|Recipe|resources.assets|28524|_description,"Use Lantern influence to reduce Dread. This rite invokes the Madrugad - or her departing remnants, at least - so it'll always increase Fascination to some degree.",用灯之影响削减恐惧。此仪式祈请昕旦——或者至少是祂正在消散的残余——因此总会在某种程度上增加入迷。
so|Recipe|resources.assets|28524|_label,Operation of the Ascending Sun,旭日升腾行动
so|Recipe|resources.assets|28525|_advice,The walls of the House are the size of starlight.,居屋的墙壁，尺度与星光相同。
so|Recipe|resources.assets|28525|_description,Move through the dark angles and near superficies of the Bounds.,沿着边境的黑暗角度与近邻表面移动。
so|Recipe|resources.assets|28525|_label,Starlit Steps,星光阶梯
so|Recipe|resources.assets|28526|_description,"Thirza Blake, Seventh Librarian of Hush House, used this bracingly practical rite to ease her joint pains and the stomach cramps caused by her ceaseless enthusiasm for apples.",噤声居屋第七任馆长瑟莎·布莱克用这套极为实用、令人精神一振的仪式缓解关节疼痛，以及她因永不停歇地热爱苹果而造成的胃痉挛。
so|Recipe|resources.assets|28526|_label,Thirza's Renewal,瑟莎之复新
so|Recipe|resources.assets|28527|_description,The story is that Solomon Husher would use this rite when he wished to leave no footprints. Husher was not a man to fear the Dread this rite sometimes provokes.,传说所罗门·赫舍希望不留下脚印时便会使用这一仪式。赫舍并不是会害怕此仪式偶尔引发之恐惧的人。
so|Recipe|resources.assets|28527|_label,Unbroken Snow,未破之雪
so|Recipe|resources.assets|28528|_description,"An effective cure for Weariness, but it always brings at least a little pain in its wake.",治疗倦怠十分有效，但之后总会带来至少一点疼痛。
so|Recipe|resources.assets|28528|_label,Westcott's Vapours,韦斯科特之蒸气
so|RelationshipQuality|resources.assets|29000|_actorName,antibes/andrée,antibes/andrée
so|RelationshipQuality|resources.assets|29000|_label,Opinion - Andrée,看法 - 安德烈
so|RelationshipQuality|resources.assets|29001|_actorName,argant,argant
so|RelationshipQuality|resources.assets|29001|_label,Opinion - Argant,看法 - 阿尔冈
so|RelationshipQuality|resources.assets|29002|_actorName,antibes/aristide,antibes/aristide
so|RelationshipQuality|resources.assets|29002|_label,Opinion - Aristide,看法 - 阿里斯蒂德
so|RelationshipQuality|resources.assets|29003|_actorName,arun,arun
so|RelationshipQuality|resources.assets|29003|_label,Opinion - Arun,看法 - 阿伦
so|RelationshipQuality|resources.assets|29004|_actorName,sanitarium/aubiere,sanitarium/aubiere
so|RelationshipQuality|resources.assets|29004|_label,Opinion - Dr Aubière,看法 - 奥比埃医生
so|RelationshipQuality|resources.assets|29005|_actorName,bessy,bessy
so|RelationshipQuality|resources.assets|29005|_label,Opinion - Bessy,看法 - 贝茜
so|RelationshipQuality|resources.assets|29006|_actorName,bronek,bronek
so|RelationshipQuality|resources.assets|29006|_label,Opinion - Bronek,看法 - 布罗内克
so|RelationshipQuality|resources.assets|29007|_actorName,misc/cenacle,misc/cenacle
so|RelationshipQuality|resources.assets|29007|_label,Opinion - Brother Cenacle,看法 - 塞纳克尔修士
so|RelationshipQuality|resources.assets|29008|_actorName,companions/chaima,companions/chaima
so|RelationshipQuality|resources.assets|29008|_label,Opinion - Chaima,看法 - 柴玛
so|RelationshipQuality|resources.assets|29009|_actorName,companions/corso,companions/corso
so|RelationshipQuality|resources.assets|29009|_label,Opinion - Corso,看法 - 科尔索
so|RelationshipQuality|resources.assets|29010|_actorName,misc/dagmar,misc/dagmar
so|RelationshipQuality|resources.assets|29011|_actorName,misc/douglas,misc/douglas
so|RelationshipQuality|resources.assets|29011|_label,Opinion - D.O. Moore,看法 - 启明警探摩尔
so|RelationshipQuality|resources.assets|29012|_actorName,berlin/edouarde,berlin/edouarde
so|RelationshipQuality|resources.assets|29012|_label,Opinion - Edouarde,看法 - 爱德华德
so|RelationshipQuality|resources.assets|29013|_actorName,berlin/frauke,berlin/frauke
so|RelationshipQuality|resources.assets|29013|_label,Opinion - Frauke,看法 - 弗劳克
so|RelationshipQuality|resources.assets|29014|_actorName,misc/hokobald,misc/hokobald
so|RelationshipQuality|resources.assets|29014|_label,Opinion - Hokobald,看法 - 霍科巴尔德
so|RelationshipQuality|resources.assets|29015|_actorName,antibes/janvierElder,antibes/janvierElder
so|RelationshipQuality|resources.assets|29015|_label,Opinion - The elder Janvier,看法 - 老让维耶
so|RelationshipQuality|resources.assets|29016|_label,Opinion - Father Jaume,看法 - 若梅神父
so|RelationshipQuality|resources.assets|29017|_actorName,antibes/jeanbernard,antibes/jeanbernard
so|RelationshipQuality|resources.assets|29017|_label,Opinion - Jean-Bernard,看法 - 让-贝尔纳
so|RelationshipQuality|resources.assets|29018|_label,Opinion - Khione,看法 - 喀俄涅
so|RelationshipQuality|resources.assets|29019|_label,Opinion - Leon,看法 - 莱昂
so|RelationshipQuality|resources.assets|29020|_actorName,antibes/leopold,antibes/leopold
so|RelationshipQuality|resources.assets|29020|_label,Opinion - Leopold,看法 - 利奥波德
so|RelationshipQuality|resources.assets|29021|_label,Opinion - Linou,看法 - 利努
so|RelationshipQuality|resources.assets|29022|_actorName,mathis,mathis
so|RelationshipQuality|resources.assets|29022|_label,Opinion - Mathis,看法 - 马蒂斯
so|RelationshipQuality|resources.assets|29023|_actorName,medea,medea
so|RelationshipQuality|resources.assets|29023|_label,Opinion - Medea,看法 - 美狄亚
so|RelationshipQuality|resources.assets|29025|_actorName,antibes/philomele,antibes/philomele
so|RelationshipQuality|resources.assets|29025|_label,Opinion - Philomèle ,看法 - 菲洛梅尔
so|RelationshipQuality|resources.assets|29026|_actorName,rodia,rodia
so|RelationshipQuality|resources.assets|29026|_label,Opinion - Rodia,看法 - 罗迪娅
so|RelationshipQuality|resources.assets|29027|_label,Opinion - Dr J.N. Sinombre,看法 - J.N.·西诺姆布尔医生
so|RelationshipQuality|resources.assets|29028|_actorName,strathcoyne,strathcoyne
so|RelationshipQuality|resources.assets|29028|_label,Opinion - Strathcoyne,看法 - 斯特拉斯科因
so|RelationshipQuality|resources.assets|29029|_actorName,torgue,torgue
so|RelationshipQuality|resources.assets|29029|_label,Opinion - Torgue,看法 - 图格
so|RelationshipQuality|resources.assets|29030|_actorName,companions/vincent,companions/vincent
so|RelationshipQuality|resources.assets|29030|_label,Opinion - Vincent,看法 - 文森特
so|RelationshipQuality|resources.assets|29031|_actorName,caen/ysien.caen,caen/ysien.caen
so|RelationshipQuality|resources.assets|29031|_label,Opinion - Zoarium,看法 - 佐阿里乌姆
so|RelationshipQuality|resources.assets|29032|_label,Opinion - Mme Zèlia,看法 - 泽莉亚夫人
so|Renderer2DData|globalgamemanagers.assets|3800|m_LightBlendStyles[0].name,Multiply,Multiply
so|Renderer2DData|globalgamemanagers.assets|3800|m_LightBlendStyles[1].name,Additive,Additive
so|Renderer2DData|globalgamemanagers.assets|3800|m_LightBlendStyles[2].name,Multiply with Mask,Multiply with Mask
so|Renderer2DData|globalgamemanagers.assets|3800|m_LightBlendStyles[3].name,Additive with Mask,Additive with Mask
so|SceneBookmarkQuality|resources.assets|29033|_backingVariableName,scenebookmark.whitedoor,scenebookmark.whitedoor
so|SceneBookmarkQuality|resources.assets|29033|_label,bkm_whitedoor,bkm_whitedoor
so|SceneQuality|resources.assets|29034|_label,Proving Ground,试验场
so|SceneQuality|resources.assets|29036|_label,"Berlin, Allied Sector",柏林，盟军区
so|SceneQuality|resources.assets|29037|_label,"Berlin, Russian Sector",柏林，俄占区
so|SceneQuality|resources.assets|29040|_label,Caen-Ouistreham,卡昂—乌伊斯特勒昂
so|SceneQuality|resources.assets|29042|_label,Sanitarium-in-the-Bounds,边境疗养院
so|SceneQuality|resources.assets|29045|_label,Mahaggony Cathedral,马哈戈尼大教堂
so|SceneQuality|resources.assets|29050|_label,Paris Mithraeum,巴黎密特拉神殿
so|SceneQuality|resources.assets|29054|_label,"Sanitarium, Upper Floor",疗养院，上层
so|SceneQuality|resources.assets|29055|_label,The Flowermaker's Temenos,制花人的圣域
so|SceneQuality|resources.assets|29056|_label,The Temenos of the Sun-in-Rags,残阳的圣域
so|SceneQuality|resources.assets|29057|_label,The Thunderskin's Temenos,轰雷之皮的圣域
so|SceneQuality|resources.assets|29058|_label,The White Door,纯白之门
so|ScriptablesCurator|resources.assets|28288|emptinessPassionsLabel,Emptiness,空虚
so|Sign|resources.assets|29059|_description,"A heart condition. I picked it up at the [[Stag Door]], while I was away. My heart goes first one way, then another. It is not to be relied on.",一种心脏状况。我离开世界期间，在[[牡鹿之门]]染上的。我的心一会儿朝这边，一会儿朝那边，根本靠不住。
so|Sign|resources.assets|29059|_label,Arlequin's Affliction,阿莱坎之疾
so|Sign|resources.assets|29060|_description,"A heart condition. I picked it up at the [[Stag Door]], while I was away. My heart trembles with half-guessed desires, but it keeps me warm at night.",一种心脏状况。我离开世界期间，在[[牡鹿之门]]染上的。我的心因半猜中的欲望而颤抖，但夜里它会让我保持温暖。
so|Sign|resources.assets|29060|_label,Cassandro's Woe,卡桑德罗之愁
so|Sign|resources.assets|29061|_description,"A heart condition. I picked it up at the [[Stag Door]], while I was away. My heart is heavy, but it always keeps me warm at night.",一种心脏状况。我离开世界期间，在[[牡鹿之门]]染上的。我的心很沉重，但夜里总会让我保持温暖。
so|Sign|resources.assets|29061|_label,Diamantina's Dismay,迪亚曼蒂娜之忧
so|Sign|resources.assets|29062|_description,"A heart condition. I picked it up at the [[Stag Door]], while I was away. My heart thunders with reckless bravery; but it keeps me warm at night.",一种心疾。是我离家期间在[[牡鹿之门]]染上的。我的心因鲁莽的勇猛而轰鸣;但它在夜里让我保持温暖。
so|Sign|resources.assets|29062|_label,Fracasse's Frailty,弗拉卡斯的孱弱
so|Sign|resources.assets|29063|_description,"A heart condition. I picked it up at the [[Stag Door]], while I was away. My heart yearns to rise. Sometimes I think it might leave me behind.","一种心疾。是我离家期间在[[牡鹿之门]]染上的。我的心渴望升起。有时我觉得,它也许会抛下我独自离去。"
so|Sign|resources.assets|29063|_label,Metaphraste's Malady,梅塔弗拉斯特的病恙
so|Sign|resources.assets|29064|_description,"A heart condition. I picked it up at the [[Stag Door]], while I was away. My heart is achingly alive to unexpected directions; but it keeps me warm at night.",一种心疾。是我离家期间在[[牡鹿之门]]染上的。我的心对意想不到的方向怀着痛楚般的敏锐;但它在夜里让我保持温暖。
so|Sign|resources.assets|29064|_label,Mezzetin's Misery,梅泽廷的苦楚
so|Sign|resources.assets|29066|_description,"A heart condition. I picked it up at the [[Stag Door]], while I was away. Sometimes my heart falters. Sometimes I feel the sting of its tender opening.","一种心疾。是我离家期间在[[牡鹿之门]]染上的。有时我的心会踌躇。有时,我感觉到它温柔开合时的那一缕刺痛。"
so|Sign|resources.assets|29066|_label,Pierrot's Pang,皮埃罗的刺痛
so|Sign|resources.assets|29067|_description,"A heart condition. I picked it up at the [[Stag Door]], while I was away. My heart is sullen, furious, though it keeps me warm at night.","一种心疾。是我离家期间在[[牡鹿之门]]染上的。我的心阴沉而暴怒,尽管它在夜里让我保持温暖。"
so|Sign|resources.assets|29067|_label,Polchinelle's Misfortune,波利希内尔的厄运
so|Sign|resources.assets|29068|_description,"A heart condition. I picked it up at the [[Stag Door]], while I was away. My heart is like a window banging in the storm - restless, undedicated, unconfinable.","一种心疾。是我离家期间在[[牡鹿之门]]染上的。我的心像风暴中砰砰作响的窗——躁动,无定,难拘束。"
so|Sign|resources.assets|29068|_label,Scapin's Sickness,斯卡潘的病疴
so|SkeletonAnimation|level10|3037|_animationName,idle_eye_movement,idle_eye_movement
so|SkeletonAnimation|level10|3088|_animationName,breathe,breathe
so|SkeletonAnimation|level7|4847|_animationName,sittingidle,sittingidle
so|SkeletonAnimation|level7|4913|_animationName,flagwave,flagwave
so|SkeletonAnimation|level7|6026|_animationName,animation,animation
so|SkeletonAnimation|level9|2657|_animationName,radicalLB,radicalLB
so|SkeletonAnimation|level9|2746|_animationName,flagwavepurple,flagwavepurple
so|SkeletonAnimation|resources.assets|34252|initialSkinName,goggles,goggles
so|SkeletonGraphic|level12|28401|initialSkinName,default,default
so|SkillCheckDifficulty|resources.assets|29152|_description,"Null, 0, no difficulty","Null,0,无难度"
so|SkillCheckDifficulty|resources.assets|29153|_description,Almost automatic success for anyone ,对任何人而言几乎必成 
so|SkillCheckDifficulty|resources.assets|29153|_label,Trivial,微不足道
so|SkillCheckDifficulty|resources.assets|29154|_description,test,测试
so|SkillCheckDifficulty|resources.assets|29154|_label,Semi,半级
so|SkillCheckDifficulty|resources.assets|29155|_description,"Simple tests with minimal challenge
","几乎没有任何挑战的简单测试
"
so|SkillCheckDifficulty|resources.assets|29155|_label,Very Easy,非常容易
so|SkillCheckDifficulty|resources.assets|29156|_description,"Basic challenges requiring minimal competence
","只需最低水准能力的基础挑战
"
so|SkillCheckDifficulty|resources.assets|29156|_label,Easy,容易
so|SkillCheckDifficulty|resources.assets|29157|_description,"Standard challenges requiring some skill
","需要一定技艺的标准挑战
"
so|SkillCheckDifficulty|resources.assets|29157|_label,Moderate,中等
so|SkillCheckDifficulty|resources.assets|29158|_description,"Significant challenges requiring dedication
","需要全力以赴的重大挑战
"
so|SkillCheckDifficulty|resources.assets|29158|_label,Challenging,有挑战性
so|SkillCheckDifficulty|resources.assets|29159|_description,"Demanding tests of skill
","对技艺要求苛刻的考验
"
so|SkillCheckDifficulty|resources.assets|29159|_label,Difficult,困难
so|SkillCheckDifficulty|resources.assets|29160|_description,"Untrained: Almost impossible (~1%)
","未受训练:几乎不可能(约 1%)
"
so|SkillCheckDifficulty|resources.assets|29160|_label,Very Difficult,非常困难
so|SkillCheckDifficulty|resources.assets|29161|_description,"Really hard unless you're really good
","若非真正好手,当真难如登天
"
so|SkillCheckDifficulty|resources.assets|29161|_label,Savagely Difficult,艰险至极
so|SkillCheckDifficulty|resources.assets|29162|_description,"Beyond normal human capability
","超出常人能力
"
so|SkillCheckDifficulty|resources.assets|29162|_label,Unfair,不公平
so|SkillCheckDifficulty|resources.assets|29163|_description,"Reserved for climactic moments or special scenarios
","专为高潮时刻或特殊情境保留
"
so|SkillCheckDifficulty|resources.assets|29163|_label,Implausible,匪夷所思
so|SkillCheckDifficulty|resources.assets|29164|_description,"Beyond mortal capability under normal circumstances
","正常情况下超出凡人之力
"
so|SkillCheckDifficulty|resources.assets|29164|_label,Mythic,神话级
so|Skill|resources.assets|29073|_description,"Music, riddles, miscellanea. Half-remembered conversations, the fruits of gossip and eavesdropping.

One of the [[Arts Unconsidered]]; it can be used at Thresholds and Verdant Places.
","音乐、谜语与杂学。依稀记得的交谈,闲言与窃听的果实。

属[[未识技艺]]之一;可用于门关与翠绿之地。
"
so|Skill|resources.assets|29073|_label,Birdsong,鸟鸣学
so|Skill|resources.assets|29074|_description,"The lore of the primaeval wood; rarely written, often felt. One of the [[Arts Unconsidered]], used in Verdant and Shadowed Places.
","太古之林的学问;罕有书载,多为亲觉。属[[未识技艺]]之一,用于翠绿与幽影之地。
"
so|Skill|resources.assets|29074|_label,Bosk,丛林学
so|Skill|resources.assets|29075|_description,"<i>I have the knack of being liked; and people who like me will often do things for me.</i>

Charm can make lies more plausible and pleas more effective. It's less useful if your listener is hostile, wary or duty-bound.

[A [[Worldly Skill]].]","<i>我有讨人喜欢的本事;喜欢我的人,往往愿意为我做事。</i>

魅力能让谎话更可信,恳求更奏效。若听者心怀敌意、满腹戒心,或职责在身,它的用处就要打些折扣。

[一项[[世俗技艺]]。]"
so|Skill|resources.assets|29075|_label,Charm,魅力
so|Skill|resources.assets|29076|_description,"I can project an air of authority and respectability. Something I learnt in my time as a priest and as a medic.

[A [[Worldly Skill]].]
","我能摆出权威而体面的派头。这是我当神父与行医时学到的东西。

[一项[[世俗技艺]]。]
"
so|Skill|resources.assets|29076|_label,Dignity,威仪
so|Skill|resources.assets|29077|_description,"I'm good with words. This can be useful when I want to explain to someone why they might want to help - or at least ensure they'll enjoy listening. It can also be useful for speed-reading, or spotting details like word choice and subtext.

[A [[Worldly Skill]].]","我擅长言辞。当我想向某人解释他们为何应当帮忙——或至少确保他们听得入耳时,这很有用。它也能用于速读,或留意遣词与言外之意之类的细节。

[一项[[世俗技艺]]。]"
so|Skill|resources.assets|29077|_label,Eloquence,辩才
so|Skill|resources.assets|29078|_description,"The laws and contentions of the Hours and their emanations. Covers Church doctrine and to some extent technique, although technique is more usually [[Illumination]]. Like Illumination, it's a [[Bright Art]]. Used at Thresholds and in Holy Places.","司辰及其流溢之物的律法与纷争。涵盖教会教义,也部分涉及技法,尽管技法通常更归于[[照明术]]。与照明术一样,它是一门[[光之技艺]]。用于门关与圣洁之地。"
so|Skill|resources.assets|29078|_label,Horomachistry,司辰学
so|Skill|resources.assets|29079|_description,"Aesthetics, necromancy, silence. A [[Night Art]] for Quiet and Shadowed Places.
","美学、亡灵术与静默。一门用于静谧与幽影之地的[[夜之技艺]]。
"
so|Skill|resources.assets|29079|_label,Hushery,静默术
so|Skill|resources.assets|29080|_description,"Mystical exercises to purify and illuminate the self and its surroundings, discouraging undesirable influences and inducing desirable revelations.. [[Church]] practice and some doctrine, although doctrine is usually more [[Horomachistry]]. 


One of the [[Bright Arts]], it can be used in Holy and Quiet places.","净化并照亮自我与周遭的神秘修行,驱退不当之影响,招致所望之启示。属[[教会]]修行,兼及部分教义,尽管教义通常更归于[[司辰学]]。


属[[光之技艺]]之一,可用于圣洁与静谧之地。"
so|Skill|resources.assets|29080|_label,Illumination,照明术
so|Skill|resources.assets|29081|_description,"'The art that alters' - alchemy, pyrotechnics, metallurgy.

One of the [[Bright Arts]], used at Hearths and in Holy Places. Ithastry can be used for any alchemy recipe, although at a slightly higher difficulty level than more specialist skills.
","'改变之艺'——炼金、烟火、冶金。

属[[光之技艺]]之一,用于炉边与圣洁之地。盗火术可用于任何炼金配方,尽管难度略高于更专门化的技艺。
"
so|Skill|resources.assets|29081|_label,Ithastry,盗火术
so|Skill|resources.assets|29082|_label,NullSkill,NullSkill
so|Skill|resources.assets|29083|_description,"'Travelling at night is neither faster nor safer. That's why we do it.' - Christopher Illopoly

Knowledge of the ways and byways of the transmundane. One of the [[Night Arts]], usable at Thresholds and Wounds.","'夜行既不更快,也不更安全。正因如此,我们才夜行。'——克里斯托弗·伊洛波利

关于界外之境的通途与僻径的学问。属[[夜之技艺]]之一,可用于门关与受创之地。"
so|Skill|resources.assets|29083|_label,Nyctodromy,夜游术
so|Skill|resources.assets|29084|_description,"I notice details others don't.

[A [[Worldly Skill]].]","我能注意到旁人忽略的细节。

[一项[[世俗技艺]]。]"
so|Skill|resources.assets|29084|_label,Observation,观察力
so|Skill|resources.assets|29085|_description,"Healing, restoration, curation. The most benign uses of the invisible arts - often the place where those uses overlap with worldly medicine.

One of the [[Arts Unconsidered]], used at Hearths and in Verdant Places.","疗愈、复原与看护。无形之艺中最良善的用途——往往也是与世俗医术交叠之处。

属[[未识技艺]]之一,用于炉边与翠绿之地。"
so|Skill|resources.assets|29085|_label,Preservation,保存术
so|Skill|resources.assets|29086|_description,"The study of things that should not be studied: Worms, earthquakes, sub-real interventions.

One of the [[Night Arts]]; it can be used at Wounds and Shadowed Places.","对不应研究之物的研究:蠕虫、地震、亚现实干预。

属[[夜之技艺]]之一;可用于受创之地与幽影之地。"
so|Skill|resources.assets|29086|_label,Skolekosophy,蠕虫学
so|Skill|resources.assets|29087|_description,"Knowledge of art, culture, life's finer material pleasures. The ability to pick up subtle references, or make clever ones. Though what for, exactly?

[This is the least useful [[Worldly Skill]], although it will, among other things, give Spencer some ability with languages other than the ones he speaks fluently - English, French and German.]","关于艺术、文化与生活中更精微的物质乐趣的学识。能捕捉精妙的指涉,也能信手拈来。不过,究竟图什么呢?

[这是最没用的一项[[世俗技艺]],尽管除此之外,它也会让斯宾塞对英、法、德之外的其他语言稍具能力。]"
so|Skill|resources.assets|29087|_label,Sophistication,精致
so|Skill|resources.assets|29088|_description,"I've hung around with disreputable people doing disreputable things. I might be able to find goods on the black market, and if I <i>had</i> to do something criminal, I'd have a good start.

[A [[Worldly Skill]].]","我曾与声名狼藉之人厮混,做些见不得光的事。我或许能在黑市上寻到些货;若我<i>不得不</i>做点什么违法的事,也算开了个好头。

[一项[[世俗技艺]]。]"
so|Skill|resources.assets|29088|_label,Spivvery,黑市术
so|Skill|resources.assets|29089|_description,"Performer's presence; legerdemain and magician's tricks.

[A [[Worldly Skill]].]","表演者的气场;手彩与魔术师的把戏。

[一项[[世俗技艺]]。]"
so|Skill|resources.assets|29089|_label,Stagecraft,舞台术
so|Soke|resources.assets|28498|_label,Chaima — storylets,柴玛——剧情片段
so|Soke|resources.assets|28499|_label,Corso — storylets,科尔索——剧情片段
so|Soke|resources.assets|28500|_label,Vincent — storylets,文森特——剧情片段
so|StateSO|resources.assets|28013|_description,I told her I would find her husband... free of charge.,"我告诉她,我会找到她的丈夫……分文不取。"
so|StateSO|resources.assets|28013|_displayName,AcceptedGratis,无偿应承
so|StateSO|resources.assets|28015|_description,I agreed to find her husband... for the price of ten thousand francisques.,我答应为她寻找丈夫……代价是一万枚法兰西斧币。
so|StateSO|resources.assets|28015|_displayName,AcceptedMid,中价应承
so|StateSO|resources.assets|28016|_displayName,Unset,unset
so|StateSO|resources.assets|28019|_description,"Jean-Bernard rather wistfully asked me to remember him to the  bookseller Andrée, who sells other things than books.","让-贝尔纳带着几分怅然,请我代他向书商安德烈问好——她除了书,还卖些别的东西。"
so|StateSO|resources.assets|28019|_displayName,Introduction: Jean-Bernard,引介:让-贝尔纳
so|StateSO|resources.assets|28024|_description,"I gave Zèlia the letter from Max Mustermann. She seems convinced he is, indeed, her missing husband. A happy ending.","我把马克斯·穆斯特曼的信交给了泽莉亚。她似乎相信,他确实就是她失踪的丈夫。一个美满的结局。"
so|StateSO|resources.assets|28024|_displayName,Max,马克斯
so|StateSO|resources.assets|28027|_description,I've helped Father Jaume open the eyes of St Reparata.,"我已帮助若梅神父,为圣雷帕拉塔开启了双眼。"
so|StateSO|resources.assets|28027|_displayName,Opened,已开眼
so|StateSO|resources.assets|28028|_description,There may be information that will compel Aubière's assistance. Perhaps someone else in the Sanitarum can help me.,"也许有某些情报,能让奥比埃不得不相助。疗养院里或许还有别人能帮我。"
so|StateSO|resources.assets|28028|_displayName,Consideration,思量
so|StateSO|resources.assets|28034|_description,Vincent knows me as 'Spencer Hobson'.,文森特如今知道我是'斯宾塞·霍布森'。
so|StateSO|resources.assets|28034|_displayName,Reintroduced,重新相认
so|StateSO|resources.assets|28039|_displayName,Retribution,报应
so|StateSO|resources.assets|28040|_description,The Ministries have not yet taken an interest in me.,联盟尚未对我产生兴趣。
so|StateSO|resources.assets|28040|_displayName,Unknown,未知
so|StateSO|resources.assets|28041|_description,I've found what I need in Aubière's private records.,"我已在奥比埃的私人记录里,找到了所需的东西。"
so|StateSO|resources.assets|28044|_displayName,Red,红色
so|StateSO|resources.assets|28047|_description,"...but I'm not sleeping. [To return to the daylight world, find a bed and sleep the last few hours.]","……但我没有睡着。[要回到日光之下的世界,找一张床,睡掉最后的几个小时。]"
so|StateSO|resources.assets|28047|_displayName,Aprowl,夜行
so|StateSO|resources.assets|28053|_description,I've told Father Jaume I can't help him open the eyes of the saint. He seems untroubled.,"我已告诉若梅神父,我无法帮他开启圣人之眼。他似乎并不介怀。"
so|StateSO|resources.assets|28053|_displayName,Declined,婉拒
so|StateSO|resources.assets|28058|_description,"I declined, once I'd heard more about it.","听完详情之后,我便拒绝了。"
so|StateSO|resources.assets|28058|_displayName,DeclinedAfterHearingDetails,闻悉后婉拒
so|StateSO|resources.assets|28067|_changeMessage,A Plan in the Journal has hints on how to do this.,"日记里的计划,有关于如何做到的提示。"
so|StateSO|resources.assets|28067|_description,"I'll need two things: an Influence with the Grail aspect, and something Sharp to shed my blood (a razor blade would do).


I can craft it at a Verdant Place - also, with Bosk 5, at a Shadowed Place; with Birdsong 5, at a Threshold; or with Preservation 5, at a Hearth.
","我需要两样东西:一样带杯性相的影响,以及一件锋利之物,用来割破我的血(剃刀片就行)。


我可以在翠绿之地炼制它——丛林学达到 5 时,也可在幽影之地炼制;鸟鸣学达到 5 时,可在门关炼制;保存术达到 5 时,可在炉边炼制。
"
so|StateSO|resources.assets|28067|_displayName,Crafting a Witch's Knot,炼制女巫结
so|StateSO|resources.assets|28073|_description,I declined. Not my thing.,我拒绝了。此事非我所长。
so|StateSO|resources.assets|28075|_description,"I need to read the scenario,  and satisfy a sceptical Monica that I can do this.","我需要读一读剧本,再让满腹狐疑的莫妮卡相信,我能胜任。"
so|StateSO|resources.assets|28075|_displayName,Hasty Preparations,仓促准备
so|StateSO|resources.assets|28078|_description,Vincent left the Sanitarium with me.,文森特与我一同离开了疗养院。
so|StateSO|resources.assets|28078|_displayName,Rejoined,归队
so|StateSO|resources.assets|28081|_description,I'm there.,我在场。
so|StateSO|resources.assets|28081|_displayName,Present,在场
so|StateSO|resources.assets|28086|_description,Sinombre's asked me for help.,西诺姆布尔已向我开口求助。
so|StateSO|resources.assets|28086|_displayName,Due,待偿
so|StateSO|resources.assets|28091|_displayName,Ascent,登升
so|StateSO|resources.assets|28092|_description,"I deceived Zèlia into believing that I'd enacted her revenge on Philomèle. She seemed satisfied - though also a little confused about exactly whom she had been revenged upon. In any case, she paid me.","我骗泽莉亚相信,我已替她向菲洛梅尔报了仇。她似乎很满意——尽管也有点糊涂,自己究竟向谁报了仇。无论如何,她付了钱。"
so|StateSO|resources.assets|28092|_displayName,Deceived,受骗
so|StateSO|resources.assets|28096|_changeMessage,I've learnt that Nina Lagasse has left the Sanitarium Aujourd'hui. Someone here will know where she went.,我得知尼娜·拉加斯已离开今日疗养院。这里总有人知道她去了哪里。
so|StateSO|resources.assets|28096|_description,Nina has left the Sanitarium Aujourd'hui. Someone here will know where she went.,尼娜已离开今日疗养院。这里总有人知道她去了哪里。
so|StateSO|resources.assets|28096|_displayName,Departed,已离去
so|StateSO|resources.assets|28097|_displayName,Coffee,咖啡
so|StateSO|resources.assets|28105|_description,Father Jaume expressed his gratitude for my opening the eyes of St Reparata.,"若梅神父对我开启圣雷帕拉塔之眼一事,表达了谢意。"
so|StateSO|resources.assets|28105|_displayName,Blessed,蒙福
so|StateSO|resources.assets|28112|_displayName,Camomile,甘菊
so|StateSO|resources.assets|28117|_description,"The Mansus has fallen, but we still dream. Dr Aubière must go somewhere to dream. A sufficiently skilled nyctodromist might follow him there - or perhaps there's another way.","漫宿已倾颓,但我们仍在做梦。奥比埃医生必然去了某处做梦。技艺足够精湛的夜游者,或许能循他而去——也许还有别的路。"
so|StateSO|resources.assets|28117|_displayName,Potential,天赋
so|StateSO|resources.assets|28127|_description,I've learnt what I needed from Dr A in his dream.,"我在他的梦中,从 A 医生那里得知了我所需的一切。"
so|StateSO|resources.assets|28130|_description,I declined to help her.,我拒绝帮助她。
so|StateSO|resources.assets|28132|_description,I've set my alarm clock for midnight.,我已把闹钟定在午夜。
so|StateSO|resources.assets|28132|_displayName,Clock,时钟
so|StateSO|resources.assets|28133|_description,Where does Dr Aubière keep his records? There should be something in there about Nina.,奥比埃医生把记录放在哪里?里面应当会有关于尼娜的东西。
so|StateSO|resources.assets|28133|_displayName,Search,搜寻
so|StateSO|resources.assets|28138|_description,Zèlia came to believe that I wasn't the one she had summoned. Perhaps she was right.,"泽莉亚渐渐相信,我并非她所召唤的那个人。或许,她是对的。"
so|StateSO|resources.assets|28138|_displayName,RejectedByZelia,被泽莉亚拒斥
so|StateSO|resources.assets|28140|_description,"Apparently Strathcoyne's semi-independent appendage has been nicknamed 'Annabelle'. Strathcoyne really doesn't like that. He's been led to believe that Dr Aubière is responsible for the nickname. Let to believe by me, as it happens.","看来,斯特拉斯科因那条半独立的附属肢体,被人起了个绰号叫'安娜贝尔'。斯特拉斯科因对此大为不悦。他已被引导着相信,这绰号出自奥比埃医生之手。而引导他的人,恰好是我。"
so|StateSO|resources.assets|28140|_displayName,Slandered,遭中伤
so|StateSO|resources.assets|28144|_displayName,Numa,努玛
so|StateSO|resources.assets|28145|_description,"Nina is absent from the circus. But she's here, somewhere. 'In the woods.'","尼娜不在马戏团。但她就在这里,某处。'在树林里。'"
so|StateSO|resources.assets|28145|_displayName,Almost,几近
so|StateSO|resources.assets|28146|_description,I know how to get into the hidden space at night.,我知道如何在夜里进入那处隐秘的空间。
so|StateSO|resources.assets|28146|_displayName,Found,已寻得
so|StateSO|resources.assets|28155|_description,I've learnt that Aubière is accepting inducements from his residents to provide black market goods. He probably wouldn't want this to come out.,"我已得知,奥比埃收受住院者的好处,为他们提供黑市货物。他多半不愿此事败露。"
so|StateSO|resources.assets|28155|_displayName,Graft,贪渎
so|StateSO|resources.assets|28162|_displayName,Denounced Andrée and Linou,告发安德烈与利努
so|StateSO|resources.assets|28166|_description,Vincent still remembers me as 'Honoré Robichon' - the name I was using when we met in the Légion.,"文森特仍记得我是'奥诺雷·罗比雄'——我们在军团相识时,我用的正是这个名字。"
so|StateSO|resources.assets|28167|_description,"Zèlia was satisfied with her revenge on Philomèle, though she seemed a little confused about exactly whom she had been revenged upon. In any case, she paid me.","泽莉亚对向菲洛梅尔复仇一事感到满意,尽管她似乎有点糊涂,自己究竟向谁报了仇。无论如何,她付了钱。"
so|StateSO|resources.assets|28167|_displayName,Rewarded,已获酬
so|StateSO|resources.assets|28176|_description,"Nina's trail leads to the Sanitarium Aujourd'hui, just outside Antibes.","尼娜的踪迹指向今日疗养院,就在昂蒂布城外。"
so|StateSO|resources.assets|28179|_description,Vincent's asked me to do 'reconnaissance' for the Chaima situation,文森特请我为柴玛的事做'侦察'
so|StateSO|resources.assets|28179|_displayName,Speak to Chaima for Vincent,替文森特与柴玛交谈
so|StateSO|resources.assets|28185|_description,I'm going on stage again. It's been a while.,我要再次登台了。已隔了好些时候。
so|StateSO|resources.assets|28185|_displayName,Sink or Swim,一试沉浮
so|StateSO|resources.assets|28188|_description,I've finished everything I need tto do before I travel with Rosa Mundi.,"与罗莎·蒙迪同行之前需要做的种种,我都已办妥。"
so|StateSO|resources.assets|28188|_displayName,Ready to Go,整装待发
so|StateSO|resources.assets|28189|_description,"I've reached Mimata, and I've found Rosa Mundi.","我已抵达米玛塔,并找到了罗莎·蒙迪。"
so|StateSO|resources.assets|28190|_description,Bessy's cooked another omelette. She always does.,贝茜又做了一只煎蛋卷。她总是如此。
so|StateSO|resources.assets|28196|_description,I added something to wither Philomèle.,"我添了些东西,好让菲洛梅尔凋零。"
so|StateSO|resources.assets|28196|_displayName,Withered,已凋零
so|StateSO|resources.assets|28199|_description,"I'll need two things: an Influence with the Moth aspect, and a token of Necessity (a Ministries <i>doli</i> would work).
With Nyctodromy 5, I can craft it at a Wound or Threshold.
With Skolekosophy 5, I can craft it at a Wound or Shadowed Place.
With Hushery 5, I can craft it at a Shadowed or a Quiet Place.
","我需要两样东西:一样带蛾性相的影响,以及一件'必然'的信物(联盟的<i>诈符</i>也行)。
夜游术达到 5 时,我可以在受创之地或门关炼制。
蠕虫学达到 5 时,我可以在受创之地或幽影之地炼制。
静默术达到 5 时,我可以在幽影之地或静谧之地炼制。
"
so|StateSO|resources.assets|28199|_displayName,Crafting a Midnight Mark,炼制午夜印记
so|StateSO|resources.assets|28202|_description,Strathcoyne has access to black market cigars. Was Aubière involved in their provision?,斯特拉斯科因能弄到黑市雪茄。奥比埃是否也参与了供应?
so|StateSO|resources.assets|28202|_displayName,Suspicion,疑云
so|StateSO|resources.assets|28203|_displayName,Entertainment,娱乐
so|StateSO|resources.assets|28204|_displayName,Denounced Andrée,告发安德烈
so|StateSO|resources.assets|28208|_description,"[To continue, explore.]","[要继续,就去探索。]"
so|StateSO|resources.assets|28208|_displayName,Introduction,开场
so|StateSO|resources.assets|28209|_description,"Arun can help me get my papers in order to enter the Republic. Once that's done, I'll be ready to travel.","阿伦能帮我办妥入境共和国的证件。办妥之后,我便随时可以上路。"
so|StateSO|resources.assets|28209|_displayName,Necessary Paperwork,必需文书
so|StateSO|resources.assets|28211|_displayName,White,白色
so|StateSO|resources.assets|28216|_description,"I added something to cheer them up, with something else to wither Philomèle.","我添了些让他们振作的东西,又添了别的,去使菲洛梅尔凋零。"
so|StateSO|resources.assets|28216|_displayName,Bewitched and Withered,蛊惑与凋零
so|StateSO|resources.assets|29167|_description,"I blighted Philomèle, completing Zèlia's revenge. I should return to the park and collect my payment.","我已使菲洛梅尔凋零,完成了泽莉亚的复仇。我该回到公园,收取报酬了。"
so|StateSO|resources.assets|29172|_description,I've refused to help Sinombre.,我已拒绝帮助西诺姆布尔。
so|StateSO|resources.assets|29172|_displayName,Reneged,食言
so|StateSO|resources.assets|29178|_displayName,Denounced Linou,告发利努
so|StateSO|resources.assets|29183|_description,"The presence that calls itself 'Dr Sinombre' has offered to convey me to Aubière's dream, if I meet its requirements.","那个自称'西诺姆布尔医生'的存在提出,只要我满足它的条件,便把我送进奥比埃的梦中。"
so|StateSO|resources.assets|29183|_displayName,Offer,提议
so|StateSO|resources.assets|29184|_description,The card-players Chez Felix asked for drinks...,费利克斯之家的牌友们要了酒水……
so|StateSO|resources.assets|29184|_displayName,Requested,已点单
so|StateSO|resources.assets|29185|_description,Sinombre hasn't yet asked for help.,西诺姆布尔尚未开口求助。
so|StateSO|resources.assets|29185|_displayName,Incurred,已欠
so|StateSO|resources.assets|29188|_changeMessage,"Dr Aubière declares he will tell me where to find Nina Lagasse, if I stay a few days at the Sanitarium.","奥比埃医生宣称,只要我在疗养院小住几日,便告诉我尼娜·拉加斯在哪里。"
so|StateSO|resources.assets|29188|_description,"Dr Aubière declares he will tell me where to find Nina, if I stay a few days at the Sanitarium and attend sessions with him. Aubière, however, has already reneged on one arrangement. There are likely other possibilities at the Sanitarium to winkle the information out.","奥比埃医生宣称,只要我在疗养院住上几天、参加他的诊疗,他就告诉我尼娜的去向。然而,奥比埃已经食言过一次。疗养院里大概还有别的办法,能把消息撬出来。"
so|StateSO|resources.assets|29188|_displayName,Possibilities,种种可能
so|StateSO|resources.assets|29192|_description,Nina agreed to introduce me to something that could tell me where to find the graves of the Hours... in exchange for a single unspecified future service.,"尼娜答应引我去见一个能告诉我司辰之墓所在的东西……作为交换,是将来一桩尚未言明的效劳。"
so|StateSO|resources.assets|29192|_displayName,Favours,人情
so|StateSO|resources.assets|29194|_description,Captain Torgue will tell me what I need to know.,托尔格船长会告诉我需要知道的事。
so|StateSO|resources.assets|29194|_displayName,Speak to Torgue,与托尔格交谈
so|StateSO|resources.assets|29198|_changeMessage,I agreed to Zèlia's request. I could fulfil it - or try to deceive her,我答应了泽莉亚的请求。我既可以履行——也可以设法骗过她
so|StateSO|resources.assets|29198|_description,"I agreed to Zèlia's request. I could fulfil it - or try to deceive her.

[Create a Wither item with an Unworldly Art, and find an opportunity to taint Philomèle's food or drink. Or just speak with Philomèle, then return to Zèlia and pretend you did as she asked.]","我答应了泽莉亚的请求。我既可以履行——也可以设法骗过她。

[用一门非世之艺炼成一件凋零之物,再找个机会,在菲洛梅尔的食物或饮料里做手脚。或者,干脆与菲洛梅尔谈谈,然后回到泽莉亚面前,假装你已照她说的做了。]"
so|StateSO|resources.assets|29198|_displayName,Accepted,已应允
so|StateSO|resources.assets|29199|_displayName,Pastis,茴香酒
so|StateSO|resources.assets|29200|_description,"A Wakeful Eye can [[Hallow]] or [[Unveil]] - unlocking conversation choices that require those Aspects. It'll also give a bonus to Skills when placed in an Active slot. Be careful - whatever you do with it, it's a one-use item.","警醒之眼可以[[祝圣]]或[[揭示]]——解锁需要对应性相的对话选项。放入活跃栏位时,它还会为技艺提供加成。当心——无论你拿它做什么,这都是件一次性物品。"
so|StateSO|resources.assets|29200|_displayName,Wakeful Eye Crafted,警醒之眼已炼成
so|StateSO|resources.assets|29202|_description,Father Jaume has asked for my assistance in 'opening the eyes' of St Reparata.,"若梅神父请我协助,为圣雷帕拉塔「睁开眼睛」。"
so|StateSO|resources.assets|29202|_displayName,Approached,已来相求
so|StateSO|resources.assets|29205|_description,Apparently Strathcoyne's semi-independent appendage has been nicknamed 'Annabelle'.,"显然,斯特拉斯科因那半独立的附属肢体,被起了个「安娜贝尔」的绰号。"
so|StateSO|resources.assets|29205|_displayName,Annabelle,安娜贝尔
so|StateSO|resources.assets|29209|_description,Apparently Strathcoyne's semi-independent appendage has been nicknamed 'Annabelle'. Strathcoyne really doesn't like that.,"显然,斯特拉斯科因那半独立的附属肢体,被起了个「安娜贝尔」的绰号。斯特拉斯科因对此十分不悦。"
so|StateSO|resources.assets|29209|_displayName,Objectionable,令人不快
so|StateSO|resources.assets|29212|_description,Dr Aubière keeps his records in a secret office behind the public one. I'll need to get in there after dark.,奥比埃医生把档案保存在公事办公室后面的密室里。我得在天黑之后溜进去。
so|StateSO|resources.assets|29212|_displayName,Patience,耐心
so|StateSO|resources.assets|29213|_description,I repaid my debt to Sinombre.,我还清了欠西诺姆布尔的债。
so|StateSO|resources.assets|29213|_displayName,Repaid,已偿还
so|StateSO|resources.assets|29217|_description,Stole some of Strathcoyne's Churchills.,偷走了斯特拉斯科因的一些丘吉尔型。
so|StateSO|resources.assets|29217|_displayName,Stolen,已窃取
so|StateSO|resources.assets|29226|_description,I agreed to find her husband... for the price of one hundred THOUSAND francisques.,我答应替她寻找丈夫……代价是十万法兰西斧币。
so|StateSO|resources.assets|29226|_displayName,AcceptedHigh,高价应允
so|StateSO|resources.assets|29230|_description,"I gave Zèlia the letter from Topsy Juliusz. She seems convinced he is, indeed, her missing husband. A happy ending.","我把托普西·尤利乌什的信交给了泽莉亚。她似乎确信,他的确就是她失踪的丈夫。一个圆满的结局。"
so|StateSO|resources.assets|29230|_displayName,Juliusz,尤利乌什
so|StateSO|resources.assets|29239|_description,I agreed to find her husband... for the price of one thousand francisques.,我答应替她寻找丈夫……代价是一千法兰西斧币。
so|StateSO|resources.assets|29239|_displayName,AcceptedLow,低价应允
so|StateSO|resources.assets|29240|_description,"Everyone got what they merited, probably.","每个人都得到了应得的下场,大概吧。"
so|StateSO|resources.assets|29240|_displayName,Consumed,已吞噬
so|StateSO|resources.assets|29246|_description,"I gave Zèlia the letter from Maître Argant. She seems convinced it is, indeed, her missing husband. A happy ending.","我把阿尔冈大律师的信交给了泽莉亚。她似乎确信,那的确就是她失踪的丈夫。一个圆满的结局。"
so|StateSO|resources.assets|29246|_displayName,Argant,阿尔冈
so|StateSO|resources.assets|29248|_description,I've managed to enter Aubière's secret office.,我成功潜入了奥比埃的密室。
so|StateSO|resources.assets|29248|_displayName,Entry,已潜入
so|StateSO|resources.assets|29249|_description,I added something to cheer them up.,"我加了点东西,好让他们提提神。"
so|StateSO|resources.assets|29249|_displayName,Bewitched,已施魅
so|StateSO|resources.assets|29255|_displayName,Conscience,良心
so|StateSO|resources.assets|29260|_changeMessage,I told Aubière where he could put his offer. But I can probably find someone else here who can help me find Nina Lagasse.,"我告诉奥比埃,他的提议该滚到哪儿去。但我大概还能在这里找到别人,帮我找到尼娜·拉加斯。"
so|StateSO|resources.assets|29260|_description,"Dr Aubière declared he would tell me where to find Nina, if I stayed a few days at the Sanitarium and attended sessions with him. Aubière, however, has already reneged on one arrangement, so I told him to go to hell. There are likely other possibilities at the Sanitarium to winkle the information out. Or I could meet with him anyway, and see what he might let slip","奥比埃医生声称,只要我在疗养院多留几天、陪他参加几次疗程,他就告诉我尼娜在哪里。然而,奥比埃已经背弃过一次约定,所以我叫他滚蛋。疗养院里大概还有别的法子,能把消息撬出来。或者,我也可以照旧去见他,看看他会漏出什么口风。"
so|StateSO|resources.assets|29260|_displayName,Distrust,不信任
so|StateSO|resources.assets|29262|_description,I know where to find Nina Lagasse. I don't need to risk snooping around in Dr A's records.,我知道去哪里找尼娜·拉加斯了。不必再冒险翻查 A 医生的档案。
so|StateSO|resources.assets|29262|_displayName,Dropped,已搁置
so|StateSO|resources.assets|29263|_description,"I'll need two things: an Influence with the Lantern aspect, and a token of Authority (an Incorporate dollar would do).


I can craft it at a Holy Place - also, with Horomachistry 5, at a Threshold; with Illumination 5, at a Quiet Place; or with Ithastry 5, at a Hearth.","我需要两样东西:一份带有灯性相的影响,以及一枚权威凭证(一枚集团美元就行)。


我可以在圣地炼制它——同样,司辰学 5 时可在门关,照明术 5 时可在幽静之地,盗火术 5 时可在炉边。"
so|StateSO|resources.assets|29263|_displayName,Crafting a Wakeful Eye,炼制警醒之眼
so|StateSO|resources.assets|29265|_description,I've completed my first performance with the Rosa Mundi! I should speak to Torgue again.,我与罗莎·蒙迪的首场演出已经完成!我该再去见托尔格一面。
so|StateSO|resources.assets|29265|_displayName,Find Torgue Again,再见托尔格
so|StateSO|resources.assets|29266|_changeMessage,Nina Lagasse travels with a circus named 'Rosa Mundi.' They were due to perform in Mimata.,尼娜·拉加斯随一个名为「罗莎·蒙迪」的马戏团旅行。他们本该在米玛塔演出。
so|StateSO|resources.assets|29266|_description,"She travels with a circus named 'Rosa Mundi.' They were due to perform in Mimata, among the mountains and gorges of Lozère.",她随一个名为「罗莎·蒙迪」的马戏团旅行。他们本该在米玛塔演出——就在洛泽尔的群山与峡谷之间。
so|StateSO|resources.assets|29268|_description,"Linou suggested that I should mention her name to the bookseller Andrée, who sells other things than books.","利努建议我向书商安德烈提起她的名字——那位安德烈,除了书,还卖些别的东西。"
so|StateSO|resources.assets|29268|_displayName,Introduction: Linou,引荐:利努
so|StateSO|resources.assets|29275|_displayName,Another,另一个
so|StateSO|resources.assets|29280|_description,I've determined that I'll wake at midnight.,"我已决定,自己会在午夜醒来。"
so|StateSO|resources.assets|29280|_displayName,Internal,内部
so|StateSO|resources.assets|29282|_description,"Philomèle asked me to convey her compliments to the bookseller Andrée, who sells other things than books.","菲洛梅尔托我向书商安德烈转达问候——那位安德烈,除了书,还卖些别的东西。"
so|StateSO|resources.assets|29282|_displayName,Introduction: Philomèle,引荐:菲洛梅尔
so|StateSO|resources.assets|29284|_description,The presence that calls itself 'Dr Sinombre' is ready to convey me to Dr Aubière's dream when I next sleep.,"那个自称「西诺姆布尔医生」的存在已经准备好,待我下次入睡时,把我送入奥比埃医生的梦境。"
so|StateSO|resources.assets|29284|_displayName,Agreement,约定
so|StateSO|resources.assets|29286|_changeMessage,"Nothing remains of this omelette, but there'll be another in time.","这份煎蛋卷已什么都不剩,但时候一到,还会有另一份。"
so|StateSO|resources.assets|29286|_description,"Come back to the Sanitarium after travelling, and there'll be another omelette. There's always another omelette.","旅行之后回到疗养院,就还会有另一份煎蛋卷。煎蛋卷总会有下一份。"
so|StateSO|resources.assets|29291|_displayName,Coca-Cola,可口可乐
so|StateSO|resources.assets|29293|_description,Leopold declared that his name will open the door to the bookseller Andrée's 'quieter business'.,"莱奥波德宣称,他的名字能打开书商安德烈那「更安静的生意」之门。"
so|StateSO|resources.assets|29293|_displayName,Introduction: Leopold,引荐:莱奥波德
so|StateSO|resources.assets|29294|_description,Resentfully on the piano.,"满怀怨气地,搁在钢琴上。"
so|StateSO|resources.assets|29294|_displayName,Piano,钢琴
so|StateSO|resources.assets|29298|_description,Torgue wants me to give Chaima the news about changed sleeping arrangements.,托尔格要我把睡觉安排有变的消息告诉柴玛。
so|StateSO|resources.assets|29298|_displayName,Speak to Chaima,与柴玛交谈
so|StateSO|resources.assets|29299|_description,Management: Mlle Nina Lagasse,经理:尼娜·拉加斯小姐。
so|StateSO|resources.assets|29299|_displayName,Nina,尼娜
so|StateSO|resources.assets|29300|_description,Management: Mme Medea Japaridze,经理:梅德亚·贾帕里泽夫人。
so|StateSO|resources.assets|29300|_displayName,Medea,美狄亚
so|StateSO|resources.assets|29305|_description,I've used my nyctodromist's skills to enter Dr A's dream.,"我运用夜游术士的技艺,进入了 A 医生的梦境。"
so|StateSO|resources.assets|29311|_description,"A Midnight Mark can [[Quell]] or [[Wither]] - unlocking conversation choices that require those Aspects. It'll also give a bonus to Skills when placed in an Active slot. Be careful - whatever you do with it, it's a one-use item.","午夜印记可以[[镇伏]]或[[凋零]]——解锁需要这些性相的对话选项。放入活跃栏位时,它还会为技艺提供加成。小心——无论你拿它做什么,它都是一次性物品。"
so|StateSO|resources.assets|29311|_displayName,Midnight Mark Crafted,午夜印记已炼制
so|StateSO|resources.assets|29314|_displayName,Train,火车
so|StateSO|resources.assets|29316|_description,I've learnt where to look for Nina Lagasse. I have no need to pester Dr A in his dreams.,我已经知道该去哪里寻找尼娜·拉加斯了。没有必要再到梦里纠缠 A 医生。
so|StateSO|resources.assets|29321|_description,I already have the information I need about Nina. There is no reason to coerce Dr A.,"关于尼娜,我需要的消息已经到手。没有理由再去逼迫 A 医生。"
so|StateSO|resources.assets|29325|_description,"I've followed Nina to the city of Antibes, in the French State - the southern half of divided France.","我一路跟随尼娜,来到法兰西邦国的昂蒂布城——分裂的法国,南边的那一半。"
so|StateSO|resources.assets|29330|_displayName,Autumn,秋天
so|StateSO|resources.assets|29332|_displayName,Summer,夏天
so|StateSO|resources.assets|29337|_description,Zèlia wants to know if I'm the 'signaire' she tried to summon.,"泽莉亚想知道,我是不是她试图召唤的那个「符师」。"
so|StateSO|resources.assets|29338|_description,"I've made a useful connection with the bookseller Andrée, and can buy her other wares.","我与书商安德烈搭上了一条有用的门路,如今可以买她的其他货品了。"
so|StateSO|resources.assets|29338|_displayName,Connection,人脉
so|StateSO|resources.assets|29340|_description,Left Strathcoyne's Churchills untouched.,没动斯特拉斯科因的丘吉尔型。
so|StateSO|resources.assets|29340|_displayName,Untouched,未动
so|StateSO|resources.assets|29341|_description,Comfortably on the sofa.,"舒舒服服地,搁在沙发上。"
so|StateSO|resources.assets|29341|_displayName,Sofa,沙发
so|StateSO|resources.assets|29348|_description,"A Witch's Knot can [[Bewitch]] or [[Entwine]] - unlocking conversation choices that require those Aspects. It'll also give a bonus to Skills when placed in an Active slot. Be careful - whatever you do with it, it's a one-use item.","女巫结可以[[蛊惑]]或[[缠绕]]——解锁需要这些性相的对话选项。放入活跃栏位时,它还会为技艺提供加成。小心——无论你拿它做什么,它都是一次性物品。"
so|StateSO|resources.assets|29348|_displayName,Witch's Knot Crafted,女巫结已炼制
so|StateSO|resources.assets|29353|_description,I found Nina! She'll help me... if I bring her the name of the nun at the Couvent Saint-Mamert de Raveline who is with child.,"我找到尼娜了!她会帮我……只要我带给她一个名字:拉韦林的圣马梅尔修道院里,那位怀有身孕的修女的名字。"
so|StateSO|resources.assets|29353|_displayName,White Shadow,白影
so|StateSO|resources.assets|29357|_description,"I agreed to consider Zèlia's request. This means I could fulfil it, ignore it, or try to deceive her.

[Create a Wither item with an Unworldly Art, and find an opportunity to taint Philomèle's food or drink. Or speak with Philomèle, then return to Zèlia and pretend you did as she asked. Or just move on.]","我答应考虑泽莉亚的请求。这意味着,我可以成全它,可以无视它,也可以设法欺骗她。

[用一门非尘世技艺炼制一件凋零之物,再找个机会,在菲洛梅尔的食物或饮品里动手脚。或者,先与菲洛梅尔谈谈,再回到泽莉亚面前,假装已照她所托行事。或者,干脆就此作罢。]"
so|StateSO|resources.assets|29357|_displayName,Considering,考虑中
so|StateSO|resources.assets|29363|_displayName,Survival,幸存
so|StateSO|resources.assets|29367|_description,Aubière submitted to my blackmail - with surprising grace.,奥比埃屈从了我的敲诈——带着出人意料的从容。
so|StateSO|resources.assets|29367|_displayName,Compulsion,胁迫
so|StateSO|resources.assets|29368|_displayName,Spring,春天
so|StateSO|resources.assets|29371|_description,"I could use my Unworldly skills to enter Aubière's dream and learn his secret. [Use Nyctodromy, Ithastry or Bosk to craft Labrikon, and take it to bed.]","我可以用非尘世技艺进入奥比埃的梦境,探知他的秘密。[用夜游术、盗火术或丛林学炼制拉布里孔,然后带着它入睡。]"
so|StateSO|resources.assets|29371|_displayName,Plan,计划
so|TMP_DropdownWithCallbacks|level12|23068|m_Options.m_Options[0].m_Text,None: Pan as you prefer,无:平移随您喜好
so|TMP_FontAsset|resources.assets|28260|m_CreationSettings.sourceFontFileGUID,fedbdab286218c341beba85094820c6d,fedbdab286218c341beba85094820c6d
so|TMP_FontAsset|resources.assets|28261|m_CreationSettings.sourceFontFileGUID,a6b5d7ad448b687408e19c2bf9b897ff,a6b5d7ad448b687408e19c2bf9b897ff
so|TMP_FontAsset|resources.assets|28262|m_CreationSettings.sourceFontFileGUID,e3265ab4bf004d28a9537516768c1c75,e3265ab4bf004d28a9537516768c1c75
so|TMP_FontAsset|resources.assets|28262|m_fontInfo.Name,Liberation Sans,Liberation Sans
so|TMP_FontAsset|resources.assets|28264|m_CreationSettings.sourceFontFileGUID,018b7293075ebea4d818f78f2a6b7e48,018b7293075ebea4d818f78f2a6b7e48
so|TMP_FontAsset|resources.assets|28266|m_CreationSettings.sourceFontFileGUID,d7bd51b5c8da07d49ae0294b1a3e7305,d7bd51b5c8da07d49ae0294b1a3e7305
so|TMP_FontAsset|resources.assets|28268|m_CreationSettings.sourceFontFileGUID,c21c654a0dddfd049a56caaab7f6ae6d,c21c654a0dddfd049a56caaab7f6ae6d
so|TMP_FontAsset|resources.assets|28269|m_CreationSettings.sourceFontFileGUID,79f7add01a49ca44797a450d345356c5,79f7add01a49ca44797a450d345356c5
so|TMP_FontAsset|resources.assets|28270|m_CreationSettings.sourceFontFileGUID,62ffc3ed7930edd408c1f922f30772f3,62ffc3ed7930edd408c1f922f30772f3
so|TMP_FontAsset|resources.assets|28271|m_CreationSettings.sourceFontFileGUID,1c3ab41d34136064f810185ff8043a5a,1c3ab41d34136064f810185ff8043a5a
so|TMP_FontAsset|resources.assets|28272|m_CreationSettings.sourceFontFileGUID,7ed86ad1c76d7a54f87f486de9bc5a5c,7ed86ad1c76d7a54f87f486de9bc5a5c
so|TMP_FontAsset|resources.assets|28273|m_CreationSettings.sourceFontFileGUID,e9e7df81a27360846b8667c2ddb54ded,e9e7df81a27360846b8667c2ddb54ded
so|TMP_SpriteAsset|resources.assets|28274|spriteInfoList[0].name,Smiling face with smiling eyes,Smiling face with smiling eyes
so|TMP_SpriteAsset|resources.assets|28274|spriteInfoList[10].name,1f606,1f606
so|TMP_SpriteAsset|resources.assets|28274|spriteInfoList[11].name,1f609,1f609
so|TMP_SpriteAsset|resources.assets|28274|spriteInfoList[12].name,1f618,1f618
so|TMP_SpriteAsset|resources.assets|28274|spriteInfoList[13].name,1f923,1f923
so|TMP_SpriteAsset|resources.assets|28274|spriteInfoList[14].name,263a,263a
so|TMP_SpriteAsset|resources.assets|28274|spriteInfoList[1].name,1f60b,1f60b
so|TMP_SpriteAsset|resources.assets|28274|spriteInfoList[2].name,1f60d,1f60d
so|TMP_SpriteAsset|resources.assets|28274|spriteInfoList[3].name,1f60e,1f60e
so|TMP_SpriteAsset|resources.assets|28274|spriteInfoList[4].name,Grinning face,Grinning face
so|TMP_SpriteAsset|resources.assets|28274|spriteInfoList[5].name,1f601,1f601
so|TMP_SpriteAsset|resources.assets|28274|spriteInfoList[6].name,Face with tears of joy,Face with tears of joy
so|TMP_SpriteAsset|resources.assets|28274|spriteInfoList[7].name,1f603,1f603
so|TMP_SpriteAsset|resources.assets|28274|spriteInfoList[8].name,1f604,1f604
so|TMP_SpriteAsset|resources.assets|28274|spriteInfoList[9].name,1f605,1f605
so|TaggedNodeCountGate|resources.assets|28773|_label,TagChosen,TagChosen
so|TaggedNodeCountGate|resources.assets|28774|_label,TagChosen2Times,TagChosen2Times
so|TaggedNodeCountGate|resources.assets|28775|_label,TagChosen3Times,TagChosen3Times
so|TaggedNodeCountGate|resources.assets|28776|_label,TagChosen4Times,TagChosen4Times
so|TaggedNodeCountGate|resources.assets|28777|_label,TagChosenSinceTravel,TagChosenSinceTravel
so|TaggedNodeCountGate|resources.assets|28778|_label,TagChosenSinceTravel2Times,TagChosenSinceTravel2Times
so|TaggedNodeCountGate|resources.assets|28779|_label,TagChosenSinceTravel3Times,TagChosenSinceTravel3Times
so|TaggedNodeCountGate|resources.assets|28780|_label,TagNeverChosen,TagNeverChosen
so|TaggedNodeCountGate|resources.assets|28781|_label,TagUnvisitedSinceTravel,TagUnvisitedSinceTravel
so|TaggedNodeCountGate|resources.assets|28782|_label,TagVisitedSinceTravel2Times,TagVisitedSinceTravel2Times
so|TaggedNodeCountGate|resources.assets|28783|_label,TagVisitedSinceTravel3Times,TagVisitedSinceTravel3Times
so|TaggedNodeCountValue|resources.assets|28784|_label,TagVisitsDouble,TagVisitsDouble
so|TaggedNodeCountValue|resources.assets|28785|_label,TagVisitsDoubleNoRepeat,TagVisitsDoubleNoRepeat
so|TaggedNodeCountValue|resources.assets|28786|_label,TagVisitsQuad,TagVisitsQuad
so|TaggedNodeCountValue|resources.assets|28787|_label,TagVisitsQuint,TagVisitsQuint
so|TaggedNodeCountValue|resources.assets|28788|_label,TagVisitsQuintNoRepeat,TagVisitsQuintNoRepeat
so|TaggedNodeCountValue|resources.assets|28789|_label,TagVisitsSingle,TagVisitsSingle
so|TaggedNodeCountValue|resources.assets|28790|_label,TagVisitsSingleNoRepeat,TagVisitsSingleNoRepeat
so|TaggedNodeCountValue|resources.assets|28791|_label,TagVisitsTriple,TagVisitsTriple
so|TextMeshProUGUI|level10|2616|m_text,A gentleman does not go out into the street while wearing his dressing-gown unless the house is on fire. Even a dressing-gown as elegant as this dressing-gown.,"一位绅士不会穿着晨衣上街,除非房子着了火。即便是这样一件优雅的晨衣,也不例外。"
so|TextMeshProUGUI|level10|2619|m_text,"In sorrowful spasms, the hands twitch backwards. Since the War in the Sun, few clocks in Europe keep meaningful time.","指针在哀恸的痉挛中向后抽动。自太阳之战以来,欧洲已少有钟表守着有意义的时间。"
so|TextMeshProUGUI|level10|2620|m_text,"Everything too battered or difficult or unfashionable
to be seen in the sanitarium - it goes in here,
 tidied away so Aubière never has to think about it.","一切过于破旧、过于棘手、过于不时兴,
不便在疗养院示人的东西——都收进这里,
 拾掇停当,好让奥比埃永远不必再想起它们。"
so|TextMeshProUGUI|level10|2621|m_text,"A cracked mirror, not discarded but kept here,
in this chamber of concealed business.","一面破裂的镜子,没有丢弃,而是收在这间藏着不可告人之事的密室里。"
so|TextMeshProUGUI|level10|2622|m_text,A Matisse? Yes; it's signed. The subject is clearly someone he desired; or at least loved. Perhaps only someone he had to follow?,"一幅马蒂斯?是的,上面有签名。画中人显然是他渴望过的什么人;至少,是他爱过的。也许,只是他不得不追随的什么人?"
so|TextMeshProUGUI|level10|2623|m_text,"An Aaron Douglas woodcut of O'Neill's 'Emperor Jones'. I remember the play. The rebels killed Jones with a silver bullet; but he'd been a rebel too, in the beginning.","亚伦·道格拉斯的一幅木刻版画,取材自奥尼尔的《琼斯皇》。我记得这出戏。叛军们用银子弹打死了琼斯;但最初,他也曾是个叛军。"
so|TextMeshProUGUI|level10|2624|m_text,'Frida Kahlo'. I hadn't heard of her. Is this a self-portrait? That face painted on her brow. Does he rule her? Or has she captured him?,「弗里达·卡罗」。我没听说过她。这是自画像吗?她眉间画着的那张脸。是他支配着她?还是她俘获了他?
so|TextMeshProUGUI|level10|2625|m_text,"Adolph Gottlieb, 'Sleep Mask'. I remember a Bureau notice about Gottlieb, before the war. He was beginning to use the imagery of proscribed dreams.","阿道夫·戈特利布,《睡梦面具》。我记得战前防剿局有一份关于戈特利布的通报。他那时已开始运用被查禁之梦的意象。"
so|TextMeshProUGUI|level10|2626|m_text,"Deadeningly tasteful, visibly expensive. So that's how it is here.","沉闷乏味的雅致,明摆着的昂贵。原来这里是这样。"
so|TextMeshProUGUI|level10|2627|m_text,"The hands rotate lazily, like circling dragonflies. Since the Wars, clocks have grown unhelpful.","指针懒洋洋地转着,像盘旋的蜻蜓。战争之后,钟表已帮不上什么忙。"
so|TextMeshProUGUI|level10|2631|m_text,Dorem ipsum.,Dorem ipsum.
so|TextMeshProUGUI|level10|2635|m_text,Fridge,冰箱
so|TextMeshProUGUI|level10|2639|m_text,Who lights a fire in weather like this? Does Strathcoyne need warmth since his changes began? Or has someone been disposing of evidence?,"这样的天气,谁会生火?斯特拉斯科因的变化开始之后,他需要温暖了吗?抑或,是有人在销毁证据?"
so|TextMeshProUGUI|level10|2644|m_text,[Display Name],[Display Name]
so|TextMeshProUGUI|level10|2649|m_text,"The hands quiver desperately, as if trying to break free of this moment. Twelve division-marks watch hungrily. The Wars were hard on clocks.","指针绝望地颤抖着,仿佛要挣脱这一刻。十二道刻度贪婪地注视着。战争对钟表并不友善。"
so|TextMeshProUGUI|level10|2652|m_text,[Artist],[Artist]
so|TextMeshProUGUI|level10|2658|m_text,Override,覆盖
so|TextMeshProUGUI|level10|2659|m_text,"Night in Antibes. Nothing out there for me until morning. 
Except, if I were really unlucky, spidermist.","昂蒂布的夜晚。天亮之前,外面没有我要找的东西。
除非我当真倒霉,碰上蛛雾。"
so|TextMeshProUGUI|level10|2660|m_text,Collect All,全部收取
so|TextMeshProUGUI|level10|2661|m_text,Enter track id...,输入音轨 ID...
so|TextMeshProUGUI|level11|1716|m_text,"Westergren, the Lantern-long that at the Bureau we used to call the Diarist. As I recall, we were hunting Westergren back in the Twenties - but someone else got to him first.","韦斯特格伦,那个灯之长生者,防剿局过去叫他「日记人」。我记得,二十年代我们就在追捕韦斯特格伦——但有人先一步得手了。"
so|TextMeshProUGUI|level11|1717|m_text,"Neatly made, but patched with undisturbed lichen. It must have been weeks at least since anyone slept in these sheets.","铺得整整齐齐,却打着无人惊扰的苔藓补丁。至少有好几个星期,没人睡过这床单了。"
so|TextMeshProUGUI|level11|1718|m_text,An early Renoir? The scent of flowers also hangs in the hall...,一幅早期的雷诺阿?花香也在厅堂里萦绕……
so|TextMeshProUGUI|level11|1719|m_text,In every light the petals glow.,"无论何种光线,花瓣都泛着微光。"
so|TextMeshProUGUI|level11|1720|m_text,Fibres clogged with mud and vegetable matter.,纤维间塞满了泥浆与植物碎屑。
so|TextMeshProUGUI|level11|1721|m_text,"Jacob Lawrence.
Choking on they went
to iron future radiant","雅各布·劳伦斯。
他们呛咳着继续前行,
走向铁铸的灼亮未来"
so|TextMeshProUGUI|level11|1722|m_text,"Louis Bellon.
Sunset-red roofs
above grape-bowed vines.","路易·贝隆。
落日绯红的屋顶,
悬于被葡萄压弯的藤蔓之上"
so|TextMeshProUGUI|level11|1723|m_text,"Louis Bellon.
Golden hills watchful
through slow-sighing cypress.","路易·贝隆。
金色的山丘凝神守望,
透过缓缓叹息的柏树"
so|TextMeshProUGUI|level11|1724|m_text,"Norman Lewis.
Everything and more
joys the arteries.","诺曼·刘易斯。
一切,乃至更多,
令血脉欢愉"
so|TextMeshProUGUI|level11|1725|m_text,"I've only seen these roses since the Wars. 'Magpie roses', I hear them called. 'The skewbald rose'. Or 'dappled'.","战争之后,我才见过这种玫瑰。我听人叫它们「喜鹊玫瑰」,或者「花斑玫瑰」、「斑驳玫瑰」。"
so|TextMeshProUGUI|level11|1733|m_text,"An empty room - Nina's old room -
mine, now. I'm getting closer.","一间空荡荡的房间——尼娜从前的房间——
如今是我的了。我越来越近了。"
so|TextMeshProUGUI|level11|1739|m_text,"Whatever passes in front of this mirror, it displays only a shoulder of black rock between a scattering of snow. Sight, sense, and light are all sometime casualties of the Wars.","无论什么东西从这面镜子前经过,它都只映出散雪之间的一道黑岩山肩。视觉、感官与光,都曾是战争的罹难者。"
so|TextMeshProUGUI|level12|21079|m_text,Current Outfit,当前行头
so|TextMeshProUGUI|level12|21080|m_text,Sofia,索菲娅
so|TextMeshProUGUI|level12|21082|m_text,Night Arts,夜之技艺
so|TextMeshProUGUI|level12|21083|m_text,Gristwood anagthingie,格里斯特伍德立体小玩意儿
so|TextMeshProUGUI|level12|21090|m_text,Active Tools,活跃工具
so|TextMeshProUGUI|level12|21091|m_text,"<i>The Church denies that the Forge of Days split the Sun. Most adepts reject their denial.</i>

Converts two Lantern Memories to one Forge Memory, with an existing Winter Memory as a catalyst.","<i>教会否认白日铸炉劈裂了太阳。多数修士都不信教会的否认。</i>

将两条灯之回忆转化为一条铸之回忆,以一条已有的冬之回忆作为催化。"
so|TextMeshProUGUI|level12|21094|m_text,AK-COPY: Something went wrong — try again.,AK-COPY:出了点差错——请再试一次。
so|TextMeshProUGUI|level12|21097|m_text,The Eye of the Ministries,联盟之眼
so|TextMeshProUGUI|level12|21098|m_text,Quest,任务
so|TextMeshProUGUI|level12|21105|m_text,Ambient Volume,环境音量
so|TextMeshProUGUI|level12|21108|m_text,Thessaloniki,塞萨洛尼基
so|TextMeshProUGUI|level12|21119|m_text,Aloquence +22,雄辩术 +22
so|TextMeshProUGUI|level12|21120|m_text,Footnote search,脚注搜索
so|TextMeshProUGUI|level12|21136|m_text,Wardrobe,衣柜
so|TextMeshProUGUI|level12|21139|m_text,Thunderpig,雷猪
so|TextMeshProUGUI|level12|21152|m_text,"<i>'Our company it was that shattered it,' Ghirbi says suddenly. He begins again to weep his molten tears...</i>
 -- Conversations at the Stag Door","<i>「打碎它的,正是我们这一众,」吉比尔忽然说道。他再一次流下熔融的泪……</i>
——出自《牡鹿之门闲谈》"
so|TextMeshProUGUI|level12|21159|m_text,ESC,ESC
so|TextMeshProUGUI|level12|21164|m_text,0.8s,0.8 秒
so|TextMeshProUGUI|level12|21166|m_text,Zophistication +22,贼世故 +22
so|TextMeshProUGUI|level12|21170|m_text,"Médecin-lieutenant, Légion du Seuil (libéré)",门关军团军医中尉(已退役)
so|TextMeshProUGUI|level12|21172|m_text,Cork,科克
so|TextMeshProUGUI|level12|21182|m_text,"Click to 
save new game","点击
保存新游戏"
so|TextMeshProUGUI|level12|21186|m_text,Zpivvery +22,皮维里 +22
so|TextMeshProUGUI|level12|21199|m_text,Zouche,祖什
so|TextMeshProUGUI|level12|21209|m_text,Naples,那不勒斯
so|TextMeshProUGUI|level12|21213|m_text,Relevant,相关
so|TextMeshProUGUI|level12|21226|m_text,"""There is never only one History.""",「历史从来不止一条。」
so|TextMeshProUGUI|level12|21229|m_text,Finished,完成
so|TextMeshProUGUI|level12|21230|m_text,"La Malaise
Raveline","拉韦林的
不适"
so|TextMeshProUGUI|level12|21232|m_text,Apply,应用
so|TextMeshProUGUI|level12|21237|m_text,Signs,印记
so|TextMeshProUGUI|level12|21242|m_text,"100<size=250%><sprite=""currency"" name=""currency dollar""></size>","100<size=250%><sprite=""currency"" name=""currency dollar""></size>"
so|TextMeshProUGUI|level12|21243|m_text,Sound Effects Volume,音效音量
so|TextMeshProUGUI|level12|21246|m_text,Angry Snacks,愤怒零食
so|TextMeshProUGUI|level12|21258|m_text,Tamarack,美洲落叶松
so|TextMeshProUGUI|level12|21259|m_text,Load,读取
so|TextMeshProUGUI|level12|21282|m_text,Unlock with 10 Heart,以 10 心解锁
so|TextMeshProUGUI|level12|21289|m_text,Footnote subtlety,脚注含蓄度
so|TextMeshProUGUI|level12|21290|m_text,Adjustments,调整
so|TextMeshProUGUI|level12|21291|m_text,Rose Influence,引之影响
so|TextMeshProUGUI|level12|21295|m_text,"Bergs of
Amber","冰山之
琥珀"
so|TextMeshProUGUI|level12|21299|m_text,"Increase Skills, or buy new ones, with Experiences that match Skill Aspects.","用与技艺性相匹配的经验来提升技艺,或购买新的技艺。"
so|TextMeshProUGUI|level12|21303|m_text,"LibuŠe
Installation","莉布丝
装置"
so|TextMeshProUGUI|level12|21306|m_text,Skills,技艺
so|TextMeshProUGUI|level12|21315|m_text,Hold to Enter,长按进入
so|TextMeshProUGUI|level12|21320|m_text,Sardinia,撒丁岛
so|TextMeshProUGUI|level12|21325|m_text,"Frozen
Forests","冰封
森林"
so|TextMeshProUGUI|level12|21326|m_text,Pyrrhus,皮洛士
so|TextMeshProUGUI|level12|21331|m_text,Port-ugal,葡萄牙
so|TextMeshProUGUI|level12|21348|m_text,Piggerazzi,猪狗仔队
so|TextMeshProUGUI|level12|21354|m_text,UNLOCKED AT 5,5 级解锁
so|TextMeshProUGUI|level12|21356|m_text,The Ministries,联盟
so|TextMeshProUGUI|level12|21360|m_text,AK-COPY: Link this game to your Histories,AK-COPY: 将此游戏链接到你的历史
so|TextMeshProUGUI|level12|21361|m_text,Quality,质量
so|TextMeshProUGUI|level12|21363|m_text,AK-COPY: Histories isn't open yet — try again later.,AK-COPY: 历史尚未开启——请稍后再试。
so|TextMeshProUGUI|level12|21364|m_text,"To change your Outfit, find a Wardrobe area.","要更换行头,请寻找衣橱区域。"
so|TextMeshProUGUI|level12|21369|m_text,Tirana,地拉那
so|TextMeshProUGUI|level12|21379|m_text,UNLOCKED AT 15,15 级解锁
so|TextMeshProUGUI|level12|21383|m_text,AUDIO,音频
so|TextMeshProUGUI|level12|21392|m_text,In your wallet:,你的钱包中:
so|TextMeshProUGUI|level12|21397|m_text,Report Bug (F10),报告错误 (F10)
so|TextMeshProUGUI|level12|21404|m_text,Hold to Travel,长按旅行
so|TextMeshProUGUI|level12|21408|m_text,Screen mode,屏幕模式
so|TextMeshProUGUI|level12|21412|m_text,Passions,激情
so|TextMeshProUGUI|level12|21413|m_text,"Collect
","收取
"
so|TextMeshProUGUI|level12|21415|m_text,"French
State","法兰西
邦国"
so|TextMeshProUGUI|level12|21421|m_text,Accept,接受
so|TextMeshProUGUI|level12|21427|m_text,Luxem-bourg,卢森堡
so|TextMeshProUGUI|level12|21428|m_text,Hearth,炉边
so|TextMeshProUGUI|level12|21429|m_text,mimata,米玛塔
so|TextMeshProUGUI|level12|21440|m_text,Crafting,炼制
so|TextMeshProUGUI|level12|21443|m_text,Atlantic Ocean,大西洋
so|TextMeshProUGUI|level12|21460|m_text,AK-COPY: Enter it within ~1 hour.,AK-COPY: 请在约 1 小时内输入。
so|TextMeshProUGUI|level12|21461|m_text,"<voffset=0.1oem><size=125%><sprite=""currency"" name=cigarette></voffset></size>100","<voffset=0.1oem><size=125%><sprite=""currency"" name=cigarette></voffset></size>100"
so|TextMeshProUGUI|level12|21467|m_text,STATEMENT OF ACCOUNT,账户对账单
so|TextMeshProUGUI|level12|21475|m_text,Middle Click to Focus,中键点击聚焦
so|TextMeshProUGUI|level12|21481|m_text,"<sprite=""currency"" name=""currency pound"">","<sprite=""currency"" name=""currency pound"">"
so|TextMeshProUGUI|level12|21484|m_text,Legend,图例
so|TextMeshProUGUI|level12|21485|m_text,Entry requirements: at least one of...,入场要求:至少符合下列之一…
so|TextMeshProUGUI|level12|21487|m_text,"<i><b>Current Alias:</b></i> Mr Spencer Hobson
","<i><b>当前化名:</b></i> 斯宾塞·霍布森先生
"
so|TextMeshProUGUI|level12|21497|m_text,Shadowed Place,幽暗之地
so|TextMeshProUGUI|level12|21503|m_text,Analytics consent,数据分析同意
so|TextMeshProUGUI|level12|21504|m_text,"Current
 Traces","当前
 痕迹"
so|TextMeshProUGUI|level12|21508|m_text,"Extremely dangerous quadruped, known for snortling, truffle- snouting and a billious dislike of cheese.

<i>“I am fond of pigs. Dogs look up to us. Cats look down on us. Pigs treat us as equals.” — Winston Churchill</i>","极其危险的四足兽,以喷鼻息、拱掘松露和对奶酪的深恶痛绝而闻名。

<i>「我喜欢猪。狗仰视我们,猫俯视我们,猪以平辈待我们。」——温斯顿·丘吉尔</i>"
so|TextMeshProUGUI|level12|21521|m_text,Total Skills,技艺总数
so|TextMeshProUGUI|level12|21538|m_text,Save,保存
so|TextMeshProUGUI|level12|21540|m_text,"“Work, Family, Homeland.” When the Republic fell, the rump government in the south joined forces with the Enemy, preserving a kind of independence as l’Etat Francais. As the Enemy retreated, the State joined instead with the Allies, to preserve its indepennce again. And so poor France is sundered still, with Darlan and De Gaulle the bitterest enemies.","「劳动、家庭、祖国。」共和国倾覆后,南方残余政府与敌人联手,以法兰西国的名号保住了某种独立。敌人退却后,邦国又转而与盟友结盟,再次保住了自身的独立。于是可怜的法国至今仍被割裂,达尔朗与戴高乐成了最不共戴天的仇敌。"
so|TextMeshProUGUI|level12|21541|m_text,Spend Experiences to increase Passions or gain new ones - as long as  your actions fit those Passions.,"消耗经验以提升激情,或获得新的激情——只要你的行动契合这些激情即可。"
so|TextMeshProUGUI|level12|21549|m_text,Currently Active,当前激活
so|TextMeshProUGUI|level12|21550|m_text,Dormant,休眠
so|TextMeshProUGUI|level12|21552|m_text,Person of Interest,重点人物
so|TextMeshProUGUI|level12|21555|m_text,Active,激活
so|TextMeshProUGUI|level12|21559|m_text,"You are skilled enough for this recipe… but only with Hushery in a <sprite=""VenueImages"" name=""quietplace""> Quiet Place or <sprite=""VenueImages"" name=""shadowedplace""> Shadowed Place","你的技艺足以应付此配方……但只有身处<sprite=""VenueImages"" name=""quietplace"">安静之地或<sprite=""VenueImages"" name=""shadowedplace"">幽暗之地施展静默术时才可。"
so|TextMeshProUGUI|level12|21563|m_text,MERCHANT BUYS...,商贩收购…
so|TextMeshProUGUI|level12|21571|m_text,You are here,你在这里
so|TextMeshProUGUI|level12|21580|m_text,+1 [ASPECT] Experience,+1 [ASPECT] 经验
so|TextMeshProUGUI|level12|21581|m_text,Ministry Sphere of Influence,联盟势力范围
so|TextMeshProUGUI|level12|21599|m_text,AK-COPY: Copy code,AK-COPY: 复制代码
so|TextMeshProUGUI|level12|21606|m_text,In Progress,进行中
so|TextMeshProUGUI|level12|21611|m_text,Create a forge influence,创造铸之影响
so|TextMeshProUGUI|level12|21616|m_text,Nether-lands,荷兰
so|TextMeshProUGUI|level12|21620|m_text,Alb-ania,阿尔巴尼亚
so|TextMeshProUGUI|level12|21629|m_text,Istanbul,伊斯坦布尔
so|TextMeshProUGUI|level12|21630|m_text,Bucharest,布加勒斯特
so|TextMeshProUGUI|level12|21637|m_text,Search for an unlocked Footnote...,搜索已解锁的脚注…
so|TextMeshProUGUI|level12|21647|m_text,Ranks:,等级:
so|TextMeshProUGUI|level12|21663|m_text,catalyst,催化剂
so|TextMeshProUGUI|level12|21665|m_text,Visuals,画面
so|TextMeshProUGUI|level12|21667|m_text,Kionn,基翁
so|TextMeshProUGUI|level12|21669|m_text,Blockade,封锁
so|TextMeshProUGUI|level12|21674|m_text,Travel Map,旅行地图
so|TextMeshProUGUI|level12|21681|m_text,"Ice
Crowns","冰
冠"
so|TextMeshProUGUI|level12|21682|m_text,Choose an item,选择一件物品
so|TextMeshProUGUI|level12|21685|m_text,Starry Abysms,缀星深渊
so|TextMeshProUGUI|level12|21686|m_text,"Plague of
leaves","瘟疫之
叶"
so|TextMeshProUGUI|level12|21694|m_text,Quiet Place,安静之地
so|TextMeshProUGUI|level12|21705|m_text,TOOL,工具
so|TextMeshProUGUI|level12|21711|m_text,"Henry Ix
Bridge","亨利九世
桥"
so|TextMeshProUGUI|level12|21718|m_text,Experiences,经验
so|TextMeshProUGUI|level12|21721|m_text,Your items,你的物品
so|TextMeshProUGUI|level12|21722|m_text,"<i><b>Serial No.</b></i> - 036777
<i><b>Date of Issue.</i></b> - 02/11/1948","<i><b>编号:</b></i> - 036777
<i><b>签发日期.</i></b> - 02/11/1948"
so|TextMeshProUGUI|level12|21724|m_text,Bosk +22,丛林学 +22
so|TextMeshProUGUI|level12|21726|m_text,In Merchant's Till: ,商贩钱匣中: 
so|TextMeshProUGUI|level12|21728|m_text,Music Volume,音乐音量
so|TextMeshProUGUI|level12|21734|m_text,Tailor,裁缝
so|TextMeshProUGUI|level12|21737|m_text,Sarajevo,萨拉热窝
so|TextMeshProUGUI|level12|21738|m_text,Venues,场地
so|TextMeshProUGUI|level12|21750|m_text,"French
Republic","法兰西
共和国"
so|TextMeshProUGUI|level12|21763|m_text,Zophistication -22,贼世故 -22
so|TextMeshProUGUI|level12|21764|m_text,Master volume,主音量
so|TextMeshProUGUI|level12|21768|m_text,"<sprite=""currency"" name=""currency dollar"">","<sprite=""currency"" name=""currency dollar"">"
so|TextMeshProUGUI|level12|21769|m_text,"Hive
Cluster","蜂巢
群"
so|TextMeshProUGUI|level12|21774|m_text,Quick save,快速保存
so|TextMeshProUGUI|level12|21777|m_text,UNLOCKED AT 20,20 级解锁
so|TextMeshProUGUI|level12|21779|m_text,Greece,希腊
so|TextMeshProUGUI|level12|21784|m_text,Randomness,随机性
so|TextMeshProUGUI|level12|21787|m_text,Reset tutorial messages,重置教程消息
so|TextMeshProUGUI|level12|21793|m_text,Demo,演示
so|TextMeshProUGUI|level12|21798|m_text,Zimata,米玛塔
so|TextMeshProUGUI|level12|21799|m_text,Bright Arts,光之技艺
so|TextMeshProUGUI|level12|21803|m_text,Xeart's Desire?,心之所欲?
so|TextMeshProUGUI|level12|21805|m_text,Back,返回
so|TextMeshProUGUI|level12|21815|m_text,Yugoslavia,南斯拉夫
so|TextMeshProUGUI|level12|21822|m_text,Austria,奥地利
so|TextMeshProUGUI|level12|21826|m_text,"AK-COPY: Get a code, then enter it on the website within ~1 hour.","AK-COPY: 获取代码,然后在约 1 小时内于网站上输入。"
so|TextMeshProUGUI|level12|21832|m_text,Holy Place,神圣之地
so|TextMeshProUGUI|level12|21839|m_text,Selling:,出售:
so|TextMeshProUGUI|level12|21855|m_text,Smok,斯莫克
so|TextMeshProUGUI|level12|21860|m_text,"To travel, visit a station","要旅行,请前往车站"
so|TextMeshProUGUI|level12|21869|m_text,Minsk,明斯克
so|TextMeshProUGUI|level12|21871|m_text,Seville,塞维利亚
so|TextMeshProUGUI|level12|21876|m_text,"Total: +<size=200%><sprite=""currency"" name=""currency dollar""></size>200","总计: +<size=200%><sprite=""currency"" name=""currency dollar""></size>200"
so|TextMeshProUGUI|level12|21880|m_text,Significant event,重大事件
so|TextMeshProUGUI|level12|21889|m_text,UNLOCKED AT 10,10 级解锁
so|TextMeshProUGUI|level12|21896|m_text,"Resolution
","分辨率
"
so|TextMeshProUGUI|level12|21902|m_text,"Reports of ""Daffer""",关于「达弗」的报告
so|TextMeshProUGUI|level12|21910|m_text,OUTFIT FALLBACK TEXT,行头后备文本
so|TextMeshProUGUI|level12|21918|m_text,Dublin,都柏林
so|TextMeshProUGUI|level12|21921|m_text,Version 2025.12.C.3,Version 2025.12.C.3
so|TextMeshProUGUI|level12|21925|m_text,Ireland,爱尔兰
so|TextMeshProUGUI|level12|21927|m_text,Pay with,用…支付
so|TextMeshProUGUI|level12|21928|m_text,Main menu,主菜单
so|TextMeshProUGUI|level12|21934|m_text,Mr Chi's Splendid Emporium,齐先生的骄盛商行
so|TextMeshProUGUI|level12|21936|m_text,Currently Wearing,当前穿着
so|TextMeshProUGUI|level12|21937|m_text,"29/01/2013
<size=75%>23:59</size>","29/01/2013
<size=75%>23:59</size>"
so|TextMeshProUGUI|level12|21939|m_text,ZProvides theze Zaspects to the Zool,将这些性相提供给性相池
so|TextMeshProUGUI|level12|21943|m_text,Buying:,购买:
so|TextMeshProUGUI|level12|21949|m_text,Threshold,门槛
so|TextMeshProUGUI|level12|21951|m_text,"Captain, Dorsetshire Regiment (demobilised)",多塞特团上尉(已复员)
so|TextMeshProUGUI|level12|21961|m_text,Verdant Place,苍翠之地
so|TextMeshProUGUI|level12|21964|m_text,Bulgaria,保加利亚
so|TextMeshProUGUI|level12|21971|m_text,Non-Train route,非火车路线
so|TextMeshProUGUI|level12|21975|m_text,30s,30 秒
so|TextMeshProUGUI|level12|21979|m_text,Reset,重置
so|TextMeshProUGUI|level12|21987|m_text,This is a good message. Spencer can enter the country because he is a nice boy.,"这是一条好消息。斯宾塞可以入境,因为他是个好孩子。"
so|TextMeshProUGUI|level12|21995|m_text,Spencer will gain +6 [IMG] travelling by this route.,"斯宾塞将沿此路线旅行,获得 +6 [IMG]。"
so|TextMeshProUGUI|level12|21996|m_text,"<sprite=""currency"" name=""currency silver spintria"">","<sprite=""currency"" name=""currency silver spintria"">"
so|TextMeshProUGUI|level12|21999|m_text,Athens,雅典
so|TextMeshProUGUI|level12|22000|m_text,Paused,已暂停
so|TextMeshProUGUI|level12|22001|m_text,Career:,职业:
so|TextMeshProUGUI|level12|22004|m_text,Switzerland,瑞士
so|TextMeshProUGUI|level12|22006|m_text,Radical Activism,激进行动主义
so|TextMeshProUGUI|level12|22016|m_text,Usually brief description that sometimes goes to  multiple lines,"通常是简短的描述,有时会延续到多行。"
so|TextMeshProUGUI|level12|22021|m_text,Arts Unregarded,被忽视的技艺
so|TextMeshProUGUI|level12|22022|m_text,Merchant's items,商贩的物品
so|TextMeshProUGUI|level12|22028|m_text,Zosk +22,丛林学 +22
so|TextMeshProUGUI|level12|22032|m_text,AK-COPY: Requesting…,AK-COPY: 请求中…
so|TextMeshProUGUI|level12|22047|m_text,Xerdemain +22,手法 +22
so|TextMeshProUGUI|level12|22048|m_text,UNLOCKED AT 7,7 级解锁
so|TextMeshProUGUI|level12|22050|m_text,https://histories-web.weatherfactory.deno.net,https://histories-web.weatherfactory.deno.net
so|TextMeshProUGUI|level12|22060|m_text,Lorem Ipsum,Lorem Ipsum
so|TextMeshProUGUI|level12|22073|m_text,Train Tracks,铁轨
so|TextMeshProUGUI|level12|22092|m_text,Black Sea,黑海
so|TextMeshProUGUI|level12|22096|m_text,"<i>Lorem ipsum dolor sit amet foo bar lipseum oftem nah.</i>

Hollywood bin get anoda interesting year: Deadpool face off wit Wolverine, Blake Lively and Justin Baldoni sue each oda, Inside Out 2 conquer di box office and Joker sequel no even come close.","<i>Lorem ipsum dolor sit amet foo bar lipseum oftem nah.</i>

好莱坞又过了有趣的一年:死侍与金刚狼对决,布莱克·莱弗利和贾斯汀·巴尔多尼互相起诉,《头脑特工队 2》称霸票房,《小丑》续集连边都沾不上。"
so|TextMeshProUGUI|level12|22119|m_text,"<sprite=""currency"" name=""cigarette"">","<sprite=""currency"" name=""cigarette"">"
so|TextMeshProUGUI|level12|22124|m_text,AK-COPY: Open website,AK-COPY: 打开网站
so|TextMeshProUGUI|level12|22127|m_text,Germany,德国
so|TextMeshProUGUI|level12|22129|m_text,Memories,种种回忆
so|TextMeshProUGUI|level12|22135|m_text,Innumination +22,照明术 +22
so|TextMeshProUGUI|level12|22145|m_text,"Detective-Ostiary, Suppression Bureau (dismissed)",防剿局侦探兼司阍(已免职)
so|TextMeshProUGUI|level12|22150|m_text,"Xhe travels with a carnival named 'Rosa Mundi'. They were due to perform in Mimata, among the mountains and gorges of Lozere. I've informally discharged myself from the Sanitarium Aujourd'hui, and I'm on my way there now.","她随一个名为「罗莎·蒙迪」的嘉年华同行。他们本应在米玛塔演出,那地方地处洛泽尔的群山与峡谷之间。我已非正式地从今日疗养院离院,如今正赶往那里。"
so|TextMeshProUGUI|level12|22151|m_text,Manchester,曼彻斯特
so|TextMeshProUGUI|level12|22152|m_text,Output,输出
so|TextMeshProUGUI|level12|22153|m_text,Wounded Place,受创之地
so|TextMeshProUGUI|level12|22155|m_text,Wear This Outfit,穿上此行头
so|TextMeshProUGUI|level12|22166|m_text,French State,法兰西邦国
so|TextMeshProUGUI|level12|22168|m_text,AK-COPY: Get code,AK-COPY: 获取代码
so|TextMeshProUGUI|level12|22179|m_text,"It is imperative that Thunderpigs are given the attention they deserve. In fact, they should be given so much attention that they can't even snootle about in a trough without someone livestreaming it to PigTok.","雷猪理应得到它们应得的关注,这一点至关重要。事实上,它们应当得到如此之多的关注,以至于连在水槽边拱来拱去都有人把它直播到猪抖上。"
so|TextMeshProUGUI|level12|22180|m_text,Quit to desktop,退出到桌面
so|TextMeshProUGUI|level12|22188|m_text,Tooltip delay,提示延迟
so|TextMeshProUGUI|level12|22213|m_text,Xs my heart's explained to me: I must find Nina Lagasse.,正如我的心向我解释的那样:我必须找到尼娜·拉加斯。
so|TextMeshProUGUI|level12|22216|m_text,"Alert lifetime
","提示持续时间
"
so|TextMeshProUGUI|level12|22220|m_text,"<sprite=""currency"" name=""currency swiss franc"">","<sprite=""currency"" name=""currency swiss franc"">"
so|TextMeshProUGUI|level12|22222|m_text,"Your Signs and Passions feed the Aspect Pool. Spend pips to force success on matching Skill tests. Regain them by acting with Passions.
","你的印记与激情汇入性相池。消耗圆点,即可让相符的技艺检定必然成功。依激情行事,即可重新获得圆点。
"
so|TextMeshProUGUI|level12|22223|m_text,- advice - ,- 建议 - 
so|TextMeshProUGUI|level12|22227|m_text,Nothing suitable,没有合适的
so|TextMeshProUGUI|level12|22237|m_text,Zagreb,萨格勒布
so|TextMeshProUGUI|level12|22238|m_text,Input,输入
so|TextMeshProUGUI|level12|22239|m_text,Rreservation +22,保存术 +22
so|TextMeshProUGUI|level12|22241|m_text,Garments,衣物
so|TextMeshProUGUI|level12|22242|m_text,Quick load,快速读取
so|TextMeshProUGUI|level12|22249|m_text,rose-lantern-winter-forge,引-灯-冬-铸
so|TextMeshProUGUI|level12|22251|m_text,Turkey,土耳其
so|TextMeshProUGUI|level12|22253|m_text,Controls,操作
so|TextMeshProUGUI|level2|29|m_text,MUNUMUNUM,MUNUMUNUM
so|TextMeshProUGUI|level2|30|m_text,— FOO,— FOO
so|TextMeshProUGUI|level3|1147|m_text,New Game,新游戏
so|TextMeshProUGUI|level3|1148|m_text,"Art, animation, marketing",美术、动画、营销
so|TextMeshProUGUI|level3|1150|m_text,Alexis Kennedy,亚历克西·肯尼迪
so|TextMeshProUGUI|level3|1151|m_text,Lottie Bevan,洛蒂·贝文
so|TextMeshProUGUI|level3|1153|m_text,Weather Factory,天气工厂
so|TextMeshProUGUI|level3|1155|m_text,"Thank you to everyone who helped us get here! Whether you wishlisted the game or left a nice comment somewhere or told a friend about <i>Travelling</i>, thank you. Super thank you to everyone who's helping us test the game and sending us feedback, too.",感谢每一位帮助我们走到今天的人！无论你是把游戏加入愿望单、在某个地方留下善意的评论，还是把 <i>Travelling</i> 推荐给朋友，谢谢你们。也特别感谢所有正在帮我们测试游戏、并把反馈寄给我们的人。
so|TextMeshProUGUI|level3|1156|m_text,Animation,动画
so|TextMeshProUGUI|level3|1157|m_text,Coding,编程
so|TextMeshProUGUI|level3|1158|m_text,Adrien Deggan,阿德里安·德根
so|TextMeshProUGUI|level3|1159|m_text,Version 2025.f.whatevermadeup,版本 2025.f.随便编的
so|TextMeshProUGUI|level3|1160|m_text,Continue,继续
so|TextMeshProUGUI|level3|1161|m_text,Nuclear Starfish,核海星
so|TextMeshProUGUI|level3|1162|m_text,"Design, writing, coding",设计、写作、编程
so|TextMeshProUGUI|level3|1163|m_text,Roman Loskutov,罗曼·洛斯库托夫
so|TextMeshProUGUI|level3|1165|m_text,GET THE NEWSLETTER - Subscribe for the invisible world in your inbox. Be the first to know about new lore and game releases.,订阅邮件——把隐形世界送进你的收件箱。抢先了解新秘闻与游戏动态。
so|TextMeshProUGUI|level3|1167|m_text,Art,美术
so|TextMeshProUGUI|level3|1169|m_text,BUGS & FEEDBACK,缺陷与反馈
so|TextMeshProUGUI|level3|1170|m_text,support@weatherfactory.biz,support@weatherfactory.biz
so|TextMeshProUGUI|level3|1172|m_text,Music,音乐
so|TextMeshProUGUI|level3|1177|m_text,"J. Willgoose, Esq.",J. 威卢斯先生
so|TextMeshProUGUI|level3|1179|m_text,Credits,制作名单
so|TextMeshProUGUI|level3|1180|m_text,"Yes, LInk",是，关联
so|TextMeshProUGUI|level3|1181|m_text,Subscribe for the invisible world in your inbox. Be the first to know about new lore and game releases.,订阅，把隐形世界送进你的收件箱。抢先了解新秘闻与游戏动态。
so|TextMeshProUGUI|level3|1183|m_text,Load Game,载入游戏
so|TextMeshProUGUI|level3|1184|m_text,"Can we collect <b>pseudonymised</b> data about choices you make in the game? We'll use it to refine the game, and perhaps for Entertaining Blog Posts about choice statistics.

By <b>pseudonymised</b>, we mean: there's a unique id for each install - but we don't do anything to tie it to a natural person (you) unless you let us link it to bug reports. 

<b>[Change this at any time via Options]</b>","我们可以收集你在游戏中做出的选择的<b>假名化</b>数据吗？我们会用这些数据来打磨游戏，或许还会用来写些关于选择统计的趣味博文。

所谓<b>假名化</b>，是指：每次安装都有一个唯一 ID——但我们不会做任何把它与某个自然人（你）关联起来的事，除非你允许我们把它与缺陷报告联系起来。

<b>[随时可通过「选项」更改此设置]</b>"
so|TextMeshProUGUI|level3|1185|m_text,Get the Newsletter,订阅邮件
so|TextMeshProUGUI|level3|1191|m_text,Special Thanks,特别鸣谢
so|TextMeshProUGUI|level3|1193|m_text,Freelancers,自由职业者
so|TextMeshProUGUI|level3|1197|m_text,Louis Blum,路易·布鲁姆
so|TextMeshProUGUI|level3|1199|m_text,News,新闻
so|TextMeshProUGUI|level4|1830|m_text,Begin Game,开始游戏
so|TextMeshProUGUI|level4|1831|m_text,points to assign,可分配点数
so|TextMeshProUGUI|level4|1834|m_text,"	Antibes, Alpes-Maritimes. November 1948; at least as far as anyone can tell any more.

	Twelve years ago, in Cracow, the Worms hollowed me out. For the next three years they steered me all round Europe, until at last I got away to a place where there was a kind of help... the Worms are gone now, but I've only begun to fill up the spaces they left.

	I was back with the Bureau again when the Worms took me. But I still think of myself, above all, as...","	昂蒂布，滨海阿尔卑斯省。1948 年 11 月；至少就如今而言，没人能说清更多了。

	十二年前，在克拉科夫，蠕虫把我蛀空。此后三年，它们操纵我辗转欧洲各地，直到我终于逃到一处能寻得某种帮助的地方……如今蠕虫已经消失，但我才刚刚开始填补它们留下的空洞。

	蠕虫带走我时，我又回到了防剿局。但我依然首先把自己看作……"
so|TextMeshProUGUI|level4|1835|m_text,Choose one,选择一项
so|TextMeshProUGUI|level4|1837|m_text,"	When I came back to Europe after the war, my heart told me I should seek out Nina Lagasse: actress, artist, witch. She'll know where I can find the things I need to fill my emptiness again.

	Nina is notoriously elusive, but I've followed her trail from Alexandria - where they brought me back - to Antibes - where I now arrive -","	战争结束后我回到欧洲，我的心告诉我，应该去找尼娜·拉加斯：演员、艺术家、女巫。她会知道我在哪里能找到重新填补空虚的东西。

	尼娜素以行踪难觅著称，但我一路追着她的踪迹，从亚历山大港——他们把我送回的地方——追到昂蒂布——如今我抵达的地方——"
so|TextMeshProUGUI|level4|1838|m_text,"Who Are You,
	  Hollow Man?","你是谁，
	  空心人？"
so|TextMeshProUGUI|level4|1839|m_text,Menu Screen,菜单画面
so|TextMeshProUGUI|level4|1850|m_text,Uses,用途
so|TextMeshProUGUI|level4|1914|m_text,"a
conjurer","一名
魔术师"
so|TextMeshProUGUI|level4|1915|m_text,"a
writer","一名
作家"
so|TextMeshProUGUI|level4|1916|m_text,"a
physician","一名
医生"
so|TextMeshProUGUI|level4|1917|m_text,"Another Sign
","另一个印记
"
so|TextMeshProUGUI|level5|187|m_text,EXIT GAME,退出游戏
so|TextMeshProUGUI|level5|188|m_text,MAIN MENU,主菜单
so|TextMeshProUGUI|level5|191|m_text,OutcomeTitle,OutcomeTitle
so|TextMeshProUGUI|level5|193|m_text,Lorem ipsum dolor sit amet,Lorem ipsum dolor sit amet
so|TextMeshProUGUI|level5|195|m_text,Ending Title,Ending Title
so|TextMeshProUGUI|level5|196|m_text,"lorem ipsum dolor sit amet. This will be long. at least two paragraphs. A much softer version of the circus theme - perhaps just fragments that fade in and out. The idea is that you hear this when you're out and about in the main circus site, so you get a sense of pleasantly melancholy familiarity every time you come back to the circus - which serves as your base - but when you enter a tent, it can become focal. ","lorem ipsum dolor sit amet. This will be long. at least two paragraphs. A much softer version of the circus theme - perhaps just fragments that fade in and out. The idea is that you hear this when you're out and about in the main circus site, so you get a sense of pleasantly melancholy familiarity every time you come back to the circus - which serves as your base - but when you enter a tent, it can become focal."
so|TextMeshProUGUI|level5|206|m_text,CardTitle,CardTitle
so|TextMeshProUGUI|level6|100|m_text,"
“What kind of polyglot genius could ever hope to crack your impenetrable code?”","
「什么样的多语天才，才敢奢望破解你那密不透风的密码？」"
so|TextMeshProUGUI|level6|101|m_text,Loading...,加载中……
so|TextMeshProUGUI|level6|99|m_text,We Here For You,我们为你而来
so|TextMeshProUGUI|level7|4581|m_text,France,法国
so|TextMeshProUGUI|level7|4583|m_text,It was the worst of times; it was the worst of times. Remind myself of that.,那是最坏的时代；那是最坏的时代。提醒自己记住这一点。
so|TextMeshProUGUI|level7|4601|m_text,"The
Ministries","联
盟"
so|TextMeshProUGUI|level7|4604|m_text,Cluj-Napoca,克卢日-纳波卡
so|TextMeshProUGUI|level7|4610|m_text,I think sometimes that I will never look upon the sea without that memory surfacing like a shark - that memory of the knives of Ys.,我有时想，自己再也无法看海而不让那段记忆像鲨鱼一样浮出水面——那段关于伊苏之刀的回忆。
so|TextMeshProUGUI|level7|4617|m_text,Portugal,葡萄牙
so|TextMeshProUGUI|level7|4633|m_text,Albania,阿尔巴尼亚
so|TextMeshProUGUI|level7|4636|m_text,Caution,警告
so|TextMeshProUGUI|level7|4638|m_text,'The black market is a CRIME',「黑市是犯罪」
so|TextMeshProUGUI|level7|4639|m_text,A proud declaration of the State's struggle against immortality and corruption. Chez Feliz is the latest corrupt establishment to face the axe's edge.,邦国向长生与腐败宣战的自豪宣言。费利克斯之家是最近一个面临斧刃的腐败场所。
so|TextMeshProUGUI|level7|4641|m_text,Coronal grace whispers from the stone. An Incorporate has marked this place.,冕的恩典自石中低语。集团成员在此留下印迹。
so|TextMeshProUGUI|level7|4642|m_text,"An unfamiliar model of Peugeot. Scrupulously clean, and empty as a showroom model.",一辆陌生的标致车型。一尘不染，空得像展厅里的展车。
so|TextMeshProUGUI|level7|4643|m_text,"They've kept this cicatrix under control, but it doesn't look as if it's getting any better. Likely it discolours the wallpaper, inside. Residents often develop sympathetic marks of their own.",他们把这处疤痕控制住了，但它看起来并没有好转的迹象。屋里大约连墙纸都被染变了色。住户们身上往往也会长出相应的印记。
so|TextMeshProUGUI|level7|4644|m_text,"A stately, gleaming Citroën. The Bureau used this model, back before the War. A fine lambswool scarf lies crumpled on the passenger seat.",一辆庄重锃亮的雪铁龙。战争之前，防剿局用的就是这款车。副驾驶座上，一条上好的羔羊毛围巾皱巴巴地堆着。
so|TextMeshProUGUI|level7|4645|m_text,"One of those daft little Citroëns one sees everywhere now. In the back seat, an umbrella with a striking black-white plaid pattern.",如今到处都能见到的那种傻里傻气的小雪铁龙。后座上放着一把黑白格纹醒目扎眼的雨伞。
so|TextMeshProUGUI|level7|4646|m_text,Sweet scents do nothing to sweeten the mood of the woman sitting opposite.,甜腻的香气丝毫不能缓和对面那位女士的心情。
so|TextMeshProUGUI|level7|4647|m_text,Travelling homa.,旅行的霍玛。
so|TextMeshProUGUI|level7|4650|m_text,"The rain's perked up these flowers, at least.",至少，这场雨让这些花精神起来了。
so|TextMeshProUGUI|level7|4651|m_text,"Saw this in '37, the year before I went away. The Worms gave me what you might call an afternoon off, and I sat in the cinema, watching our heroes cross the border into Switzerland... that's when I started to plan my own escape.",三十七年看过这部片子，那是我离开的前一年。蠕虫给了我一个可以称之为放假的下午，我坐在电影院里，看着我们的英雄越过边境进入瑞士……就在那时，我开始筹划自己的出逃。
so|TextMeshProUGUI|level7|4653|m_text,An optimist would say: Europe's still healing. Others would say: Europe's taking its time to die.,乐观者会说：欧洲仍在愈合。另一些人会说：欧洲正慢条斯理地走向死亡。
so|TextMeshProUGUI|level7|4655|m_text,Gaiety.,欢快。
so|TextMeshProUGUI|level7|4656|m_text,"Fresh scents, well kept.",清新的香气，打理得宜。
so|TextMeshProUGUI|level7|4657|m_text,Elegance. The other face of poise.,优雅。沉稳的另一面。
so|TextMeshProUGUI|level7|4658|m_text,Schloss Nagelsburg,纳格尔斯堡城堡
so|TextMeshProUGUI|level7|4659|m_text,"Silver surface, winking sun.",银色的水面，闪烁的日光。
so|TextMeshProUGUI|level7|4660|m_text,The rain's only half-erased the chalk. The bookshop owner must have re-lettered it just this morning. A determined soul.,雨水只擦掉了一半粉笔字。书店老板准是今天早上刚刚重新描过。真是个执着的人。
so|TextMeshProUGUI|level7|4662|m_text,A chilly stream of clear water competes against the rain. It's losing.,一道冰凉清澈的水流与雨水较劲。它正在输。
so|TextMeshProUGUI|level7|4663|m_text,Bright water in the Riviera sun. There's plashery afoot.,蔚蓝海岸阳光下波光粼粼的水。有人正在戏水。
so|TextMeshProUGUI|level7|4664|m_text,A NO PARKING sign directly between two parked cars. Darlan's grip is not irresistible.,一块「禁止停车」标牌，正夹在两辆停着的车之间。达尔朗的掌控并非无懈可击。
so|TextMeshProUGUI|level7|4665|m_text,"Elegant ladies preen, elegant gentlemen cavort. More elegant ladies, some pulp Westerns, further elegant ladies, blood-drenched tales of Parisian crime, and one more particularly splendid lady with particularly splendid hair.",优雅的女士们搔首弄姿，优雅的先生们嬉笑玩闹。更多的优雅女士，一些廉价西部小说，再一些优雅女士，巴黎罪案的血腥故事，还有一位格外出众的女士，顶着一头格外出众的头发。
so|TextMeshProUGUI|level7|4666|m_text,Frozen Forests,冰冻森林
so|TextMeshProUGUI|level7|4669|m_text,Plague of Leaves,叶之瘟疫
so|TextMeshProUGUI|level7|4670|m_text,La Malaise Raveline,拉韦林的不适
so|TextMeshProUGUI|level7|4671|m_text,Hive Cluster,蜂巢簇
so|TextMeshProUGUI|level7|4672|m_text,Bergs of Amber,琥珀冰山
so|TextMeshProUGUI|level7|4674|m_text,LibuŠe Installation,莉布丝装置
so|TextMeshProUGUI|level7|4675|m_text,"Alexandria, Istanbul, Sofia, Belgrade, Trieste, Milan, Antibes... not an easy journey. They'd dynamited the pass at Ras en-Naqura, and I had to slip across the border at night in a gun-runner's jeep. ",亚历山大港、伊斯坦布尔、索菲亚、贝尔格莱德、的里雅斯特、米兰、昂蒂布……不是一趟轻松的旅程。他们在纳库拉角炸毁了山口，我只好坐着一辆走私军火的吉普车，趁夜溜过边境。
so|TextMeshProUGUI|level7|4676|m_text,Poise. The other face of elegance.,沉稳。优雅的另一面。
so|TextMeshProUGUI|level7|4677|m_text,Henry IX Bridge,亨利九世桥
so|TextMeshProUGUI|level7|4678|m_text,'You can get quite a nice sandwich on the black market' was perhaps not the intended reading.,「你可以在黑市上买到一块相当不错的三明治」大概不是这句话的本意。
so|TextMeshProUGUI|level7|4680|m_text,Significant Event (Hoverover for Details),重大事件（悬停查看详情）
so|TextMeshProUGUI|level7|4682|m_text,Unavailable Route,无法通行的路线
so|TextMeshProUGUI|level7|4685|m_text,Reports of 'Daffer',关于「达弗」的传闻
so|TextMeshProUGUI|level7|4687|m_text,"This is the worst photograph never taken by a human being. It could be a boat. It could be a pig. It could be the inside of a pig. It could be the inside of a pig inside a boat. It could, in fact, be a photograph taken not by a human at all, but by a pig, perhaps from inside another pig.",这是从未被人类拍过的最糟糕的照片。它可能是一条船。可能是一头猪。可能是猪的肚子。可能是船里一头猪的肚子。事实上，它可能根本不是人类拍的，而是一头猪拍的，也许还是从另一头猪的肚子里拍的。
so|TextMeshProUGUI|level7|4688|m_text,The Rue Racine is deserted. The rain? A curfew? Or some nastier reason?,拉辛街空无一人。是雨？是宵禁？还是什么更糟的原因？
so|TextMeshProUGUI|level7|4689|m_text,"I saw Bronek in this carriage, and also in the rear carriage. 'Dappled,'  he said when I asked.",我看见布罗内克在这节车厢里，也在后面那节车厢里。「斑驳，」我问他时，他这么回答。
so|TextMeshProUGUI|level7|4691|m_text,A brilliant spray of vivid red.,一蓬绚烂的鲜红。
so|TextMeshProUGUI|level7|4693|m_text,"Sturdy, nutritious literature lairs gloweringly beneath a light topping of brightly coloured novels about people falling in things, falling off things, or inventing cocktail-mixing pianos.",结实而营养的书籍虎视眈眈地蛰伏在下面，上面薄薄地盖着一层色彩鲜艳的小说——讲的都是人们掉进什么东西里、从什么东西上掉下去，或者发明会调鸡尾酒的钢琴的故事。
so|TextMeshProUGUI|level7|4701|m_text,Epirus,伊庇鲁斯
so|TextMeshProUGUI|level7|4704|m_text,Krakow,克拉科夫
so|TextMeshProUGUI|level7|4707|m_text,"Woman bites man. Man dies. Man faked death. Snake bites woman. Woman dies. Man resurrects woman. 
A love story.","女人咬了男人。男人死了。男人诈死。蛇咬了女人。女人死了。男人复活了女人。
一个爱情故事。"
so|TextMeshProUGUI|level7|4709|m_text,"It rained blood outside Cagnes-sur-Mer, but we've mostly wiped the windows clean now.",滨海卡涅外面下了血雨，不过我们大体上已把车窗擦干净了。
so|TextMeshProUGUI|level7|4711|m_text,'They do their murdering - wrapped in the colours of OUR FLAG!',「他们杀人——裹着我们国旗的颜色！」
so|TextMeshProUGUI|level7|4714|m_text,"Right on the border between... autumn and spring? It must be exhausting, to be a flower in this world now.",正处在……秋与春的交界？如今在这世上做一朵花，想必很累吧。
so|TextMeshProUGUI|resources.assets|29458|m_text,Complete!,完成！
so|TextMeshProUGUI|resources.assets|29522|m_text,"ASPECT POOL
","性相池
"
so|TextMeshProUGUI|resources.assets|30259|m_text,"Thanks for taking the time to send this! Every bug report is helpful. You've lit another candle, or planted another flower.

If you'd like to follow up with more information, you can reach us at  <b>support@weatherfactory.biz</b> - quote the ref above.","感谢你花时间发送这份报告！每一份缺陷报告都有帮助。你点亮了另一根蜡烛，或种下了另一朵花。

如果你想补充更多信息，可以通过 <b>support@weatherfactory.biz</b> 联系我们——请引用上面的编号。"
so|TextMeshProUGUI|resources.assets|30624|m_text,0 in a Skill halves the possible Chance bonus.,技艺中的 0 会让可能的几率加成减半。
so|TextMeshProUGUI|resources.assets|31225|m_text,"<sprite index=0>When Madame <sprite index=1>Pompadour was on a ballroom floor 
 Said all the gentlemen, <sprite index=2>""Obviously,"" 
<sprite index=3>""The madame has the cutest personality."" 
 <sprite index=4>And think of all the <sprite index=5>books about Du Barry's looks 
 <sprite index=6>What was it made her the <sprite index=7>toast of Paris? 
 She had a well-developed personality...

","<sprite index=0>当蓬帕杜夫人<sprite index=1>踏上舞池 
 先生们都说，<sprite index=2>「显而易见，」
<sprite index=3>「这位夫人有着最可爱的气质。」
 <sprite index=4>再想想那些写杜巴里容貌的<sprite index=5>书 
 <sprite index=6>是什么让她成为巴黎的<sprite index=7>宠儿？
 她有一种充分发展的气质……

"
so|TextMeshProUGUI|resources.assets|31238|m_text,“I am fond of pigs. Dogs look up to us. Cats look down on us. Pigs treat us as equals.” — Winston Churchill,「我喜欢猪。狗仰视我们。猫俯视我们。猪把我们视为同类。」——温斯顿·丘吉尔
so|TextMeshProUGUI|resources.assets|31419|m_text,Report a bug: sending...,报告缺陷：发送中……
so|TextMeshProUGUI|resources.assets|31425|m_text,<id>,<id>
so|TextMeshProUGUI|resources.assets|31545|m_text,Uploading log...,上传日志中……
so|TextMeshProUGUI|resources.assets|31642|m_text,Sophistication +1,贼世故 +1
so|TextMeshProUGUI|resources.assets|31681|m_text,SkillName,SkillName
so|TextMeshProUGUI|resources.assets|32069|m_text,use item,使用物品
so|TextMeshProUGUI|resources.assets|32104|m_text,Zurrently Active,当前激活
so|TextMeshProUGUI|resources.assets|32134|m_text,x,x
so|TextMeshProUGUI|resources.assets|32186|m_text,"<sprite=""SmolSkillImages"" name=""Skolekosophy""><space=-1.5em><sprite=""SmolSkillImages"" name=""outline"" color=#D24B00FF> Skolekosophy <color=#808080>[68%] → </color>[88%]","<sprite=""SmolSkillImages"" name=""Skolekosophy""><space=-1.5em><sprite=""SmolSkillImages"" name=""outline"" color=#D24B00FF>蠕虫学 <color=#808080>[68%] → </color>[88%]"
so|TextMeshProUGUI|resources.assets|32314|m_text,Xose Xinfluence,可塞景响
so|TextMeshProUGUI|resources.assets|32453|m_text,Rescue (Aspect pool),营救（性相池）
so|TextMeshProUGUI|resources.assets|32660|m_text,Close,关闭
so|TextMeshProUGUI|resources.assets|32714|m_text,New Text,New Text
so|TextMeshProUGUI|resources.assets|32731|m_text,ALL GOOD!,一切顺利！
so|TextMeshProUGUI|resources.assets|32879|m_text,"It is imperative that Thunderpigs are given the attention they deserve. In fact, they should be given so much attention that they can't even snootle about in a trough without someone livestreaming it to PigTok. ",必须让雷猪得到它们应得的关注。事实上，它们得到的关注应当多到：连在食槽里拱来拱去，都会有人直播到猪抖上。
so|TextMeshProUGUI|resources.assets|33116|m_text,Available,可用
so|TextMeshProUGUI|resources.assets|33133|m_text,Tutorial Title,Tutorial Title
so|TextMeshProUGUI|resources.assets|33157|m_text,Uploading save file...,上传存档中……
so|TextMeshProUGUI|resources.assets|33159|m_text,Skill Check: ZOROMACHISTRY,技艺检定：佐罗司辰学
so|TextMeshProUGUI|resources.assets|33369|m_text,Gives,给予
so|TextMeshProUGUI|resources.assets|33699|m_text,Uploading screenshot...,上传截图中……
so|TextMeshProUGUI|resources.assets|33724|m_text,Cat Helping,猫咪在帮忙
so|TextMeshProUGUI|resources.assets|33971|m_text,Success chance:,成功几率：
so|TextMeshProUGUI|resources.assets|34033|m_text,What happened? How was it different from what you expected?,发生了什么？它与你预期的有什么不同？
so|TextMeshProUGUI|resources.assets|34036|m_text,Concede,认输
so|TextMeshProUGUI|resources.assets|34063|m_text,Use (Consumes),使用（消耗）
so|TextMeshProUGUI|resources.assets|34792|m_text,"Much longer description of a spherical country. Lorem ipsum dolor  fell to the [[Enemy]] in 1940. When the war ended, the Fourth Republic rose from its ashes... but the south of France remains in the manly grasp of the [[State]].",对一个球形国家的更长描述。Lorem ipsum dolor 于 1940 年落入[[敌人]]之手。战争结束后，第四共和国从灰烬中崛起……但法国南部仍牢牢握在[[邦国]]有力的掌控之中。
so|TextMeshProUGUI|resources.assets|34808|m_text,FAILED BY,失败差
so|TextMeshProUGUI|resources.assets|34836|m_text,Set Aside,搁置
so|TextMeshProUGUI|resources.assets|35014|m_text,At runtime we insert Crs for wrap,运行时我们会为换行插入 Crs
so|TextMeshProUGUI|resources.assets|35395|m_text,Super Hard,极难
so|TextMeshProUGUI|resources.assets|35568|m_text,<voffset=0.15em>x</voffset>3,<voffset=0.15em>x</voffset>3
so|TextMeshProUGUI|resources.assets|35824|m_text,Refreshments,茶点
so|TextMeshProUGUI|resources.assets|35961|m_text,We've generated a unique ID for your report:,我们已为你的报告生成了一个唯一 ID：
so|TextMeshProUGUI|resources.assets|35994|m_text,"Extremely dangerous quadruped, known for snortling, truffle- snouting and a billious dislike of cheese.",极其危险的四足动物，以哼哧、拱松露和对奶酪病态的厌恶而闻名。
so|TextMeshProUGUI|resources.assets|36005|m_text,Succeed,成功
so|TextMeshProUGUI|resources.assets|36061|m_text,"Cancel
","取消
"
so|TextMeshProUGUI|resources.assets|36459|m_text,Read (Consumes),阅读（消耗）
so|TextMeshProUGUI|resources.assets|36989|m_text,Split,拆分
so|TextMeshProUGUI|resources.assets|37118|m_text,Submit,提交
so|TextMeshProUGUI|resources.assets|37226|m_text,xx/yy,xx/yy
so|TextMeshProUGUI|resources.assets|37240|m_text,To Focus,专注至
so|TextMeshProUGUI|resources.assets|37538|m_text,Technical details (stack trace error message),技术细节（堆栈跟踪错误信息）
so|TextMeshProUGUI|resources.assets|37611|m_text,Gave,已给予
so|TextMeshProUGUI|resources.assets|37638|m_text,for Choices,用于选择
so|TextMeshProUGUI|resources.assets|37907|m_text,Screenshot:,截图：
so|TextMeshProUGUI|resources.assets|37918|m_text,<cspace=1.8px>CONTINUE</cspace>,<cspace=1.8px>继续</cspace>
so|TextMeshProUGUI|resources.assets|38053|m_text,Use which item?,使用哪件物品？
so|TextMeshProUGUI|resources.assets|38207|m_text,Tell us your troubles,向我们倾诉你的烦恼
so|TextMeshProUGUI|resources.assets|38238|m_text,"Zophistication +10 / 15,贼世故 +10 / 15，小手法 +15 / 90
so|TextMeshProUGUI|resources.assets|38488|m_text,Use,使用
so|TextMeshProUGUI|resources.assets|38510|m_text,Focus,专注
so|TextMeshProUGUI|resources.assets|38715|m_text,Report a bug,报告缺陷
so|TextMeshProUGUI|resources.assets|38720|m_text,Uploading email address...,上传邮箱地址中……
so|TextMeshProUGUI|resources.assets|39703|m_text,Spencer can travel + details,斯宾塞可以旅行 + 详情
so|TextMeshProUGUI|resources.assets|40027|m_text,Email address (REQUIRED),邮箱地址（必填）
so|TextMeshProUGUI|resources.assets|40250|m_text,Current Traces:,当前痕迹：
so|TextMeshProUGUI|resources.assets|40399|m_text,Remove,移除
so|TextMeshProUGUI|resources.assets|40459|m_text,Roland,罗兰
so|TextMeshProUGUI|resources.assets|40540|m_text,Type email address,输入邮箱地址
so|TextMeshProUGUI|resources.assets|40757|m_text,Difficulty,难度
so|TextMeshProUGUI|resources.assets|40758|m_text,Total:,总计：
so|TextMeshProUGUI|resources.assets|41267|m_text,Unused alternatives:,未使用的备选：
so|TextMeshProUGUI|resources.assets|41360|m_text,Xilan,西兰
so|TextMeshProUGUI|resources.assets|41368|m_text,"DATA POLICY: This will send your email address, game.log and most recent saved game (plus optional screenshot) to our secure database. If you chose LINK, it'll also include your install ID from your config file. We'll use your email address only to contact you about technical issues. We won't share it with third parties. We'll delete any bug report data on request.",数据政策：这将把你的邮箱地址、game.log 和最近的存档（外加可选的截图）发送到我们的安全数据库。如果你选择了「关联」，它还将包含你配置文件中的安装 ID。我们只会使用你的邮箱地址就技术问题与你联系。我们不会与第三方共享。你提出要求后，我们会删除任何缺陷报告数据。
so|TextMeshProUGUI|resources.assets|42002|m_text,Read,阅读
so|TextMeshProUGUI|resources.assets|42503|m_text,Cat Not Helping,猫咪没在帮忙
so|TextMeshProUGUI|resources.assets|42529|m_text,Ready,就绪
so|TextMeshProUGUI|sharedassets3.assets|76|m_text,"Example introduction to a great new thing that we have introduced go us. Latest version includes:

- Stuff
- More stuff
- Bippity bip bip stuff alert
- New hats","对我们引入的伟大新事物的示例介绍。最新版本包括：

- 东西
- 更多东西
- 哔哔滴哔哔的新东西警报
- 新帽子"
so|TextMeshProUGUI|sharedassets3.assets|77|m_text,"""Thank U Chi""",「谢谢小池」
so|TextMeshPro|level10|2615|m_text,He Stands Sentinel,他肃立守望
so|TextMeshPro|level7|4576|m_text,Steep and Sunny,陡峭而明媚
so|TextMeshPro|level7|4577|m_text,Travelling  Light,轻装上路
so|TextMeshPro|level7|4578|m_text,Long Rattling Road,漫长的颠簸之路
so|TextMeshPro|level9|2281|m_text,mimata/servata,mimata/servata
so|TextMeshPro|level9|2282|m_text,mimata/mamerta,mimata/mamerta
so|TextMeshPro|level9|2283|m_text,mimata/sophia,mimata/sophia
so|TextMeshPro|level9|2284|m_text,mimata/pancrata,mimata/pancrata
so|TextMeshPro|level9|2285|m_text,rosamundi/sidonie,rosamundi/sidonie
so|TextMeshPro|level9|2286|m_text,rosamundi/floris,rosamundi/floris
so|TextMeshPro|level9|2288|m_text,rosamundi/lazare,rosamundi/lazare
so|ThunderskinOutcomeQuality|resources.assets|28713|_label,Thunderskin Outcome,轰雷之皮结局
so|TitleAliasQuality|resources.assets|28296|_label,Alias — Title,化名——名
so|TravelArrivalEffectsList|resources.assets|28289|_entries[1].effect.text,=renewed,=renewed
so|TravelArrivalEffectsList|resources.assets|28289|_entries[1].preconditions[0].text,consumed,已消耗
so|TravelArrivalEffectsList|resources.assets|28289|_entries[2].effect.text,false,false
so|TutorialQualityMessage|resources.assets|29090|_label,Crafting: Collecting Your Work,炼制：收取成果
so|TutorialQualityMessage|resources.assets|29090|_tutorialText,"If you just close the Crafting menu without collecting what you've made, it'll go to your inventory anyway. But we find it satisfying to appreciate the results of our work.",如果你不收取做好的东西就直接关闭炼制菜单，成品反正也会进入你的行囊。不过，我们觉得欣赏自己劳动的成果是件令人满足的事。
so|TutorialQualityMessage|resources.assets|29091|_label,A Successful Working,一次成功的炼制
so|TutorialQualityMessage|resources.assets|29091|_tutorialText,You've created something! Click to collect it. Any catalyst ingredients are also ready to be collected; any fuel ingredients have been consumed.,你制作出了某样东西！点击即可收取。催化原料也都可以收取；燃料原料则已被消耗。
so|TutorialQualityMessage|resources.assets|29092|_label,Crafting: Choosing Ingredients,炼制：选择原料
so|TutorialQualityMessage|resources.assets|29092|_tutorialText,An ingredient needs to have all the [[Aspects]] specified below the slot. The picker shows everything from your Inventory that will fit..,原料必须拥有槽位下方指定的全部[[性相]]。选择器会显示你的行囊中所有符合条件的物品..
so|TutorialQualityMessage|resources.assets|29093|_label,Crafting: Viewing Recipes,炼制：查看配方
so|TutorialQualityMessage|resources.assets|29093|_tutorialText,"Spencer was never really an adept - and the [[Worms]] took much of his ability from him - but he can prepare tools to achieve a variety of supernatural effects in dialogue. As his Unworldly [[Skills]] increase, he'll be able to create more powerful tools.

You can look through Spencer's recipes whenever you like - but to make something, you'll need to find a crafting [[Venue]].","斯宾塞从来算不上真正的修士——[[蠕虫]]也从他身上夺走了大半本领——但他仍能备好工具，在对话中实现种种超自然效果。随着他世俗之外的[[技艺]]提升，他将能制作出更强大的工具。

你可以随时翻阅斯宾塞的配方——但若要制作某样东西，你需要先找到一个炼制[[场地]]。"
so|TutorialQualityMessage|resources.assets|29094|_label,Crafting: Venues,炼制：场地
so|TutorialQualityMessage|resources.assets|29094|_tutorialText,"Spencer was never really an adept - and the [[Worms]] took much of his ability from him - but he can prepare tools to achieve a variety of supernatural effects in dialogue. As his Unworldly [[Skills]] increase, he'll be able to create more powerful tools.

You need to be at at a crafting [[Venue]] to make anything - you're at one now - but you can look through Spencer's recipes whenever you like.","斯宾塞从来算不上真正的修士——[[蠕虫]]又夺走了他大半的本事——但他能备好工具，在对话中制造出种种超自然的效果。随着他的世俗之外的[[技艺]]提升，他将能造出更有力的工具。

想炼制任何东西，都得先身处炼制的[[场地]]——你现在就在一处——不过你随时都可以翻看斯宾塞的配方。"
so|TutorialQualityMessage|resources.assets|29095|_label,Crafting: Recipe Selected,炼制：已选配方
so|TutorialQualityMessage|resources.assets|29095|_tutorialText,"You'll need an Ingredient for each open input slot - it has to possess all the [[Aspects]] below the slot. A flame icon means that the ingredient will be consumed as Fuel - if there's no flame, it's a Catalyst and you can reuse it.",每一个开启的输入槽位都需要一种[[原料]]——它必须拥有槽位下方列出的全部[[性相]]。火焰图标意味着该原料会被当作燃料消耗——若没有火焰，它便是催化剂，可以重复使用。
so|TutorialQualityMessage|resources.assets|29096|_label,Crafting: Rite Selected,炼制：已选仪典
so|TutorialQualityMessage|resources.assets|29096|_tutorialText,"This is a Rite. it works the same way as any other Recipe, but it'll reduce [[Troubles]] and provide a small random benefit. Some Rites are less safe and may increase other [[Troubles]]. The description will warn you.",这就是仪典。它的运作方式与其他配方并无二致，但会减少[[烦扰]]，并带来一点随机的益处。有些仪典不那么安全，可能会增加其他[[烦扰]]。描述里会提醒你。
so|TutorialQualityMessage|resources.assets|29097|_label,Crafting: Tidying Up,炼制：收拾整理
so|TutorialQualityMessage|resources.assets|29097|_tutorialText,"Every responsible practitioner knows not to invite unwanted influences. Before you start on your next recipe, click the results of your last recipe to collect them.",每一位负责任的修士都知道，不该招来不受欢迎的影响。开始下一个配方之前，先点击上一个配方的结果，把它们收好。
so|TutorialQualityMessage|resources.assets|29098|_label,Crafting: Venues and Skills,炼制：场地与技艺
so|TutorialQualityMessage|resources.assets|29098|_tutorialText,"A clever practitioner might craft a [[Midnight Mark]] with Nyctodromy. A subtle one might use Hushery; a ruthless one, Skolekosophy.

For those different approaches, you'll work in different places. Nyctodromy can be used at a Wound or Threshold, but not at a Shadowed Place. Hushery can be used at a Shadowed or Quiet Place, but not at a Wound. And so on. This is why you find the most sinister adepts in graveyards, and the least fun ones in churches.
","聪明的修士或许会用夜游术炼出一枚[[午夜印记]]。心思细腻的会用静默术；心狠手辣的，则会用蠕虫学。

不同的门路，要在不同的地方施展。夜游术可用于受创之处或门槛，但不能用于阴影之地。静默术可用于阴影之地或宁静之地，但不能用于受创之处。诸如此类。正因如此，最阴森的修士都在墓园里，最无趣的都在教堂中。
"
so|TutorialQualityMessage|resources.assets|29099|_label,Crafting: Wrong Venue,炼制：场地不对
so|TutorialQualityMessage|resources.assets|29099|_tutorialText,The [[Skills]] this recipe needs can't be used at this [[Venue]].,这个配方所需的[[技艺]]，无法在此[[场地]]施展。
so|TutorialQualityMessage|resources.assets|29100|_label,'What Fresh Hell Is This',「这又是什么新地狱」
so|TutorialQualityMessage|resources.assets|29100|_tutorialText,"If the toast alerts start to pile up, you can right-click to dismiss ALL alerts immediately.",若提示弹窗开始堆积，你可以右键点击，立即关闭全部提示。
so|TutorialQualityMessage|resources.assets|29101|_label,Failure: Beyond Rescue,失败：无力挽回
so|TutorialQualityMessage|resources.assets|29101|_tutorialText,"If a Skill check is way out of reach, or if your [[Aspect Pool]] has the wrong [[Aspects]], or if you've been using the Pool to rescue skill checks - you might not have enough juice to rescue a failure. The game will let you look at the Aspect Pool so you can see what's lacking.",若某次技艺检定的难度遥不可及，或你的[[性相池]]里没有对的[[性相]]，又或你一直在动用性相池去挽回技艺检定——你可能就没有足够的点数去挽回一次失败了。游戏会让你查看性相池，好让你看清缺了什么。
so|TutorialQualityMessage|resources.assets|29102|_label,Failure: Rescue,失败：挽回
so|TutorialQualityMessage|resources.assets|29102|_tutorialText,"'Rescue' lets you use your [[Aspect Pool]] to snatch success from the jaws of failure.

Spending pips exhausts them, so you can't rescue every success -but pips refresh whenever you act with a matching [[Passion]].

It's easier to rescue a near miss than a bad failure!","「挽回」让你动用[[性相池]]，从失败的牙缝里夺回成功。

花掉点数，点数便会耗尽，所以你无法挽回每一次成功——但只要以相符的[[激情]]行事，点数就会恢复。

挽回一次差之毫厘的失败，总比挽回一次惨败容易！"
so|TutorialQualityMessage|resources.assets|29103|_label,Travel: First Arrival,旅行：初抵
so|TutorialQualityMessage|resources.assets|29103|_tutorialText,"Safely across war's wasteland. Good.

You don't have to enter a Destination when you arrive there - you can keep moving, if you have the right papers. But you'll usually want to enter. This first time, you certainly should.","平安穿过战争的废土。很好。

抵达目的地时，你不必进城——只要证件齐备，你可以继续赶路。但你通常都会想进城。这第一次，你当然应该进去。"
so|TutorialQualityMessage|resources.assets|29104|_label,Companions: Travelling Together,同伴：结伴同行
so|TutorialQualityMessage|resources.assets|29104|_tutorialText,"This is your first Companion; there are others. A Companion will follow you, providing (always) skill bonuses and (occasionally) opinions. Certain story options will increase the skill bonuses. Nothing will silence the opinions.",这是你的第一位同伴；以后还会有别人。同伴会跟随你，始终提供技艺加成，偶尔发表看法。某些剧情选项会提升技艺加成。但没有任何东西能封住他们的嘴。
so|TutorialQualityMessage|resources.assets|29105|_label,Failure: Consolations,失败：安慰
so|TutorialQualityMessage|resources.assets|29105|_tutorialText,"Failure has its consolations and its consequences.

Consolations: Spencer gains more Experiences from Failure than from Success.

Consequences: When Spencer fails, he gains a Trouble.","失败自有它的安慰，也自有它的后果。

安慰：斯宾塞从失败中获得的经验，多于从成功中获得的。

后果：斯宾塞失败时，会增添一项烦扰。"
so|TutorialQualityMessage|resources.assets|29106|_label,Character: First Level-Up,角色：初次升级
so|TutorialQualityMessage|resources.assets|29106|_tutorialText,"Spencer was hollowed out by Worms; he is much less than he was. But that's changing now.

You know now that [[Experiences]] come in nine different flavours, and you can only use them to upgrade <i>matching</i> Skills and Passions. You could try to use Skills that offer the Experiences you need. Or you could just let Experiences guide you into developing Spencer in unexpected ways. See what you prefer. ","斯宾塞曾被蠕虫掏空；他远不如从前了。但这一切正在改变。

你现在已经知道，[[经验]]有九种不同的味道，而你也只能用它们来提升<i>相符的</i>技艺与激情。你可以试着使用能提供所需经验的技艺；也可以干脆让经验引着你，把斯宾塞养成意想不到的样子。看看你更偏爱哪种。 "
so|TutorialQualityMessage|resources.assets|29107|_label,Skill Checks: Overlaps,技艺检定：重叠
so|TutorialQualityMessage|resources.assets|29107|_tutorialText,"Skills overlap. [[Sophistication]] and [[Hushery]] might both let you spot forged art. [[Bosk]] and [[Preservation]] are both relevant if you ever need to deliver a baby.

So you might see a dialogue choice with two [[Skill]] icons. In this case, you'll automatically use the Skill with the best chance of success. Hover over the choice for details about the other one.","技艺之间有所重叠。[[精致]]与[[静默术]]都能让你识破伪造的艺术品。[[丛林学]]与[[保存术]]则都与接生有关。

所以你可能会看到带有两个[[技艺]]图标的对话选项。这种情况下，你会自动使用成功机会最大的那门技艺。将光标悬停在选项上，可查看另一门技艺的详情。"
so|TutorialQualityMessage|resources.assets|29108|_label,Journal: Relationships,日记：人际关系
so|TutorialQualityMessage|resources.assets|29108|_tutorialText,"<i>O wad some Pow'r the giftie gie us
To see oursels as ithers see us!</i>
- Burns

Done. You're welcome. Review the opinions of your Associates - characters of some importance in your life - at any time on this Journal page.","<i>啊，但愿上天赐予我们这般天赋，
能像他人看待我们那样，看清我们自己！</i>
——彭斯

完毕。不客气。在这页日记上，你随时可以查看你的相识之人的看法——他们是你生活中颇为重要的人物。"
so|TutorialQualityMessage|resources.assets|29109|_label,Skill Checks,技艺检定
so|TutorialQualityMessage|resources.assets|29109|_tutorialText,"A choice with a [[Skill]] icon needs a skill check. An invisible die is rolled*, added to your [[Skill]] level, and compared to the difficulty level of the check. The choice will give you your basic chance of success; hover your cursor for more details.

*technically, it's actually an invisible token being drawn from an [[invisible bag]].","带[[技艺]]图标的选项需要一次技艺检定。会掷出一枚隐形骰子*，加到你的[[技艺]]等级上，再与检定的难度一较高下。选项会告诉你基本的成功几率；将光标悬停，可查看详情。

*严格说来，其实是从[[隐形布袋]]里摸出一枚看不见的代币。"
so|TutorialQualityMessage|resources.assets|29110|_tutorialText,"Take a moment to savour this first accomplishment, then look at the [[Experiences]] you've received. They'll always match the Skill you used. But every Skill has three [[Aspects]], so it'll cycle through the [[Aspects]] in turn.

If you don't know or care what that means, don't worry: it'll all be in the Footnotes for later.","花点时间品味这第一桩成就，然后看看你获得的[[经验]]。它们总会与你用过的技艺相符。不过每门技艺都有三个[[性相]]，所以它会依次在几个[[性相]]之间轮转。

若你不懂这意思，也不在乎，那别担心：日后这一切都会写进脚注里。"
so|TutorialQualityMessage|resources.assets|29111|_tutorialText,"You've gained your first [[Trouble]]. This happens. Life in post-Wars Europe is awful.

[[Fascination]], [[Dread]], [[Weariness]] and [[Pain]] are reduced by sleep. You'll find somewhere to sleep in Antibes later. [[Traces]] will slowly creep up if you sleep in one place too long, but are reduced by travelling.

If you let a Trouble rise high enough, it'll start causing you problems. See the Footnote for the Trouble you just gained.

Mouse over the icons under your character portrait whenever you want to see how your Troubles are affecting you. You can also see your Trouble totals in your Inventory. (Why the Inventory? Because Troubles can also occasionally be used in Crafting.)","你获得了第一项[[烦扰]]。这种事在所难免。战后的欧洲，日子实在难熬。

[[入迷]]、[[恐惧]]、[[倦怠]]与[[痛苦]]都能靠睡眠消减。稍后你会在昂蒂布找到睡觉的地方。若在同一处睡得太久，[[痕迹]]会慢慢滋生，而旅行能消减它们。

若让某项烦扰涨得太高，它就会开始给你惹麻烦。看看你刚得的这项烦扰的脚注。

想查看你的烦扰正如何影响你时，把光标移到角色肖像下方的图标上即可。你也可以在行囊里查看烦扰的总数。（为什么在行囊里？因为烦扰偶尔也能用于炼制。）"
so|TutorialQualityMessage|resources.assets|29112|_label,Tooltips and Footnotes,悬浮提示与脚注
so|TutorialQualityMessage|resources.assets|29112|_tutorialText,"Expand a tooltip to keep it as a Footnote. Later, press F or click the Footnotes button to search and revisit Footnotes you've found.

Here's a [[Footnote]] about Footnotes.

<i>'Why does it disturb us that the map be included in the map and the thousand and one nights in the book of the Thousand and One Nights?'</i> - Borges","展开一条悬浮提示，即可把它存为脚注。之后，按 F 键或点击脚注按钮，就能搜索并重温你找到的脚注。

这里有一条关于脚注的[[脚注]]。

<i>「地图被绘入地图，一千零一夜被写进《一千零一夜》，这为何会令我们不安？」</i>——博尔赫斯"
so|TutorialQualityMessage|resources.assets|29113|_label,Highlighting Objects,高亮物体
so|TutorialQualityMessage|resources.assets|29113|_tutorialText,"When you move the cursor over something interactable, it'll highlight. Or hold Z to highlight everything interactable on screen.",将光标移到可交互的物体上时，它会高亮。或者按住 Z 键，高亮屏幕上所有可交互之物。
so|TutorialQualityMessage|resources.assets|29114|_label,Active Items,活跃物品
so|TutorialQualityMessage|resources.assets|29114|_tutorialText,You're set this item as active. Active Items work slightly differently in <I>Travelling at Night</i> from equipped items in most games. Mouse over the ACTIVE ITEMS header to learn more.,你已将这件物品设为活跃。在<i>Travelling at Night</i>中，活跃物品的运作方式与大多数游戏里的已装备物品略有不同。将光标移到「活跃物品」标题上，可了解更多。
so|TutorialQualityMessage|resources.assets|29115|_label,Travel: The Map,旅行：地图
so|TutorialQualityMessage|resources.assets|29115|_tutorialText,"The Map becomes relevant once Spencer is ready to leave Antibes. Travel from a station to any adjoining city... if you have the relevant travel documents. Be careful: repeatedly traversing the same route will inflict [[Traces]].

More about [[travelling]] here.","等斯宾塞准备离开昂蒂布，地图就派上用场了。从车站出发，可以前往任何相邻的城市……前提是证件齐备。当心：反复走同一条路线，会招来[[痕迹]]。

关于[[旅行]]的更多内容，见此处。"
so|TutorialQualityMessage|resources.assets|29116|_label,Merchants: Exchange Fee,商人：兑换手续费
so|TutorialQualityMessage|resources.assets|29116|_tutorialText,"<i>Agio</i>, the fee charged for exchanging currency. 

Wonderfully, it's derived from the italian <i>aggio</i>, meaning 'comfort' or 'ease'. The merchant is charging a fee for <i>your</i> comfort and ease.

Whenever you pay in a non-native currency, a merchant will charge you <i>agio</i> - about fifteen per cent, but they'll round down.","<i>贴水</i>，兑换货币时收取的费用。

妙得很，它源自意大利语的<i>aggio</i>，意为「舒适」或「安逸」。商人收取这笔费用，正是为了<i>你</i>的舒适与安逸。

每当你用非本地货币付款，商人都会收取<i>贴水</i>——大约百分之十五，不过他们会向下取整。"
so|TutorialQualityMessage|resources.assets|29117|_label,Merchants: Till Can't Cover!,商人：钱箱空了！
so|TutorialQualityMessage|resources.assets|29117|_tutorialText,"This is embarrassing: you've sold so many items that the merchant has run out of cash! Rare, but it happens. If you travel to another city and return, they'll have refilled their till.",这就尴尬了：你卖掉了太多东西，商人的现金已经见底！不常见，但确实会发生。你若去另一座城市再回来，他们的钱箱已经重新填满。
so|TutorialQualityMessage|resources.assets|29118|_label,Merchants: Can't Pay,商人：付不起
so|TutorialQualityMessage|resources.assets|29118|_tutorialText,"You don't have enough of the currently selected currency to cover this purchase. Use the picker at the top to select a currency you have more of - or offer items in barter, if you have anything the merchant will accept.",你手中目前所选货币的余额不足以支付这笔交易。用顶部的选择器换一种你更充裕的货币——或者拿出物品以物易物，只要你有商人愿意收的东西。
so|TutorialQualityMessage|resources.assets|29119|_label,Cash is King,现金为王
so|TutorialQualityMessage|resources.assets|29119|_tutorialText,"You can pay in cash, or you can offer items for barter, if you have anything the merchant's interested in. But you'll often need to top up with cash - look at the total in the barter block.",你可以付现金，也可以拿出商人感兴趣的东西来以物易物。但很多时候，你还得用现金补足差额——看看易物栏里的总数。
so|TutorialQualityMessage|resources.assets|29120|_label,Settled Account,账目结清
so|TutorialQualityMessage|resources.assets|29120|_tutorialText,Notice your wallet at the bottom left - you've paid in the currency that you chose.,注意左下角的钱包——你已用自己选择的货币付了账。
so|TutorialQualityMessage|resources.assets|29121|_label,Cash in Hand,现金到手
so|TutorialQualityMessage|resources.assets|29121|_tutorialText,Notice your wallet at the bottom left - the merchant's paid you in their native currency.,注意左下角的钱包——商人已用他们的本地货币付给了你。
so|TutorialQualityMessage|resources.assets|29122|_label,Barter is Queen,易物为后
so|TutorialQualityMessage|resources.assets|29122|_tutorialText,"You wouldn't usually walk into a greengrocer and try to sell them apples... but things are different since the Wars, and merchants are usually up for bartering, as long as you're offering something they can use or sell. Mouse over the [[Aspects]] in the Merchant Buys... block. Janvier, for instance, will buy anything tagged as Luxuries or Refinements.",你通常不会走进果蔬店，试图把苹果卖给他们……但战争以后，世道不同了，只要你能拿出他们用得上或卖得掉的东西，商人们通常都乐意以物易物。将光标移到「商人收购……」栏中的[[性相]]上。比如让维耶，任何标注为奢侈品或精制品的物品，他都收。
so|TutorialQualityMessage|resources.assets|29123|_label,Commerce in a Divided Europe,分裂欧洲的贸易
so|TutorialQualityMessage|resources.assets|29123|_tutorialText,"Since the Wars, cash is king, barter is queen, and the black market is the power behind the throne.

Every merchant prefers to be paid in their local currency, and they'll only pay out in that currency. But they'll grudgingly accept a  range of others. Legitimate [[State]] merchants like Janvier, for instance, prefer the [[francisque]] but will usually accept dollars, sterling, or Swiss francs.

Harder currencies like the dollar are more widely accepted, but local politics are important. The [[State]] won't accept [[Republic]] currency, and dollars are unwelcome in [[Ministries]] territory. But if you can find a black market merchant, they'll often take all kinds of currency - even cigarettes.","战争以来，现金为王，易物为后，而黑市才是幕后真正的掌权者。

每位商人都偏爱本地货币，也只肯用那种货币付款。不过，他们也会勉强收下其他一些货币。比如让维耶这类正当的[[邦国]]商人，偏爱[[法兰西斧币]]，但通常也收美元、英镑或瑞士法郎。

美元这类硬通货更受欢迎，但地方政治也很要紧。[[邦国]]不收[[共和国]]货币，美元在[[联盟]]的地盘上不受欢迎。但若能找到黑市商人，他们往往什么货币都收——连香烟也要。"
so|TutorialQualityMessage|resources.assets|29124|_label,The Perils of Generosity,慷慨的风险
so|TutorialQualityMessage|resources.assets|29124|_tutorialText,"Currencies in <i>Travelling at Night</I> are rounded up or down - merchants don't give change - so you'll generally overpay a little, but this is a big overpayment! Sometimes, in post-Wars Europe, that's just the breaks. But for generous overpayments, we always check that you're sure.",在<i>Travelling at Night</I>中，货币会向上或向下取整——商人不找零——所以通常你都会多付一点点，但这一笔可多付了不少！有时候，在战后的欧洲，世事就是这样。不过对于过于慷慨的多付，我们总会先确认你确实想这样。
so|TutorialQualityMessage|resources.assets|29125|_label,Merchants: Choosing Quantities,商人：选择数量
so|TutorialQualityMessage|resources.assets|29125|_tutorialText,"Use the arrow icons to change the quantity you're buying or selling, then Accept.",用箭头图标调整你要买入或卖出的数量，然后点「确定」。
so|TutorialQualityMessage|resources.assets|29126|_label,But Seriously Now,说真的
so|TutorialQualityMessage|resources.assets|29126|_tutorialText,This is too tiny an offer for the merchant to bother with. You need to put enough on the table for at least one note of the currency they're offering.,这笔交易太小，商人懒得理会。你得拿出足够的钱来，至少能换一张他们那方货币的纸币。
so|TutorialQualityMessage|resources.assets|29127|_label,Moving Around,移动
so|TutorialQualityMessage|resources.assets|29127|_tutorialText,"To move, click on the ground.

<i>(Click tutorial messages to dismiss them.)</i>","要移动，点击地面即可。

<i>(点击教程消息即可将其关闭。)</i>"
so|TutorialQualityMessage|resources.assets|29128|_label,Moving Around...,移动……
so|TutorialQualityMessage|resources.assets|29128|_tutorialText,"To move, click on... oh, good, you already know what you're doing. Carry on.

<i>(Click tutorial messages to dismiss them.)</i>","要移动，点击……哦，很好，你已然知道该怎么做了。请继续。

<i>(点击教程消息即可将其关闭。)</i>"
so|TutorialQualityMessage|resources.assets|29129|_label,Deep Trouble,深陷烦扰
so|TutorialQualityMessage|resources.assets|29129|_tutorialText,"It may be time to panic very slightly. One of [[Dread]], [[Pain]] or [[Fascination]] has reached 7. If it reaches 10, the game will end, and not in a good way.

But the situation merits only very slight panic. You still have time. Avoid situations that might increase the Trouble in question; sleep, or use a curative Rite; and you'll be fine.","也许是时候稍稍惊慌一下了。[[恐惧]]、[[痛苦]]或[[入迷]]之中，有一项已经涨到 7。若它涨到 10，游戏就会结束，而且是以不妙的方式。

不过，眼前的局势只配得到非常轻微的惊慌。你还有时间。避开可能加剧该项烦扰的处境；睡上一觉，或行一次治愈的仪典；你就会安然无事。"
so|TutorialQualityMessage|resources.assets|29130|_label,Passions: Evolution,激情：演化
so|TutorialQualityMessage|resources.assets|29130|_tutorialText,"You can evolve an empty [[Passion]] into any Passion you've recently acted with, as long as you have enough of the right [[Experiences]]. You can evolve existing Passions, too, but only when appropriate - Anger can evolve to Honour or Ambition, but not Compassion or Whimsy.


Evolving a Passion levels it up, and Passions can't go above 9. So you can't evolve any Passion once it's reached the max. But by the time all three Passions are at 9, you'll have a very clear idea who your Spencer is.","只要拥有足够的相应[[经验]]，你就能把空置的[[激情]]演化为任何你近来以之行动的激情。已有的激情也可以演化，但只在恰当之时——愤怒可以演化为荣誉或野心，却不能演化为悲悯或奇想。


演化激情会使其升级，而激情不能超过 9 级。所以任何激情一旦到顶，便再也无法演化。但等到三项激情都到 9 时，你的斯宾塞是个什么样的人，你心里便一清二楚了。"
so|TutorialQualityMessage|resources.assets|29131|_label,Journal: Plan Reward Available,日记：计划奖励已可领取
so|TutorialQualityMessage|resources.assets|29131|_tutorialText,"Finishing a Plan gives a choice of [[Experiences]]. Collect them by clicking the Plan, which you'll find under the Finished column.

","完成一项计划后，可从[[经验]]中选择一项。点击计划即可领取——它就在「已完成」一栏下。

"
so|TutorialQualityMessage|resources.assets|29132|_label,Journal: Claiming a Plan Reward,日记：领取计划奖励
so|TutorialQualityMessage|resources.assets|29132|_tutorialText,Choose the [[Experience]] you'll find most useful; or the one which best expresses your attitude to these events; or the prettiest colour.,选一项对你最有用的[[经验]]；或最能表达你对这些事件态度的；又或者，颜色最好看的。
so|TutorialQualityMessage|resources.assets|29133|_label,Items: Refreshments,物品：茶点
so|TutorialQualityMessage|resources.assets|29133|_tutorialText,"Refreshments are, generally, delicious. Use them to restore pips in your [[Aspect Pool]].
- Most Refreshments expire when [[travelling]] - eat up before you go
- You can only use Refreshments when they match missing pips - mouse over the Refreshment to check.","茶点嘛，一般都很可口。用它们来恢复[[性相池]]里的点数。
- 大多数茶点在[[旅行]]时会过期——出发前把它们吃完
- 只有性相与缺失的点数相符时，你才能使用茶点——将光标移到茶点上查看"
so|TutorialQualityMessage|resources.assets|29134|_label,Moving Around Quickly,快速移动
so|TutorialQualityMessage|resources.assets|29134|_tutorialText,"Double-click to run. If you click somewhere distant, Spencer will break into a run anyway, perhaps from sheer enthusiasm, perhaps out of desperation.",双击即可奔跑。若你点击远处，斯宾塞无论如何都会跑起来——或许出于满腔热忱，或许出于走投无路。
so|TutorialQualityMessage|resources.assets|29135|_label,Travel: Restricted For Now,旅行：暂受限制
so|TutorialQualityMessage|resources.assets|29135|_tutorialText,"Soon, all Europe will open to you, as long as you can obtain the right documents. But right now, there's only one place you need to go.",很快，整个欧洲都会向你敞开，只要你弄到合适的证件。但现在，你只需要去一个地方。
so|TutorialQualityMessage|resources.assets|29136|_label,A Fine and Private Place,一处精致的私密所在
so|TutorialQualityMessage|resources.assets|29136|_tutorialText,"You've found a private place to change [[Outfits]]. You start with two: the one you stepped off the train wearing, and your dressing gown.

You're probably exhausted by now - consider resting to heal [[Troubles]]. Switch to your dressing gown in your Outfits grid, and you'll be able to sleep.

You might want to switch back to your daytime Outfit before leaving your room, although the other residents of this place are reasonably relaxed about that sort of thing.","你找到了一处可以更换[[行头]]的私密之地。你一开始有两套：下火车时穿着的那套，以及你的睡袍。

你现在大概已经筋疲力尽——不妨歇一歇，好消解[[烦扰]]。在行头栏里换上睡袍，你就能睡觉了。

出门前，你或许还是换回白天穿的行头为好，虽说这地方的其他住客对这种事还算看得开。"
so|VariableQuality|resources.assets|29137|_description,Set whenever we exit the map. Important for tracking how we got to a minor destination circus scene,每次离开地图时设定。用于追踪我们是如何抵达某个次要目的地的马戏团场景的。
so|VariableQuality|resources.assets|29137|_label,TravelledToDestinationId,TravelledToDestinationId
so|VariableQuality|resources.assets|29138|_description,"My unpaid tab, in francisques. Settlement will oblige.",我未结清的账，以法兰西斧币计。结清它，便是帮了我的忙。
so|VariableQuality|resources.assets|29138|_label,Chez Felix: Bill,费利克斯之家：账单
so|VariableQuality|resources.assets|29139|_description,"The number of nights that Spencer has slept somewhere. After the first night, he'll begin to accrue Traces.",斯宾塞在某地过夜的天数。过了第一夜，他便开始积攒痕迹。
so|VariableQuality|resources.assets|29139|_label,Nights in the Same Place,同地过夜
so|VariableQuality|resources.assets|29139|_qlds[0].ChangeMessage,Spencer's slept overnight. Safe as long as he moves on the next day.,斯宾塞已在此过了一夜。只要第二天启程，便安然无事。
so|VariableQuality|resources.assets|29139|_qlds[1].ChangeMessage,Spencer's spent his second night in one place. He's gained a Trace.,斯宾塞已在同一处过了第二夜。他获得了一条痕迹。
so|VariableQuality|resources.assets|29139|_qlds[1].Description,Spencer's spent his second night in one place.,斯宾塞已在同一处过了第二夜。
so|VariableQuality|resources.assets|29139|_qlds[1].Label,Two,两夜
so|VariableQuality|resources.assets|29139|_qlds[2].ChangeMessage,Spencer's spent his third night in one place. He's gained two Traces. Time to go.,斯宾塞已在同一处过了第三夜。他获得了两条痕迹。该走了。
so|VariableQuality|resources.assets|29139|_qlds[2].Description,Spencer's spent his third night in one place. Time to go.,斯宾塞已在同一处过了第三夜。该走了。
so|VariableQuality|resources.assets|29139|_qlds[2].Label,Three,三夜
so|VariableQuality|resources.assets|29139|_qlds[3].ChangeMessage,Spencer's spent his fourth night in one place. Three Traces. Better move on.,斯宾塞已在同一处过了第四夜。三条痕迹。最好继续赶路。
so|VariableQuality|resources.assets|29139|_qlds[3].Description,Spencer's spent his fourth night in one place. Better move on.,斯宾塞已在同一处过了第四夜。最好继续赶路。
so|VariableQuality|resources.assets|29139|_qlds[3].Label,Four,四夜
so|VariableQuality|resources.assets|29139|_qlds[4].ChangeMessage,Spencer's spent his fifth night in one place. Four Traces. Not good.,斯宾塞已在同一处过了第五夜。四条痕迹。情况不妙。
so|VariableQuality|resources.assets|29139|_qlds[4].Description,Spencer's spent his fifth night in one place. Not good.,斯宾塞已在同一处过了第五夜。情况不妙。
so|VariableQuality|resources.assets|29139|_qlds[4].Label,Five,五夜
so|VariableQuality|resources.assets|29139|_qlds[5].ChangeMessage,Spencer's spent his sixth night in one place. Five Traces. Perhaps he's given up.,斯宾塞已在同一处过了第六夜。五条痕迹。也许他已经放弃了。
so|VariableQuality|resources.assets|29139|_qlds[5].Description,Spencer's spent his sixth night in one place. Perhaps he's given up.,斯宾塞已在同一处过了第六夜。也许他已经放弃了。
so|VariableQuality|resources.assets|29139|_qlds[5].Label,Six,六夜
so|VariableQuality|resources.assets|29139|_qlds[6].ChangeMessage,Spencer's spent a whole week in one place. Seven Traces. Asking for trouble.,斯宾塞已在同一处过了整整一周。七条痕迹。这是在自找麻烦。
so|VariableQuality|resources.assets|29139|_qlds[6].Description,Spencer's spent a whole week in one place. Asking for trouble.,斯宾塞已在同一处过了整整一周。这是在自找麻烦。
so|VariableQuality|resources.assets|29139|_qlds[6].Label,Seven,七夜
so|VariableQuality|resources.assets|29139|_qlds[7].Description,Spencer's spent more than a week in one place. This had better be part of a terribly clever plan.,斯宾塞已在同一处待了超过一周。这最好是什么绝妙计划的一部分。
so|VariableQuality|resources.assets|29139|_qlds[7].Label,More than a Week,一周以上
so|VariableQuality|resources.assets|29140|_description,How much are you willing to risk?,你愿意押上多少？
so|VariableQuality|resources.assets|29140|_label,Gambling...,赌一把……
so|VariableQuality|resources.assets|29141|_description,"Each beat of my heart soungs  like the crash of a brass gong. When no heartbeats remain, I'll have to flee this place.",我的心每跳一次，都像铜锣轰然炸响。等到心跳耗尽，我便不得不逃离此地。
so|VariableQuality|resources.assets|29141|_label,Hurry...,抓紧……
so|VariableQuality|resources.assets|29141|_qlds[0].Label,One...,一……
so|VariableQuality|resources.assets|29141|_qlds[1].Label,Two...,二……
so|VariableQuality|resources.assets|29141|_qlds[2].Label,Three...,三……
so|VariableQuality|resources.assets|29141|_qlds[3].Label,Four...,四……
so|VariableQuality|resources.assets|29141|_qlds[4].Label,Five...,五……
so|VariableQuality|resources.assets|29141|_qlds[5].Label,Six...,六……
so|VariableQuality|resources.assets|29142|_label,Chaima's bonus level,柴玛的加成等级
so|VariableQuality|resources.assets|29143|_label,Corso's bonus level,科尔索的加成等级
so|VariableQuality|resources.assets|29144|_label,Vincent's bonus level,文森特的加成等级
so|VariableQuality|resources.assets|29145|_description,"No gentleman should need to look in a mirror, once they've gone out into the world.",一位绅士出了门，便不该再需要照镜子。
so|VariableQuality|resources.assets|29145|_label,Morning Rites,晨间仪典
so|VariableQuality|resources.assets|29145|_qlds[0].ChangeMessage,I could use an opportunity to smarten up.,我需要个机会，把自己拾掇利落。
so|VariableQuality|resources.assets|29145|_qlds[0].Description,I haven't performed gentleman's rites this morning.,我今天早上还未行过绅士的仪典。
so|VariableQuality|resources.assets|29145|_qlds[0].Label,Unperformed,未行
so|VariableQuality|resources.assets|29145|_qlds[1].ChangeMessage,"I've smartened up, and I'm ready for the day.",我已拾掇利落，准备好迎接这一天。
so|VariableQuality|resources.assets|29145|_qlds[1].Description,I've performed a gentleman's rites this morning.,我今天早上已行过绅士的仪典。
so|VariableQuality|resources.assets|29145|_qlds[1].Label,Performed,已行
so|VariableQuality|resources.assets|29146|_description,What does Spencer call Medea?,斯宾塞如何称呼美狄亚？
so|VariableQuality|resources.assets|29146|_label,Medea: Use-name,美狄亚：称呼
so|VariableQuality|resources.assets|29147|_description,Committed to departure - the travel map is the only screen until confirmed arrival clears this. Engine-read; see the system coupling note.,已确定启程——在确认抵达并清除此状态前，旅行地图是唯一的界面。引擎读取；参见系统耦合说明。
so|VariableQuality|resources.assets|29147|_label,onplatform,onplatform
so|VariableQuality|resources.assets|29148|_description,It creeps or it flies.,它或蹑足而行，或飞逝而过。
so|VariableQuality|resources.assets|29148|_label,Time Passing,时光流转
so|VariableQuality|resources.assets|29148|_qlds[0].Description,A few minutes have passed.,几分钟已经过去。
so|VariableQuality|resources.assets|29148|_qlds[0].Label,A Few Minutes,几分钟
so|VariableQuality|resources.assets|29148|_qlds[1].Description,More minutes have passed.,又过去了几分钟。
so|VariableQuality|resources.assets|29148|_qlds[1].Label,More Minutes,又几分钟
so|VariableQuality|resources.assets|29148|_qlds[2].Description,Some time has passed.,一段时间已经过去。
so|VariableQuality|resources.assets|29148|_qlds[2].Label,Some Time,一段时间
so|VariableQuality|resources.assets|29148|_qlds[3].Description,More time has passed.,又过去了一段时间。
so|VariableQuality|resources.assets|29148|_qlds[3].Label,More Time,又一段时间
so|VariableQuality|resources.assets|29149|_label,I'm known as,人们称我为
so|Venue|resources.assets|28560|_description,[These Opportunities await if you can  find a suitable place.],[若能觅得合适之地，这些机会正等着你。]
so|Venue|resources.assets|28561|_description,A place for practical work.,一处便于实作的地方。
so|Venue|resources.assets|28562|_description,"""Light reveeals, light blinds."" For almost two thousand years, the Church of the Unconquered Sun has claimed to be the only true nterpreter of Eternity's light. But even the Church cannot claim dominion over  sight.",「光揭示一切，光令人目盲。」近两千年来，不败之日教会一直声称，自己是永恒之光的唯一真正阐释者。但即便是教会，也无法宣称自己能主宰视界。
so|Venue|resources.assets|28563|_description,"Rest, in peace.",歇息，安眠。
so|Venue|resources.assets|28564|_description,"""Mercy,"" saith the [[Watchman]], ""is found only in shadow."" But he does not say that mercy is nowhere found; and shadows lie long here.",「仁慈，」守夜人言道，「唯在阴影之中方能寻得。」但他并未说仁慈无处可寻；而此地的阴影，绵长地铺展着。
so|Venue|resources.assets|28565|_description,Neutral ground for attendant powers.,供随侍诸力共处的中立之地。
so|Venue|resources.assets|28566|_description,All growing things are rooted in the Wood - the place where colours are seen without light.,一切生长之物，根皆扎于木材——那个不必借助光线也能看见色彩的地方。
so|Venue|resources.assets|28567|_description,"""Not all doors are wounds; but every wound is a door."" A place to call on powers that would be forbidden elsewhere.",「并非所有的门都是伤口；但每一道伤口都是一扇门。」一处召唤他处禁绝之力的地方。
so|WorldPopupLock|level10|2722|_blockWhen[0].text,Worn,已穿着
so|XOperationQuality|resources.assets|29150|_label,Travel,旅行
so|XOperationQuality|resources.assets|29151|_label,As Fuel,作为燃料
textasset|patch-notes|sharedassets3.assets|17,"## 2026.8.i.23 - ""CIGARS CLAMPED BETWEEN THEIR TEETH""

* Tragically, had to remove Reinhardt's 'Nuages' - turns out it's public domain in the EU and Canada but not in the US :(
* Likewise with the Reinhardt version of 'Darktown Strutters' Ball' which we've replaced with PD period music Chez Felix
* failing to load an incompatible save no longer spams endless notifications (3c037130e)
* fixed borked door plaque at night
* fixed guest chair in Aub's office
* Punched up the ESCAPE! unstuck function
* added  icons for the Chez Félix drinks





## 2026.8.i.6 - ""BUT ONCE, WHISPERS THE NIGHT""

* Another round of fixes for weird graph bubble trap problems ('spencer gets stuck)
* new ESCAPE! tab in the options menu: manual escape from a stuck position, emergency only. Spencer can always get out.
* right-click dismisses all visible toasts (there's a tutorial message, which you can also right-click dismiss with the rest)
* inline alerts bundles play one sound at the end.
* skill preview tooltips now render to the left of the dialogue. This was driving Lottie BATS
* Vincent reaction tweak
* dialogue is more close-mouthed about Zèlia's scheme if you didn't buy into it
* 

## 2026.8.i.1 - ""THERE ARE POETS WHO SERVICE CHURCH CLOCKS""

* The watermark has changed from BETA to DEMO. Don't allow this to frighten you - the public demo is not yet quite live.
* UI sound effects! Do let us know what you like - but please first give it a couple of hours to bed in. If you've
already been playing the game, it will initially seem very chatty.
* music and ambience duck independently in conversation; at composer's request, default music volume is a little quieter
* typewriter dialogue auto-scroll smoothed - let us know how you get on with it
* Bessy's omelette Circumstance no longer enigmatic, now explains itself
* Vincent dialogue rephrased to make clear he offers to come with you; fixed one of hist footnote links.
* fixed broken links in several footnotes
* no-choice footnotes no longer shown as 'unchosen choices' (eventually this will be nuncupatory when all have choices)
* ellipsise-ing over-long footnote-search rows
* travel requirements for distant map destinations no longer display FNORD text
* gave Choices display a haircut
* inventory skill-modifier work
* Antibes layering bug fixes
* if you completed one Aubière Plan and didn't claim the rewards before completing another, you could get locked out of rewards - fixed
* autosave rose indicator in TopHUD + autosave message update
* TopHUD button hover labels
* new journal icons; fixed journal associate size
* character sheet UI and inventory cubby use fewer placeholder assets
* added missing recipe icons for Rites

## 2026.8.h.45 - ""THE MAGIC STUDY OF HAPPINESS""

* This is the RC build for the demo. Demo is out Monday 10th, in a week.
* This means YOUR BETA KEYS WILL STOP WORKING AT THE WEEKEND. If you're nearly at the end and want to finish it, do so now, THE DEMO WILL INVALIDATE OLDER SAVES
* fixed really nasty bug where a skill preview check would include bonuses from a one-use item but then THE ONE-USE ITEM WOULD BE USED UP BEFORE THE RULE
* and better alignment on the skill-check preview
* Spencer will now walk all the way to the target dot, rather than stopping short of it. (We used to have a much bigger target graphic)
* Spencer will now deign to walk smaller distances (about half the previous limit for 'is it worth moving, I'm already pretty close')
* recipe and journal focus panes now display links correctly
* more legible styling for links on red-background focus panes
* any Unveil item, not just Wakeful Eye, will now let you find a certain hidden door
* Aubière *should* now have his gràvè àccènt everywhere. as an Englisher I kèèp forgètting to àdd it
* all Plans now have Significance. I mean that they're now categorised to a Significance level, but the terser phrasing is funner.

## 2026.7.h.8 - ""CENTURIES OF JUNE""

* Spencer can sometimes identify a certain precious substance
* tutorial guard wasn't blocking travel to wrong destinations: fix
* character creation: Shift/Ctrl on a skill +/- button goes faster
* new hover tooltip on the inline skill-check result bar as well as the \[Success] \[Failure] text
* really paranoid precaution added to stop people getting stuck in conversation interstitials
* in-game bug report is now draggable
* fixed several more music-override glitches
* copy and object-use fixes
* cleaner requirement prefixes in Linou's dialogue and in relationship requirement prefixes generally
* some new sanitarium sfx
* usual typo sweep

## 2026.7.h.2 - ""POSTAGE STAMP WITH A PYRAMID""

* Calendrier conversation fix
* zero-skill entries greyed out in inventory skill bars to show that you can't modify them
* Strathcoyne won't speak to you while you're wearing a dressing gown; Rodia and Aub have something to say about it; and you can't go out in the street undressed.
* everyone can take a bath once per Antibes visit
* Spencer's wardrobe is clickable (and the wardrobe zone still works)
* Ithastry no longer crafts Knock-memories. We wanted two skills per subversion... but Knock is always the exception.
* updated recipe descriptions
* new loading-screen tips
* footnote fixes
* more sfx, tweaked music
* kitchen venue highlight and Bessy's shadow now both fade
* quote-scene fonts changed
* Venue hover fixes
* removed the Camera Tracking options toggle; confirmed no-one was using Lock To Centre, as we suspected
* Apply button no longer stays greyed when you pick the native resolution
* fixed active-item name overflow (e.g. ""Third Republic Passport \[INVALID]"")
* stopped some nonsense nonsensing in the Escape Menu
* crafting tree: prettier connector lines
* crafting HUD round 3: recipe preview/focus pane, clickable locked recipes, per-row level/venue marks, inline venue icons in messages, picker Clear button
* crafting: fixed possible loss of a crafted-but-uncollected item when saving while hovering the recipe tree
* fixed a crash on mouseless sessions,
* ""I bring you FIRE""
* Office of Onteiric Coordination +
* typo and copy fixes



## 2026.7.g.99 - ""STREET-CORNER THEOLOGY""

* If you went to Mimata and then started a new game, Spencer found himself back in Mimata after you opened and closed any HUD menu. I mean, everyone likes Mimata. But we fixed that.
* Also fixed stale skill-check results and footnote back-history leaking into a new game
= Crafting menu overhaul! some placeholder assets in there, but the flow is clearer and it's easier to explore the web
* fixed movement tutorials re-firing on re-entering Antibes after they were dismissed
* tutorials now count as seen when shown. You don't have to dismiss them before they go away.
* Added missing descriptions for recipes.
* sorting-order fixes for beach trees, Linou's caff, cacti and more

## 2026.7.g.89 - ""CRAVING SHADOWS""

* active-item slots now accept any item with skill modifiers, not just Tools. This has been half-complete for months - I finally pushed the button
* in related news, passports now have skill modifiers
* dropping an active item onto its own cubby unequips it, eligible active slots light up when an inventory drag begins, UI needs a little work
* the mouse cursor has never looked quite right when dragging an item. so now we hide it when dragging an item. cerebro galactico
* each career starts with a Tier D crafting item
* adopt requirement prefix shows the Aspect label rather than its id (1230c451f)
* wellGroomed / morningRites are now better-groomed
* *les veuves poisseuses*
* fixed the freeze on re-entering the sanitarium from Antibes — spawn point was inside the front door's collider
* Linux now ships Vulkan-first with GL Core as fallback - 0.5% of you will no longer see Antibes looking washed out. Thanks to J.C for helping track this one down
* fixed options dropdowns rendering blank in builds
* fixed various music glitches
* fixed the bug-report dialog overflowing the screen on ultrawide
* can't click through the merchant window now
* scene transitions now restore the pause state instead of forcing time back on
* trimmed some of the instrumentation out of logs
* usual round of copy and typo fixes

## 2026.7.g.65 - ""A FORCE ILLEGIBLE""

* lots of dialogue fixes across Antibes and the sanitarium
* Mark of Necessity and Eye of Authority now correctly consumed as fuel
* fixed being able to walk around while the merchant window was open, after closing the bug reporter
* horrible pause-leak bug
* can't click through credits and news windows
* fixed credits and news windows not rendering
* fixed the Sign Info panel being invisible. It's been invisible for MONTHS
* fixed the info window keeping the previous subject's advice line. Probably
* nicer music transition from the main menu

## 2026.7.g.42 - ""IT'S *AN* ANSWER""

* added instrumentation for a frankly bewildering gl-core Linux lighting bug. idk man, I'm just a writer, why did I think I could make video games
* fixed a dead end in the conversation with Strathcoyne about someone being naughty
* reworded a confused exchange about Zèlia being confused which was more confused than it was meant to be.
* oho this one was fun. Reporting a bug in-game then closing the bug dialogue unpaused the game, even if you were in the merchant window. Fixed.
* but keep an eye out for pause bugs, the logic here is fiendish
* easier to reach the door to outside in the sanitarium
* PC party block portrait displays correctly if you're wearing your old uniform
* venue footnote fix
* fixed the MERCHANT BUYS caption being covered by its own aspect icons
* fixed the opening quote screen restarting on repeated clicks.
* Also HOKOBALD APPEARED TWICE IN THE QUOTES ROTATION AND HAD REPLACED ILLOPOLY. IT'S ALWAYS BLOODY HOKO
* fixed an error when an NPC entered a cutaway zone with no player character present, which it turns out can happen occasionally after all

## 2026.7.g.32 - ""WINTER DOES NOT WAIT FOREVER""

* (hotfixed) music wasn't playing, some audio was missing

## 2026.7.g.27 - ""STOP IT ARISTIDE""

* if you spoke to Leopold or JB in the cafe instead of Aristide, Aristide pretended to be them. He won't now.
* refreshment limit at the antibes bar now counts every drink ordered (not just distinct drinks) and its stated number matches the actual cap
* fixed dead right-click ""read"" options on five package items
* inventory items now play their activation sound on Use/Refresh, not only Read
* packages are now resources (offering Use) rather than papers; letters are now papers
* fixed the crafting HUD opening with its skill/venue headers collapsed and piled on one spot on first open
* journal Circs headings no longer show ""KEY NOT FOUND""
* three footnote choices gave 0 Experiences - they don't now
* St Reparata no longer abandons you unexpectedly when you think about her trousseau
* added interaction points to Wounds so they can be reached/used more easily
* filled the empty Witch's Knot recipe description
* moved Cambray back to 1919 and removed a circular footnote link
* on ultrawide, the dialogue page and conversation camera now respect the 16:9 letterbox
* sped up diagonal walk/run cycles to reduce the moonwalk look, especially indoors
* cursor texture fix on Linux/macOS
* swapped the generic merchant header sprite
* Antibes layering fixes
* assorted typo fixes

## 2026.7.g.12 - ""RAINBOW GOATS""

* quick tweak to cursors to see if we can get them working properly on both Linux and OSX

## 2026.7.g.9 - ""BETWEEN TWO DARKS""

* soundtrack is now the final mastered version
* A little more about Zèlia
* item SFX loudness levelled (and controlled properly by SFX slider)
* ultrawide: 16:9 letterbox now applies on every scene (fixing, among other screens, that bloody chargen shift)
* dialogue response links restyled
* footnote links also restyled
* character generation polish
* transient dialogue exhibits for Nina
* Plan (journal) changes now actually surfaced. A lot of them weren't poppng SORRY
* crafting intro quests. PLANS they're called PLANS
* rumours now display trace counts correctly
* fixed glitchy-square cursor on macOS
* in-game UI cursor now shown on main menu / chargen
* Refreshments option's enabled-look now matches what clicking actually does
* news menu overlapping fix (we think)
* main menu scrolling star particle fix (we hope)

## 2026.7.f.92 - ""NIGHT TRAIN TO ANTIBES""

* BEWARE: saves from earlier than f.36 (the previous version) will no longer work!
* Tweaks to Spencer and Vincent animations, pathing, facing
* Punched up Nina business
* a black marketeer now sells a fake passport
* trimmed / tidied Andrée's dialogue
* Honneur et Humanité now only available after you introduce yourself to Janvier
* Sinombre conversation at night is now accessible
* tutorial zones in Antibes now disappear when triggered
* shuttered Antibes shops (Chez Felix, Librairie) now block movement when closed
* wall clock popup in sanitarium now works
* layering fixes in Antibes
* plaque text formatting tweaks in Antibes and the sanitarium
* Verdant venue now reachable
* shadow room-zone clamping fixes
* fixed a weird movement stop glitch
* Vincent relationship alerts no longer always show him in his orderly uniform
* Main Menu Options/Load sub-menus now close on Escape or by clicking outside
* new Low graphics quality tier (0.75 render scale, MSAA off)
* virgin default is now borderless fullscreen at native resolution
* fixed game alerts going dead for the rest of the session if a dialogue effect errored

## 2026.7.f.36 - ""LAST TRAIN OUT OF MILAN""

* \*\*IMPORTANT - NEXT WEEK'S BUILD (""NIGHT TRAIN TO ANTIBES"") WILL INVALIDATE ALL SAVES CREATED EARLIER THAN ""LAST TRAIN OUT OF MILAN""
* (honestly, if you've got an old save you should delete it anyway, it'll be full of nonsense)
* you could re-craft something by hitting CRAFT again once you'd COLLECTED. But you can't any more.
* fixed abandoned hold-to-activate button presses firing out of sheer excitement next time
* equipped items now say they're equipped so you don't think you've got a duplicate
* companion assistance tooltip shows negative modifiers as -N, not +-N. I mean there aren't any negative companion modifiers rn, but who knows what Corso will get up to?
* Inventory skill modifier totals correctly show skill + modifier, rather than implying a change to the base skill
* Nice little gradient on skill modifier totals to deal with the fact that all our skill names are mad long
* skill-bar number box autosizes to fit double digits and modifers; also modifiers size the font down a bit. Not interesting? look, try writing this stuff.
* can't start boarding the train, exit out of map, then find you've left the train. YOU GOTS TO STAY ON THE MAP UNTIL YOU GO
* redesigned one-shot text - the little one-off labels that you get when you click things and don't start a full convo
* many many ordering fixes to what Lottie and I call the 'Wall of Miserable Hell With That Fecking Flowers Painting On It, Fecking'
* Spencer no longer climbs trees with helium abandon
* Leon is now visibly DangerLeon, so new players don't innocently run up to him like kittens running up to a grumpy wolf
* Janvier's mirror interaction no longer enables infinite Compassion
* all nostalgia memories now depart, with use, like trains or sunsets
* La plaque de la Rue de Racine a désormais des mots

## 2026.7.f.26 - ""IN THE TRENCHES""

* fixed a nasty loop if you failed a skill check, tried the rescue, then hit Concede. In our Black Museum as 'pigiron-peony'
* fixed Aubiere's secret office never revealing itself properly
* Vincent no longer duplicates if you recruit him then go to bed. Yes literally that. And we had to rework the follower code.
* fixed Leon never learning your chosen name
* removed a loop from Leon chasing you;
* exorcist and writer now wear the correct outfits
* fixed screen staying permanently black after loading a save taken mid-fade;
* fixed camera staying locked at an interior zoom after leaving the church
* crafting: picker now shows requirement summary, opens above the slot row and auto-advances to the next empty slot
* crafted-but-uncollected items are now collected on scene transition instead of lost (ARGH)
* fixed St Oulio's Eve link (two spellings of Cambray)
* music: I spent way too much time fiddling with transitions
* Bessy's omelettes are no longer visible through walls
* crafting: reduced Tier C item requirements for Ithastry

## 2026.7.f.10 - ""ANTIBES BETA II""

* crafting hud improvements
* some more Sanitarium dialogue
* Mimata dialogue tweaks
* fade added to cover Vincent's modesty
* doors show a hover outline
* camera bounds/framing improvements
* toast alert tweaks
* added \[\[links]] to the sun-cross pectoral footnote
* fixed the alt route on venue intros
* tidied up the Options menu formatting
* better interaction point for the cicatrix in the square
* better treatment of camera bounds
* Your companion can now adopt mufti
* default no-companion HUD portrait now shows properly; Spenny's idle anim no longer stares out at you like a lost soul seeking instruction
* sanitarium sprite sort-order fixes; companion HUD portrait no longer semi-transparent
* HUD button row and conditions UI redesigned, fixed HUD buttons rendering invisible-but-clickable
* fixed ghost/stuck tooltips lingering over hidden or closed map panes, info windows and menus
* fixed the inventory item tooltip flicker
* skill-check result bars (FAILURE?/RESCUED SUCCESS!) no longer drift over unrelated dialogue text
* Country/Destination map panes now raise tooltips (but I still need to link lots of them)
* Fixed a bug where some usables were only available when clicked close up or far away
* Added a third telemetry option, LINK - gives us permission to linking bug report email addresses to pseudonymous analytics data, in case that's useful for support. Theoretical at the moment.
* crafting tutorial messages now populated - NB Crafting HUD is due a haircut still
* RANDOMNESS is no longer labelled CAMERA TRACKING in options

## 2026.7.e.51 - ANTIBES BETA

* the ending of the demo is now working properly! Travel as far as the beginning of \[REDACTED]. (My pre-release-censoring code got overzealous.)
* we now have an autosave!
* manual save limit raised to 99; also, the game actually tells you when the limit kicks in
* corrupt or unreadable saves politely decline instead of breaking when you try to load them
* Inventory screen shows skill modifier effects more clearly
* wardrobe grid ordering
* IT IS HAPPENING AGAIN - remember the 'workstations no longer miaow when opened' in *Book of Hours*? well, items will no longer miaow
when dragged to an active slot in *Travelling at Night*.
* cleaned up inventory/wardrobe screen
* you can now buy the Sheaf from Andrée after exiting to search your belongings
* fixed the occasional MASSIVE ITEM APPEARS glitch on inventory screen
* Vincent no longer shows mysteriously through his room shroud
* Vincent will no longer teleport gaily into the shrubbery (or will do so with less abandon, and be easier to rescue)
* assorted small bug fixes
* first-meeting conversations could be broken if you spoke to the NPC about something in their environment
* a bookcase in Antibes is easier to reach
* removed a leftover animation experiment in Aubiere's office
* the alarm clock now works properly
* fixed a bug where skills and passions pretended they needed an extra Experience to upgrade
* fixed a problem blocking purchase of some skills that started at level 0
* typo fixes



## 2026.7.e.24 - ANTIBES BETA

* Hammering F7 while a game was already loading would try to load several versions of the scene at once, which was quite funny but not very helpful. Fixed.

## 2026.7.e.21 - ANTIBES BETA

* HOTFIX: fast-forwarding through a dialogue line while scene changes will no longer crash the game.
* HOTFIX: Spencer's dressing gown has returned (serious issue! he can't sleep naked!!)
* Spencer now moves in eight not six directions, and you'll see him animated on the Wardrobe screen
* Added beta watermark, fixed typos
A couple of fixes to our analytics + consent code, which I'll explain cos transparency is super-important with this stuff.
* We were accidentally storing something that allowed us to connect (A) the opt-in analytics about story choices with (B) the bug reports... which means we could work out what story choices you@youremail.com had made... which is an ethical amber light unless we had a clear opt-in. Today's build fixes that, and I've deleted the first day's run of story choice data. You can now kick Khione or make Vincent travel alone in third class in secure pseudonymity.
* Meanwhile, there was a bug that silently reverted YES to NO in the consent form! so we didn't gather much data anyway. Better than reverting NO to YES, I guess.

## 2026.7.e.11 - ANTIBES BETA

* THE GAME IS BEST RUN IN 16:9 ASPECT RATIOS. It will look weird in other resolutions, especially widescreen ones.
* Reporting bugs: much easier to use F10 or REPORT A BUG in game, so we have screenshots and logs. Works for feedback too. But use support@weatherfactory.biz if you need to send something longer or want to send files manually.
* This is the opening act of the game - it runs until you leave Antibes.
* UI is getting a haircut shorly.

","## 2026.8.i.23 - ""咬在齿间的雪茄""

* 遗憾的是,不得不移除莱因哈特的《云》——结果发现它在欧盟和加拿大属于公有领域,但在美国不是:(
* 「Darktown Strutters' Ball」的莱因哈特版本也是如此,我们已用费利克斯之家的公有领域时代音乐替代
* 加载不兼容存档不再无限刷通知(3c037130e)
* 修复了夜间坏掉的门牌
* 修复了欧比办公室里坏掉的客椅
* 加强了「脱困!」脱身功能
* 为费利克斯之家的饮品添加了图标





## 2026.8.i.6 - ""但只此一次,长夜低语""

* 又一轮针对奇怪对话气泡卡死问题的修复(斯宾塞卡住)
* 选项菜单新增「脱困!」标签页:手动摆脱卡死位置,仅限紧急情况。斯宾塞总能脱身。
* 右键可关闭所有可见的弹出提示(有一条教程消息,你也可以随其他提示一起右键关闭)
* 行内提醒束在结束时播放一声提示音。
* 技艺预览提示框现在渲染在对话左侧。这可把洛蒂气得发狂
* 微调了文森特的反应
* 如果你没有接受泽莉亚的计谋,对话会对其更加守口如瓶
* 

## 2026.8.i.1 - ""有诗人检修教堂的钟""

* 水印已从「BETA」改为「DEMO」。别被这吓到——公开试玩版还没有真正上线。
* 界面音效!请务必让我们知道你喜欢什么——但请先给它几个小时适应。如果你已经在玩这个游戏,一开始它会显得很聒噪。
* 对话中,音乐与环境音会独立压低;应作曲家的要求,默认音乐音量调低了一些
* 打字机对话的自动滚动更顺滑了——请告诉我们你的体验
* 贝茜的煎蛋卷「世事」不再故弄玄虚,现在会自我解释了
* 重新措辞了文森特的对话,以明确表示他提出与你同行;修复了他脚注中的一条链接。
* 修复了若干脚注中的失效链接
* 没有选项的脚注不再显示为「未选择的抉择」(最终当所有脚注都有选项时,这一条便会成为废案)
* 对过长的脚注搜索行进行省略处理
* 远处地图目的地的旅行要求不再显示（占位）文本
* 给「抉择」的显示理了个发
* 物品栏技艺修正值的相关工作
* 昂蒂布图层错误修复
* 如果你完成了一项奥比埃计划,却没在完成另一项之前领取奖励,你可能会被锁在奖励之外——已修复
* 顶部 HUD 中的自动存档玫瑰指示器 + 自动存档消息更新
* 顶部 HUD 按钮的悬停标签
* 新的日记图标;修复日记关联尺寸
* 角色卡界面与物品栏格子使用更少的占位素材
* 为礼典添加了缺失的配方图标

## 2026.8.h.45 - ""幸福的神奇研究""

* 这是试玩版的 RC 构建。试玩版将于周一(10 日)发布,还有一周。
* 这意味着你们的测试版密钥将在周末失效。如果你接近结局并想打完它,现在就打——试玩版将使旧存档失效
* 修复了一个非常恶劣的错误:技艺预览检定会包含一次性物品的加成,但随后该一次性物品会在规则生效前被用掉
* 技艺检定预览的对齐也更好了
* 斯宾塞现在会一直走到目标点,而不是在它前面停下。(我们以前的目标图形要大得多。)
* 斯宾塞现在肯走更短的距离(「我已经很近了,还有必要移动吗」的阈值大约是以前的一半)
* 配方与日记的聚焦面板现在能正确显示链接
* 红底聚焦面板上的链接样式更易读
* 任何「揭示」物品,不只是「警醒之眼」,现在都能让你找到某扇隐藏的门
* 奥比埃*现在应该*处处都带着重音符号了。作为英语使用者,我老是忘记加
* 所有计划现在都有重要性了。我的意思是,它们现在被归类到某个重要性等级,但更简洁的说法更有趣。

## 2026.7.h.8 - ""六月的世纪""

* 斯宾塞有时能辨认出某种珍贵物质
* 教程守卫没有阻止前往错误目的地的旅行:已修复
* 角色创建:在技艺 +/− 按钮上按住 Shift/Ctrl 会更快
* 行内技艺检定结果条以及[成功][失败]文本上新增了悬停提示框
* 添加了极为谨慎的预防措施,防止玩家卡在对话过渡页中
* 游戏内错误报告窗口现在可以拖动
* 修复了更多音乐覆盖故障
* 文案与物品使用修复
* 利努对话中的要求前缀更清晰,总体上的关系要求前缀也更清晰
* 一些新的疗养院音效
* 例行的错别字清扫

## 2026.7.h.2 - ""印着金字塔的邮票""

* 日历对话修复
* 物品栏技艺条中的零技艺条目呈灰色,以表示你无法修改它们
* 你穿着睡袍时,斯特拉斯科因不会与你交谈;罗迪娅和欧比对此有话要说;而且你不能衣衫不整地出门上街
* 每次造访昂蒂布,每个人都可以洗一次澡
* 斯宾塞的衣柜可以点击了(衣柜区域仍然有效)
* 盗火术不再炼制启之回忆。我们本想让每种颠覆对应两项技艺……但启总是那个例外
* 更新了配方描述
* 新的加载屏提示
* 脚注修复
* 更多音效,调整了音乐
* 厨房场地高亮与贝茜的影子现在都会淡出
* 引文场景的字体已更换
* 场地悬停修复
* 移除了「镜头跟踪」选项开关;证实没有人使用「锁定中央」,正如我们所料
* 选择原生分辨率后,「应用」按钮不再保持灰色
* 修复了活跃物品名称溢出(例如「第三共和国护照[失效]」)的问题
* 解决了暂停菜单里的一些胡言乱语
* 炼制树:更漂亮的连接线
* 炼制 HUD 第三轮:配方预览/聚焦面板、可点击的锁定配方、每行等级/场地标记、消息中的行内场地图标、选择器「清除」按钮
* 炼制:修复了悬停配方树时保存可能导致已炼制但未领取的物品丢失的问题
* 修复了无鼠标会话中的崩溃
* 「我为你们带来火焰」
* 梦境协调局 +
* 错别字与文案修复



## 2026.7.g.99 - ""街角神学""

* 如果你去过米玛塔,然后开新游戏,打开再关闭任意 HUD 菜单后,斯宾塞会发现自己回到了米玛塔。我是说,人人都喜欢米玛塔。但我们修复了这一点。
* 还修复了过期的技艺检定结果与脚注历史泄漏进新游戏的问题
= 炼制菜单大改!里面还有一些占位素材,但流程更清晰,也更容易探索这张网
* 修复了移动教程被关闭后,再次进入昂蒂布时会重新触发的问题
* 教程一经显示便算已读。你不必先关闭它们,它们才会消失。
* 为配方添加了缺失的描述。
* 修复了海滩树、利努的咖啡馆、仙人掌等的排序问题

## 2026.7.g.89 - ""渴求阴影""

* 活跃物品槽位现在接受任何带技艺修正值的物品,而不只是工具。这个功能已经半成品了几个月——我终于按下了按钮
* 顺带一提,护照现在也有技艺修正值
* 将活跃物品拖回它自己的格子会将其卸下;物品栏拖动开始时,符合条件的活跃槽位会亮起;界面还需要一点打磨
* 拖动物品时,鼠标光标看起来从来都不太对劲。所以现在拖动物品时,我们把它隐藏了。银河大脑
* 每种职业都以一件 D 级炼制物品开局
* 收养要求前缀现在显示性相标签,而不是其 id(1230c451f)
* wellGroomed / morningRites 现在修饰得更好了
* *那些黏腻的寡妇们*
* 修复了从昂蒂布重新进入疗养院时的卡死——出生点位于前门碰撞体内部
* Linux 现在以 Vulkan 优先发布,以 GL Core 为后备——你们中 0.5% 的人将不再看到昂蒂布显得惨白。感谢 J.C 帮忙追踪这个问题
* 修复了构建版中选项下拉菜单渲染为空白的问题
* 修复了各种音乐故障
* 修复了超宽屏下错误报告对话框溢出屏幕的问题
* 现在无法透过商人窗口点击了
* 场景切换现在会恢复暂停状态,而不是强制恢复时间流动
* 从日志中删减了一些插桩
* 例行的文案与错别字修复

## 2026.7.g.65 - ""无法辨认的力量""

* 昂蒂布与疗养院的众多对话修复
* 「必然之印迹」与「权威之眼」现在会作为燃料被正确消耗
* 修复了关闭错误报告器后,商人窗口打开时仍能走动的问题
* 可怕的暂停状态泄漏错误
* 无法透过制作名单与新闻窗口点击
* 修复了制作名单与新闻窗口不渲染的问题
* 修复了「印记信息」面板不可见的问题。它已经隐形好几个月了
* 修复了信息窗口保留上一位对象建议行的问题。大概吧
* 主菜单的音乐过渡更悦耳了

## 2026.7.g.42 - ""这*姑且算*个答案""

* 为一个实在令人困惑的 gl-core Linux 光照错误添加了插桩。不知道啊老兄,我只是个写作者,为什么会觉得自己能做电子游戏
* 修复了与斯特拉斯科因关于某人捣蛋的对话中的一个死路
* 改写了一段关于泽莉亚困惑的混乱对话,它比原本应有的更混乱
* 哦,这个可好玩了。在游戏内报告错误,然后关闭错误对话框,会取消游戏的暂停,即使你在商人窗口里也一样。已修复
* 但要留意暂停相关的错误,这里的逻辑真是折磨人
* 疗养院里更容易到达通往外面的门
* 穿着旧制服时,玩家角色队伍头像显示正常
* 场地脚注修复
* 修复了「商人收购」字幕被自己的性相图标遮挡的问题
* 修复了重复点击时开场引文画面重新开始的问题
* 另外,霍科巴尔德在引文轮换中出现了两次,还取代了伊洛波利。永远是那个该死的霍科
* 修复了 NPC 进入没有玩家角色的插镜区域时出现的错误,事实证明这种情况偶尔还是会发生

## 2026.7.g.32 - ""冬日不会永远等待""

* (热修复)音乐无法播放,部分音频缺失

## 2026.7.g.27 - ""住手,阿里斯蒂德""

* 如果你在咖啡馆里与莱奥波德或 JB 交谈而不是阿里斯蒂德,阿里斯蒂德会假装成他们。他现在不会了。
* 昂蒂布酒吧的茶点上限现在会计算每一杯点过的饮品(不仅仅是不同种类的),其标注数字与实际上限一致
* 修复了五个包裹物品上失效的右键「阅读」选项
* 物品栏物品现在在「使用/刷新」时播放激活音,而不只是「阅读」时
* 包裹现在是资源(提供「使用」),而不是文件;信件现在是文件
* 修复了炼制 HUD 首次打开时技艺/场地标题折叠并堆叠在一处的问题
* 日记「世事」标题不再显示「找不到键」
* 三个脚注选项曾给出 0 点经验——现在不会了
* 圣雷帕拉塔不再在你想到她的嫁妆时突然离你而去
* 为「受创」添加了交互点,使其更容易被触达和使用
* 填补了「女巫结」配方空缺的描述
* 将康布雷移回 1919 年,并移除了一个循环脚注链接
* 超宽屏下,对话页与对话镜头现在遵循 16:9 信箱黑边
* 加快了斜向行走/奔跑循环,以减少月球漫步感,尤其是在室内
* Linux/macOS 上的光标纹理修复
* 更换了通用商人头部精灵
* 昂蒂布图层修复
* 各种错别字修复

## 2026.7.g.12 - ""彩虹山羊""

* 快速调整了光标,看看能否让它们在 Linux 和 OSX 上都正常工作

## 2026.7.g.9 - ""两片黑暗之间""

* 原声带现在是最终母带版本
* 关于泽莉亚的一点补充
* 物品音效响度已均衡(并由音效滑条正确控制)
* 超宽屏:16:9 信箱黑边现在适用于每个场景(顺便修复了其他界面中那个该死的角色创建偏移)
* 对话回复链接重新设计
* 脚注链接也重新设计
* 角色创建打磨
* 为尼娜添加了临时对话展示
* 计划(日记)变更现在真的会显示了。之前很多都没弹出来,抱歉
* 炼制入门任务。它们叫计划,计划
* 流言现在能正确显示痕迹数量
* 修复了 macOS 上方块乱闪的光标
* 游戏内 UI 光标现在显示在主菜单/角色创建中
* 「茶点」选项的启用外观现在与实际点击效果一致
* 新闻菜单重叠修复(我们觉得)
* 主菜单滚动星尘粒子修复(我们希望)

## 2026.7.f.92 - ""开往昂蒂布的夜车""

* 注意:早于 f.36(上一版本)的存档将不再可用!
* 调整了斯宾塞与文森特的动画、寻路与朝向
* 充实了尼娜的戏份
* 一个黑市商人现在出售假护照
* 删减/整理了安德烈的对话
* 「荣誉与人性」现在只有在你向让维耶自我介绍后才可用
* 西诺姆布尔在夜间的对话现在可以触发了
* 昂蒂布的教程区域现在会在触发后消失
* 打烊的昂蒂布店铺(费利克斯之家、书店)现在会在关门时阻挡通行
* 疗养院里的挂钟弹窗现在可用了
* 昂蒂布图层修复
* 昂蒂布与疗养院的铭牌文本格式调整
* 「葱茏」场地现在可以到达了
* 阴影房间区域钳制修复
* 修复了一个奇怪的移动停止故障
* 文森特的关系提示不再总是显示他穿着护工制服
* 主菜单的「选项/读取」子菜单现在会在按 Esc 或点击外部时关闭
* 新的「低」画质档位(0.75 渲染倍率,关闭 MSAA)
* 全新默认设置现在为原生分辨率下的无边框全屏
* 修复了对话效果出错后,游戏提醒在本局剩余时间内失效的问题

## 2026.7.f.36 - ""米兰的末班车""

* **重要——下周的构建(「开往昂蒂布的夜车」)将使早于「米兰的末班车」创建的所有存档失效**
* (老实说,如果你有旧存档,反正也该删掉,里面会充满乱七八糟的东西)
* 你曾经可以在「领取」之后再次点击「炼制」来重新炼制某物。但现在不行了。
* 修复了被放弃的长按激活按钮在下一次因一时激动而触发的问题
* 已装备的物品现在会注明已装备,免得你以为自己有一件重复的
* 同伴协助提示框将负面修正值显示为 -N,而不是 +-N。我是说,目前没有任何负面同伴修正值,但谁知道科尔索会搞出什么名堂呢?
* 物品栏的技艺修正值总计现在正确显示「技艺 + 修正值」,而不是暗示基础技艺发生了变化
* 技艺修正值总计上加了一点漂亮的渐变色,以应对我们所有技艺名称都长得离谱的事实
* 技艺条数字框会自动调整大小,以容纳两位数与修正值;修正值还会让字体缩小一点。不感兴趣?瞧,你来写写这些试试。
* 不能再在开始登车、退出地图之后,发现自己已经离开了火车。在出发之前,你必须待在地图上
* 重新设计了单行文本——点击物品且不开始完整对话时出现的小型一次性标签
* 对洛蒂和我称为「那堵挂着一幅该死花卉画的可悲地狱之墙,真该死」的东西做了许多许多排序修复
* 斯宾塞不再像灌了氦气似地放飞自我爬树
* 莱昂现在明摆着是「危险莱昂」,这样新玩家就不会天真地跑到他面前,像小猫扑向暴躁的狼
* 让维耶的镜子交互不再能无限获得「悲悯」
* 所有怀旧回忆在使用时都会离开,如同列车或落日
* 拉辛街的铭牌如今有了文字

## 2026.7.f.26 - ""在战壕中""

* 修复了一个恶劣的循环:如果你技艺检定失败、尝试救援、然后点击「认输」。在我们的黑色博物馆里,它被称为「生铁牡丹」
* 修复了奥比埃的密室从未正确显现的问题
* 文森特不再在你招募他后上床睡觉时出现重复。是的,字面意思。我们还不得不重做追随者代码。
* 修复了莱昂永远学不会你选择的名字的问题
* 移除了莱昂追逐你的一个循环;
* 驱魔师与作家现在穿着正确的行头
* 修复了读取在淡入淡出中途保存的存档后屏幕永久黑屏的问题;
* 修复了离开教堂后镜头停留在室内变焦的问题
* 炼制:选择器现在显示要求摘要,在槽位行上方打开,并自动前进到下一个空槽位
* 已炼制但未领取的物品现在会在场景切换时自动领取,而不是丢失(啊——)
* 修复了「圣欧利奥前夜」的链接(康布雷的两种拼写)
* 音乐:我花了太多时间折腾过渡
* 贝茜的煎蛋卷不再能透过墙壁看见
* 炼制:降低了盗火术的 C 级物品要求

## 2026.7.f.10 - ""昂蒂布测试版 II""

* 炼制 HUD 改进
* 更多疗养院对话
* 米玛塔对话调整
* 添加了淡出,以遮挡文森特的矜持
* 门现在显示悬停轮廓
* 镜头边界/构图改进
* 弹窗提醒调整
* 向「太阳十字胸饰」脚注添加了[[链接]]
* 修复了场地引言的备用路线
* 整理了选项菜单的格式
* 广场上那道瘢痕的交互点更好了
* 镜头边界的处理更好了
* 你的同伴现在可以换上便装
* 默认的无同伴 HUD 肖像现在显示正常;斯潘尼的待机动画不再像迷失的灵魂一样盯着你寻求指示
* 疗养院精灵排序修复;同伴 HUD 肖像不再半透明
* 重新设计了 HUD 按钮行与状态条件界面,修复了 HUD 按钮渲染为不可见但可点击的问题
* 修复了幽灵/卡住的提示框残留在隐藏或关闭的地图面板、信息窗口与菜单上的问题
* 修复了物品栏物品提示框闪烁
* 技艺检定结果条(「失败?/救场成功!」)不再漂移到无关的对话文本上
* 国家/目的地地图面板现在会弹出提示框(但我仍然需要给很多面板添加链接)
* 修复了某些可用物品只在近处或远处点击时才能使用的问题
* 添加了第三个遥测选项「LINK」——允许我们将错误报告邮箱地址与化名化分析数据关联,以防对客服有用。目前只是设想。
* 炼制教程消息已填充——注意:炼制 HUD 仍待修剪
* 「随机性」在选项中不再被标注为「镜头跟踪」

## 2026.7.e.51 - 昂蒂布测试版

* 试玩版的结局现在可以正常运作了!旅行到[已删节]的开头。(我的发售前审查代码过于热情了。)
* 我们现在有自动存档了!
* 手动存档上限提升至 99;而且,游戏现在真的会在上限生效时告诉你
* 损坏或无法读取的存档会礼貌地拒绝加载,而不是在尝试读取时崩溃
* 物品栏界面更清晰地显示技艺修正值效果
* 衣柜网格排序
* 这一幕又来了——还记得《司辰之书》里的「工作台打开时不再喵喵叫」吗?在《Travelling at Night》中,物品被拖到活跃槽位时也不再喵喵叫了。
* 清理了物品栏/衣柜界面
* 退出「翻找随身物品」后,你现在可以从安德烈那里买到《禾捆报》
* 修复了物品栏界面偶尔出现的「巨大物品闪现」故障
* 文森特不再神秘地透过房间的帷幕显现
* 文森特不再欢快地瞬移进灌木丛(或者会没那么放飞自我,也更容易被救出来)
* 各种小错误修复
* 如果你与 NPC 谈论他们环境中的某物,初见对话可能会出错
* 昂蒂布的一个书柜更容易够到了
* 移除了奥比埃办公室里遗留的动画实验
* 闹钟现在可以正常工作了
* 修复了技艺与激情假装需要额外一点经验才能升级的问题
* 修复了阻碍购买某些从 0 级开始的技艺的问题
* 错别字修复



## 2026.7.e.24 - 昂蒂布测试版

* 在游戏加载时狂按 F7,会尝试同时加载多个版本的场景,这相当有趣但没什么用。已修复。

## 2026.7.e.21 - 昂蒂布测试版

* 热修复:场景切换时快进对话行不再导致游戏崩溃。
* 热修复:斯宾塞的睡袍回来了(严重问题!他不能裸睡!!)
* 斯宾塞现在可以向八个方向而非六个方向移动,你会在衣柜界面看到他移动的动画
* 添加了测试版水印,修复了错别字
* 对我们的分析+同意代码做了一些修复,我要解释一下,因为在这类事情上透明度非常重要。
* 我们之前意外存储了某些数据,使我们能够将(A)关于剧情抉择的自愿分析数据与(B)错误报告关联起来……这意味着我们能推算出 you@youremail.com 作出了哪些剧情抉择……除非有明确的同意,否则这是道德上的黄灯警示。今天的构建修复了这个问题,而且我已经删除了第一天的剧情抉择数据。你现在可以在安全的化名之下踢掉喀俄涅,或让文森特独自乘坐三等车厢旅行。
* 与此同时,还有一个错误会悄悄把同意表单里的「是」改回「否」!所以我们无论如何也没收集到多少数据。总比把「否」改成「是」强,我猜。

## 2026.7.e.11 - 昂蒂布测试版

* 游戏在 16:9 宽高比下体验最佳。在其他分辨率下会显得奇怪,尤其是宽屏分辨率。
* 报告错误:使用 F10 或游戏内的「报告错误」要容易得多,这样我们就能拿到截图和日志。反馈也同样适用。但如果你需要发送更长的内容或手动发送文件,请使用 support@weatherfactory.biz。
* 这是游戏的开场幕——一直持续到你离开昂蒂布为止。
* 界面很快就要理个发了。
"
